00000000: 00 00 00 01 00 00 00 00 00 00 00 03 00 00 00 31  ...............1
00000010: 00 00 00 00 72 6f 63 6b 63 68 69 70 2c 72 6b 33  ....rockchip,rk3
00000020: 33 32 36 2d 72 33 36 73 2d 74 79 70 65 35 2d 6c  326-r36s-type5-l
00000030: 69 6e 75 78 00 72 6f 63 6b 63 68 69 70 2c 72 6b  inux.rockchip,rk
00000040: 33 33 32 36 00 00 00 00 00 00 00 03 00 00 00 04  3326............
00000050: 00 00 00 0b 00 00 00 01 00 00 00 03 00 00 00 04  ................
00000060: 00 00 00 1c 00 00 00 02 00 00 00 03 00 00 00 04  ................
00000070: 00 00 00 2b 00 00 00 02 00 00 00 03 00 00 00 11  ...+............
00000080: 00 00 00 37 52 33 36 53 20 43 6c 6f 6e 65 20 54  ...7R36S Clone T
00000090: 79 70 65 35 00 00 00 00 00 00 00 01 64 64 72 5f  ype5........ddr_
000000a0: 74 69 6d 69 6e 67 00 00 00 00 00 03 00 00 00 14  timing..........
000000b0: 00 00 00 00 72 6f 63 6b 63 68 69 70 2c 64 64 72  ....rockchip,ddr
000000c0: 2d 74 69 6d 69 6e 67 00 00 00 00 03 00 00 00 04  -timing.........
000000d0: 00 00 00 3d 00 00 00 00 00 00 00 03 00 00 00 04  ...=............
000000e0: 00 00 00 4c 00 00 00 15 00 00 00 03 00 00 00 04  ...L............
000000f0: 00 00 00 5b 00 00 00 0c 00 00 00 03 00 00 00 04  ...[............
00000100: 00 00 00 6a 00 00 00 0d 00 00 00 03 00 00 00 04  ...j............
00000110: 00 00 00 72 00 00 00 5d 00 00 00 03 00 00 00 04  ...r...]........
00000120: 00 00 00 7a 00 00 00 00 00 00 00 03 00 00 00 04  ...z............
00000130: 00 00 00 8a 00 00 00 00 00 00 00 03 00 00 00 04  ................
00000140: 00 00 00 99 00 00 00 00 00 00 00 03 00 00 00 04  ................
00000150: 00 00 00 a6 00 00 04 2a 00 00 00 03 00 00 00 04  .......*........
00000160: 00 00 00 b7 00 00 03 20 00 00 00 03 00 00 00 04  ....... ........
00000170: 00 00 00 c8 00 00 01 2c 00 00 00 03 00 00 00 04  .......,........
00000180: 00 00 00 da 00 00 01 2c 00 00 00 03 00 00 00 04  .......,........
00000190: 00 00 00 ec 00 00 02 71 00 00 00 03 00 00 00 04  .......q........
000001a0: 00 00 00 fe 00 00 01 90 00 00 00 03 00 00 00 04  ................
000001b0: 00 00 01 0f 00 00 00 64 00 00 00 03 00 00 00 04  .......d........
000001c0: 00 00 01 21 00 00 00 64 00 00 00 03 00 00 00 04  ...!...d........
000001d0: 00 00 01 37 00 00 00 01 00 00 00 03 00 00 00 04  ...7............
000001e0: 00 00 01 40 00 00 00 96 00 00 00 03 00 00 00 04  ...@............
000001f0: 00 00 01 49 00 00 00 15 00 00 00 03 00 00 00 04  ...I............
00000200: 00 00 01 59 00 00 00 12 00 00 00 03 00 00 00 04  ...Y............
00000210: 00 00 01 69 00 00 00 15 00 00 00 03 00 00 00 04  ...i............
00000220: 00 00 01 79 00 00 00 02 00 00 00 03 00 00 00 04  ...y............
00000230: 00 00 01 86 00 00 01 90 00 00 00 03 00 00 00 04  ................
00000240: 00 00 01 98 00 00 01 90 00 00 00 03 00 00 00 04  ................
00000250: 00 00 01 ae 00 00 00 28 00 00 00 03 00 00 00 04  .......(........
00000260: 00 00 01 b7 00 00 00 78 00 00 00 03 00 00 00 04  .......x........
00000270: 00 00 01 c0 00 00 00 15 00 00 00 03 00 00 00 04  ................
00000280: 00 00 01 d0 00 00 00 12 00 00 00 03 00 00 00 04  ................
00000290: 00 00 01 e0 00 00 00 15 00 00 00 03 00 00 00 04  ................
000002a0: 00 00 01 f0 00 00 00 02 00 00 00 03 00 00 00 04  ................
000002b0: 00 00 01 fd 00 00 02 9a 00 00 00 03 00 00 00 04  ................
000002c0: 00 00 02 15 00 00 00 28 00 00 00 03 00 00 00 04  .......(........
000002d0: 00 00 02 20 00 00 00 16 00 00 00 03 00 00 00 04  ... ............
000002e0: 00 00 02 32 00 00 00 13 00 00 00 03 00 00 00 04  ...2............
000002f0: 00 00 02 44 00 00 00 16 00 00 00 03 00 00 00 04  ...D............
00000300: 00 00 02 56 00 00 00 00 00 00 00 03 00 00 00 04  ...V............
00000310: 00 00 02 65 00 00 01 90 00 00 00 03 00 00 00 04  ...e............
00000320: 00 00 02 79 00 00 01 90 00 00 00 03 00 00 00 04  ...y............
00000330: 00 00 02 91 00 00 00 28 00 00 00 03 00 00 00 04  .......(........
00000340: 00 00 02 9c 00 00 00 f0 00 00 00 03 00 00 00 04  ................
00000350: 00 00 02 a7 00 00 00 16 00 00 00 03 00 00 00 04  ................
00000360: 00 00 02 b9 00 00 00 13 00 00 00 03 00 00 00 04  ................
00000370: 00 00 02 cb 00 00 00 16 00 00 00 03 00 00 00 04  ................
00000380: 00 00 02 dd 00 00 00 02 00 00 00 03 00 00 00 04  ................
00000390: 00 00 02 ec 00 00 03 20 00 00 00 03 00 00 00 04  ....... ........
000003a0: 00 00 03 00 00 00 03 20 00 00 00 03 00 00 00 04  ....... ........
000003b0: 00 00 03 18 00 00 00 3c 00 00 00 03 00 00 00 04  .......<........
000003c0: 00 00 03 23 00 00 00 28 00 00 00 03 00 00 00 04  ...#...(........
000003d0: 00 00 03 31 00 00 00 28 00 00 00 03 00 00 00 04  ...1...(........
000003e0: 00 00 03 3f 00 00 00 14 00 00 00 03 00 00 00 04  ...?............
000003f0: 00 00 03 51 00 00 00 06 00 00 00 03 00 00 00 04  ...Q............
00000400: 00 00 03 66 00 00 00 06 00 00 00 03 00 00 00 04  ...f............
00000410: 00 00 03 78 00 00 00 10 00 00 00 03 00 00 00 04  ...x............
00000420: 00 00 02 ee 00 00 02 9a 00 00 00 03 00 00 00 04  ................
00000430: 00 00 03 87 00 00 02 9a 00 00 00 03 00 00 00 04  ................
00000440: 00 00 03 1a 00 00 00 22 00 00 00 03 00 00 00 04  ......."........
00000450: 00 00 03 7e 00 00 00 f0 00 00 00 03 00 00 00 04  ...~............
00000460: 00 00 03 9d 00 00 00 16 00 00 00 03 00 00 00 04  ................
00000470: 00 00 03 ad 00 00 00 13 00 00 00 03 00 00 00 04  ................
00000480: 00 00 03 bd 00 00 00 16 00 00 00 03 00 00 00 04  ................
00000490: 00 00 03 cd 00 00 00 02 00 00 00 03 00 00 00 04  ................
000004a0: 00 00 03 da 00 00 00 06 00 00 00 03 00 00 00 04  ................
000004b0: 00 00 03 f0 00 00 00 07 00 00 00 03 00 00 00 04  ................
000004c0: 00 00 04 07 00 00 00 07 00 00 00 03 00 00 00 04  ................
000004d0: 00 00 04 1d 00 00 00 07 00 00 00 03 00 00 00 04  ................
000004e0: 00 00 04 33 00 00 00 07 00 00 00 03 00 00 00 04  ...3............
000004f0: 00 00 04 49 00 00 00 07 00 00 00 03 00 00 00 04  ...I............
00000500: 00 00 04 5f 00 00 00 07 00 00 00 03 00 00 00 04  ..._............
00000510: 00 00 04 76 00 00 00 06 00 00 00 03 00 00 00 04  ...v............
00000520: 00 00 04 8c 00 00 00 07 00 00 00 03 00 00 00 04  ................
00000530: 00 00 04 a2 00 00 00 07 00 00 00 03 00 00 00 04  ................
00000540: 00 00 04 b9 00 00 00 07 00 00 00 03 00 00 00 04  ................
00000550: 00 00 04 d0 00 00 00 07 00 00 00 03 00 00 00 04  ................
00000560: 00 00 04 e8 00 00 00 07 00 00 00 03 00 00 00 04  ................
00000570: 00 00 04 ff 00 00 00 07 00 00 00 03 00 00 00 04  ................
00000580: 00 00 05 17 00 00 00 07 00 00 00 03 00 00 00 04  ................
00000590: 00 00 05 30 00 00 00 07 00 00 00 03 00 00 00 04  ...0............
000005a0: 00 00 05 47 00 00 00 07 00 00 00 03 00 00 00 04  ...G............
000005b0: 00 00 05 5f 00 00 00 07 00 00 00 03 00 00 00 04  ..._............
000005c0: 00 00 05 77 00 00 00 07 00 00 00 03 00 00 00 04  ...w............
000005d0: 00 00 05 8f 00 00 00 07 00 00 00 03 00 00 00 04  ................
000005e0: 00 00 05 a7 00 00 00 07 00 00 00 03 00 00 00 04  ................
000005f0: 00 00 05 be 00 00 00 07 00 00 00 03 00 00 00 04  ................
00000600: 00 00 05 d6 00 00 00 07 00 00 00 03 00 00 00 04  ................
00000610: 00 00 05 ee 00 00 00 07 00 00 00 03 00 00 00 04  ................
00000620: 00 00 06 06 00 00 00 07 00 00 00 03 00 00 00 04  ................
00000630: 00 00 06 1e 00 00 00 07 00 00 00 03 00 00 00 04  ................
00000640: 00 00 06 37 00 00 00 06 00 00 00 03 00 00 00 04  ...7............
00000650: 00 00 06 4f 00 00 00 07 00 00 00 03 00 00 00 04  ...O............
00000660: 00 00 06 6b 00 00 00 06 00 00 00 03 00 00 00 04  ...k............
00000670: 00 00 06 83 00 00 00 07 00 00 00 03 00 00 00 04  ................
00000680: 00 00 06 9d 00 00 00 07 00 00 00 03 00 00 00 04  ................
00000690: 00 00 06 b0 00 00 00 07 00 00 00 03 00 00 00 04  ................
000006a0: 00 00 06 c3 00 00 00 08 00 00 00 03 00 00 00 04  ................
000006b0: 00 00 06 d6 00 00 00 08 00 00 00 03 00 00 00 04  ................
000006c0: 00 00 06 e9 00 00 00 09 00 00 00 03 00 00 00 04  ................
000006d0: 00 00 06 fc 00 00 00 08 00 00 00 03 00 00 00 04  ................
000006e0: 00 00 07 0f 00 00 00 08 00 00 00 03 00 00 00 04  ................
000006f0: 00 00 07 22 00 00 00 08 00 00 00 03 00 00 00 04  ..."............
00000700: 00 00 07 35 00 00 00 08 00 00 00 03 00 00 00 04  ...5............
00000710: 00 00 07 48 00 00 00 08 00 00 00 03 00 00 00 04  ...H............
00000720: 00 00 07 5b 00 00 00 09 00 00 00 03 00 00 00 04  ...[............
00000730: 00 00 07 6e 00 00 00 08 00 00 00 03 00 00 00 04  ...n............
00000740: 00 00 07 81 00 00 00 09 00 00 00 03 00 00 00 04  ................
00000750: 00 00 07 94 00 00 00 08 00 00 00 03 00 00 00 04  ................
00000760: 00 00 07 a7 00 00 00 09 00 00 00 03 00 00 00 04  ................
00000770: 00 00 07 ba 00 00 00 08 00 00 00 03 00 00 00 04  ................
00000780: 00 00 07 cd 00 00 00 08 00 00 00 03 00 00 00 04  ................
00000790: 00 00 07 e0 00 00 00 08 00 00 00 03 00 00 00 04  ................
000007a0: 00 00 07 f3 00 00 00 06 00 00 00 03 00 00 00 04  ................
000007b0: 00 00 08 07 00 00 00 09 00 00 00 03 00 00 00 04  ................
000007c0: 00 00 08 1c 00 00 00 09 00 00 00 03 00 00 00 04  ................
000007d0: 00 00 08 31 00 00 00 07 00 00 00 03 00 00 00 04  ...1............
000007e0: 00 00 08 44 00 00 00 06 00 00 00 03 00 00 00 04  ...D............
000007f0: 00 00 08 57 00 00 00 08 00 00 00 03 00 00 00 04  ...W............
00000800: 00 00 08 6a 00 00 00 07 00 00 00 03 00 00 00 04  ...j............
00000810: 00 00 08 7d 00 00 00 09 00 00 00 03 00 00 00 04  ...}............
00000820: 00 00 08 90 00 00 00 07 00 00 00 03 00 00 00 04  ................
00000830: 00 00 08 a3 00 00 00 08 00 00 00 03 00 00 00 04  ................
00000840: 00 00 08 b7 00 00 00 08 00 00 00 03 00 00 00 04  ................
00000850: 00 00 08 cb 00 00 00 08 00 00 00 03 00 00 00 04  ................
00000860: 00 00 08 df 00 00 00 07 00 00 00 03 00 00 00 04  ................
00000870: 00 00 08 f3 00 00 00 08 00 00 00 03 00 00 00 04  ................
00000880: 00 00 09 07 00 00 00 08 00 00 00 03 00 00 00 04  ................
00000890: 00 00 09 1b 00 00 00 09 00 00 00 03 00 00 00 04  ................
000008a0: 00 00 09 2f 00 00 00 07 00 00 00 03 00 00 00 04  .../............
000008b0: 00 00 09 43 00 00 00 09 00 00 00 03 00 00 00 04  ...C............
000008c0: 00 00 09 57 00 00 00 08 00 00 00 03 00 00 00 04  ...W............
000008d0: 00 00 09 6b 00 00 00 09 00 00 00 03 00 00 00 04  ...k............
000008e0: 00 00 09 7f 00 00 00 07 00 00 00 03 00 00 00 04  ................
000008f0: 00 00 09 93 00 00 00 07 00 00 00 03 00 00 00 04  ................
00000900: 00 00 09 a7 00 00 00 09 00 00 00 03 00 00 00 04  ................
00000910: 00 00 09 bc 00 00 00 09 00 00 00 03 00 00 00 04  ................
00000920: 00 00 09 d1 00 00 00 07 00 00 00 03 00 00 00 04  ................
00000930: 00 00 09 e4 00 00 00 07 00 00 00 03 00 00 00 04  ................
00000940: 00 00 09 f7 00 00 00 09 00 00 00 03 00 00 00 04  ................
00000950: 00 00 0a 0b 00 00 00 09 00 00 00 03 00 00 00 04  ................
00000960: 00 00 0a 1f 00 00 00 07 00 00 00 03 00 00 00 04  ................
00000970: 00 00 0a 33 00 00 00 09 00 00 00 03 00 00 00 04  ...3............
00000980: 00 00 0a 47 00 00 00 07 00 00 00 03 00 00 00 04  ...G............
00000990: 00 00 0a 5b 00 00 00 08 00 00 00 03 00 00 00 04  ...[............
000009a0: 00 00 0a 6f 00 00 00 07 00 00 00 03 00 00 00 04  ...o............
000009b0: 00 00 0a 83 00 00 00 09 00 00 00 03 00 00 00 04  ................
000009c0: 00 00 0a 97 00 00 00 09 00 00 00 03 00 00 00 04  ................
000009d0: 00 00 0a ab 00 00 00 09 00 00 00 03 00 00 00 04  ................
000009e0: 00 00 0a bf 00 00 00 09 00 00 00 03 00 00 00 04  ................
000009f0: 00 00 0a d3 00 00 00 09 00 00 00 03 00 00 00 04  ................
00000a00: 00 00 0a e7 00 00 00 08 00 00 00 03 00 00 00 04  ................
00000a10: 00 00 0a fb 00 00 00 09 00 00 00 03 00 00 00 04  ................
00000a20: 00 00 0b 0f 00 00 00 08 00 00 00 03 00 00 00 04  ................
00000a30: 00 00 0b 23 00 00 00 09 00 00 00 03 00 00 00 04  ...#............
00000a40: 00 00 0b 37 00 00 00 06 00 00 00 03 00 00 00 04  ...7............
00000a50: 00 00 0b 4b 00 00 00 09 00 00 00 03 00 00 00 04  ...K............
00000a60: 00 00 0b 60 00 00 00 09 00 00 00 03 00 00 00 04  ...`............
00000a70: 00 00 0b 75 00 00 00 07 00 00 00 03 00 00 00 04  ...u............
00000a80: 00 00 0b 88 00 00 00 07 00 00 00 03 00 00 00 04  ................
00000a90: 00 00 0b 9b 00 00 00 08 00 00 00 03 00 00 00 04  ................
00000aa0: 00 00 0b af 00 00 00 08 00 00 00 03 00 00 00 04  ................
00000ab0: 00 00 0b c3 00 00 00 09 00 00 00 03 00 00 00 04  ................
00000ac0: 00 00 0b d7 00 00 00 09 00 00 00 03 00 00 00 04  ................
00000ad0: 00 00 0b eb 00 00 00 09 00 00 00 03 00 00 00 04  ................
00000ae0: 00 00 0b ff 00 00 00 08 00 00 00 03 00 00 00 04  ................
00000af0: 00 00 0c 13 00 00 00 09 00 00 00 03 00 00 00 04  ................
00000b00: 00 00 0c 27 00 00 00 08 00 00 00 03 00 00 00 04  ...'............
00000b10: 00 00 0c 3b 00 00 00 09 00 00 00 03 00 00 00 04  ...;............
00000b20: 00 00 0c 4f 00 00 00 09 00 00 00 03 00 00 00 04  ...O............
00000b30: 00 00 0c 63 00 00 00 09 00 00 00 03 00 00 00 04  ...c............
00000b40: 00 00 0c 77 00 00 00 09 00 00 00 03 00 00 00 04  ...w............
00000b50: 00 00 0c 8b 00 00 00 08 00 00 00 03 00 00 00 04  ................
00000b60: 00 00 0c 9f 00 00 00 08 00 00 00 03 00 00 00 04  ................
00000b70: 00 00 0c b3 00 00 00 08 00 00 00 03 00 00 00 04  ................
00000b80: 00 00 0c c7 00 00 00 08 00 00 00 03 00 00 00 04  ................
00000b90: 00 00 0c db 00 00 00 07 00 00 00 03 00 00 00 04  ................
00000ba0: 00 00 0c ef 00 00 00 09 00 00 00 03 00 00 00 04  ................
00000bb0: 00 00 0d 04 00 00 00 09 00 00 00 03 00 00 00 04  ................
00000bc0: 00 00 0d 19 00 00 00 07 00 00 00 03 00 00 00 04  ................
00000bd0: 00 00 0d 2c 00 00 00 07 00 00 00 03 00 00 00 04  ...,............
00000be0: 00 00 0d 3f 00 00 00 08 00 00 00 03 00 00 00 04  ...?............
00000bf0: 00 00 0d 52 00 00 00 08 00 00 00 03 00 00 00 04  ...R............
00000c00: 00 00 0d 65 00 00 00 09 00 00 00 03 00 00 00 04  ...e............
00000c10: 00 00 0d 78 00 00 00 08 00 00 00 03 00 00 00 04  ...x............
00000c20: 00 00 0d 8b 00 00 00 08 00 00 00 03 00 00 00 04  ................
00000c30: 00 00 0d 9e 00 00 00 08 00 00 00 03 00 00 00 04  ................
00000c40: 00 00 0d b1 00 00 00 08 00 00 00 03 00 00 00 04  ................
00000c50: 00 00 0d c4 00 00 00 08 00 00 00 03 00 00 00 04  ................
00000c60: 00 00 0d d7 00 00 00 08 00 00 00 03 00 00 00 04  ................
00000c70: 00 00 0d ea 00 00 00 08 00 00 00 03 00 00 00 04  ................
00000c80: 00 00 0d fd 00 00 00 09 00 00 00 03 00 00 00 04  ................
00000c90: 00 00 0e 10 00 00 00 08 00 00 00 03 00 00 00 04  ................
00000ca0: 00 00 0e 23 00 00 00 09 00 00 00 03 00 00 00 04  ...#............
00000cb0: 00 00 0e 36 00 00 00 08 00 00 00 03 00 00 00 04  ...6............
00000cc0: 00 00 0e 49 00 00 00 08 00 00 00 03 00 00 00 04  ...I............
00000cd0: 00 00 0e 5c 00 00 00 08 00 00 00 03 00 00 00 04  ...\............
00000ce0: 00 00 0e 6f 00 00 00 06 00 00 00 03 00 00 00 04  ...o............
00000cf0: 00 00 0e 83 00 00 00 09 00 00 00 03 00 00 00 04  ................
00000d00: 00 00 0e 98 00 00 00 09 00 00 00 03 00 00 00 04  ................
00000d10: 00 00 0e ad 00 00 00 07 00 00 00 03 00 00 00 04  ................
00000d20: 00 00 0e c0 00 00 00 07 00 00 00 03 00 00 00 04  ................
00000d30: 00 00 0e d3 00 00 00 08 00 00 00 03 00 00 00 04  ................
00000d40: 00 00 0e e6 00 00 00 08 00 00 00 03 00 00 00 04  ................
00000d50: 00 00 0e f9 00 00 00 08 00 00 00 03 00 00 00 04  ................
00000d60: 00 00 0f 0c 00 00 00 07 00 00 00 03 00 00 00 04  ................
00000d70: 00 00 0f 1f 00 00 00 07 00 00 00 03 00 00 00 04  ................
00000d80: 00 00 0f 33 00 00 00 08 00 00 00 03 00 00 00 04  ...3............
00000d90: 00 00 0f 47 00 00 00 08 00 00 00 03 00 00 00 04  ...G............
00000da0: 00 00 0f 5b 00 00 00 08 00 00 00 03 00 00 00 04  ...[............
00000db0: 00 00 0f 6f 00 00 00 08 00 00 00 03 00 00 00 04  ...o............
00000dc0: 00 00 0f 83 00 00 00 07 00 00 00 03 00 00 00 04  ................
00000dd0: 00 00 0f 97 00 00 00 08 00 00 00 03 00 00 00 04  ................
00000de0: 00 00 0f ab 00 00 00 08 00 00 00 03 00 00 00 04  ................
00000df0: 00 00 0f bf 00 00 00 08 00 00 00 03 00 00 00 04  ................
00000e00: 00 00 0f d3 00 00 00 08 00 00 00 03 00 00 00 04  ................
00000e10: 00 00 0f e7 00 00 00 08 00 00 00 03 00 00 00 04  ................
00000e20: 00 00 0f fb 00 00 00 07 00 00 00 03 00 00 00 04  ................
00000e30: 00 00 10 0f 00 00 00 07 00 00 00 03 00 00 00 04  ................
00000e40: 00 00 10 23 00 00 00 09 00 00 00 03 00 00 00 04  ...#............
00000e50: 00 00 10 38 00 00 00 09 00 00 00 03 00 00 00 04  ...8............
00000e60: 00 00 10 4d 00 00 00 07 00 00 00 03 00 00 00 04  ...M............
00000e70: 00 00 10 60 00 00 00 08 00 00 00 03 00 00 00 04  ...`............
00000e80: 00 00 10 73 00 00 00 08 00 00 00 03 00 00 00 04  ...s............
00000e90: 00 00 10 87 00 00 00 09 00 00 00 03 00 00 00 04  ................
00000ea0: 00 00 10 9b 00 00 00 08 00 00 00 03 00 00 00 04  ................
00000eb0: 00 00 10 af 00 00 00 09 00 00 00 03 00 00 00 04  ................
00000ec0: 00 00 10 c3 00 00 00 07 00 00 00 03 00 00 00 04  ................
00000ed0: 00 00 10 d7 00 00 00 08 00 00 00 03 00 00 00 04  ................
00000ee0: 00 00 10 eb 00 00 00 08 00 00 00 03 00 00 00 04  ................
00000ef0: 00 00 10 ff 00 00 00 09 00 00 00 03 00 00 00 04  ................
00000f00: 00 00 11 13 00 00 00 09 00 00 00 03 00 00 00 04  ................
00000f10: 00 00 11 27 00 00 00 09 00 00 00 03 00 00 00 04  ...'............
00000f20: 00 00 11 3b 00 00 00 09 00 00 00 03 00 00 00 04  ...;............
00000f30: 00 00 11 4f 00 00 00 09 00 00 00 03 00 00 00 04  ...O............
00000f40: 00 00 11 63 00 00 00 08 00 00 00 03 00 00 00 04  ...c............
00000f50: 00 00 11 77 00 00 00 09 00 00 00 03 00 00 00 04  ...w............
00000f60: 00 00 11 8b 00 00 00 08 00 00 00 03 00 00 00 04  ................
00000f70: 00 00 11 9f 00 00 00 09 00 00 00 03 00 00 00 04  ................
00000f80: 00 00 11 b3 00 00 00 06 00 00 00 03 00 00 00 04  ................
00000f90: 00 00 11 c7 00 00 00 09 00 00 00 03 00 00 00 04  ................
00000fa0: 00 00 11 dc 00 00 00 09 00 00 00 03 00 00 00 04  ................
00000fb0: 00 00 11 f1 00 00 00 07 00 00 00 03 00 00 00 04  ................
00000fc0: 00 00 12 04 00 00 00 07 00 00 00 03 00 00 00 04  ................
00000fd0: 00 00 12 17 00 00 00 08 00 00 00 03 00 00 00 04  ................
00000fe0: 00 00 12 2b 00 00 00 09 00 00 00 03 00 00 00 04  ...+............
00000ff0: 00 00 12 3f 00 00 00 09 00 00 00 03 00 00 00 04  ...?............
00001000: 00 00 12 53 00 00 00 09 00 00 00 03 00 00 00 04  ...S............
00001010: 00 00 12 67 00 00 00 09 00 00 00 03 00 00 00 04  ...g............
00001020: 00 00 12 7b 00 00 00 08 00 00 00 03 00 00 00 04  ...{............
00001030: 00 00 12 8f 00 00 00 08 00 00 00 03 00 00 00 04  ................
00001040: 00 00 12 a3 00 00 00 08 00 00 00 03 00 00 00 04  ................
00001050: 00 00 12 b7 00 00 00 09 00 00 00 03 00 00 00 04  ................
00001060: 00 00 12 cb 00 00 00 09 00 00 00 03 00 00 00 04  ................
00001070: 00 00 12 df 00 00 00 09 00 00 00 03 00 00 00 04  ................
00001080: 00 00 12 f3 00 00 00 09 00 00 00 03 00 00 00 04  ................
00001090: 00 00 13 07 00 00 00 09 00 00 00 03 00 00 00 04  ................
000010a0: 00 00 13 1b 00 00 00 08 00 00 00 03 00 00 00 04  ................
000010b0: 00 00 13 2f 00 00 00 08 00 00 00 03 00 00 00 04  .../............
000010c0: 00 00 13 43 00 00 00 08 00 00 00 03 00 00 00 04  ...C............
000010d0: 00 00 13 57 00 00 00 07 00 00 00 03 00 00 00 04  ...W............
000010e0: 00 00 13 6b 00 00 00 09 00 00 00 03 00 00 00 04  ...k............
000010f0: 00 00 13 80 00 00 00 09 00 00 00 03 00 00 00 04  ................
00001100: 00 00 13 95 00 00 00 af 00 00 00 02 00 00 00 01  ................
00001110: 61 6c 69 61 73 65 73 00 00 00 00 03 00 00 00 13  aliases.........
00001120: 00 00 13 9d 2f 65 74 68 65 72 6e 65 74 40 66 66  ..../ethernet@ff
00001130: 33 36 30 30 30 30 00 00 00 00 00 03 00 00 00 0e  360000..........
00001140: 00 00 13 a7 2f 69 32 63 40 66 66 31 38 30 30 30  ..../i2c@ff18000
00001150: 30 00 00 00 00 00 00 03 00 00 00 0e 00 00 13 ac  0...............
00001160: 2f 69 32 63 40 66 66 31 39 30 30 30 30 00 00 00  /i2c@ff190000...
00001170: 00 00 00 03 00 00 00 0e 00 00 13 b1 2f 69 32 63  ............/i2c
00001180: 40 66 66 31 61 30 30 30 30 00 00 00 00 00 00 03  @ff1a0000.......
00001190: 00 00 00 0e 00 00 13 b6 2f 69 32 63 40 66 66 31  ......../i2c@ff1
000011a0: 62 30 30 30 30 00 00 00 00 00 00 03 00 00 00 11  b0000...........
000011b0: 00 00 13 bb 2f 73 65 72 69 61 6c 40 66 66 30 33  ..../serial@ff03
000011c0: 30 30 30 30 00 00 00 00 00 00 00 03 00 00 00 11  0000............
000011d0: 00 00 13 c3 2f 73 65 72 69 61 6c 40 66 66 31 35  ..../serial@ff15
000011e0: 38 30 30 30 00 00 00 00 00 00 00 03 00 00 00 11  8000............
000011f0: 00 00 13 cb 2f 73 65 72 69 61 6c 40 66 66 31 36  ..../serial@ff16
00001200: 30 30 30 30 00 00 00 00 00 00 00 03 00 00 00 11  0000............
00001210: 00 00 13 d3 2f 73 65 72 69 61 6c 40 66 66 31 36  ..../serial@ff16
00001220: 38 30 30 30 00 00 00 00 00 00 00 03 00 00 00 11  8000............
00001230: 00 00 13 db 2f 73 65 72 69 61 6c 40 66 66 31 37  ..../serial@ff17
00001240: 30 30 30 30 00 00 00 00 00 00 00 03 00 00 00 11  0000............
00001250: 00 00 13 e3 2f 73 65 72 69 61 6c 40 66 66 31 37  ..../serial@ff17
00001260: 38 30 30 30 00 00 00 00 00 00 00 03 00 00 00 0e  8000............
00001270: 00 00 13 eb 2f 73 70 69 40 66 66 31 64 30 30 30  ..../spi@ff1d000
00001280: 30 00 00 00 00 00 00 03 00 00 00 0e 00 00 13 f0  0...............
00001290: 2f 73 70 69 40 66 66 31 64 38 30 30 30 00 00 00  /spi@ff1d8000...
000012a0: 00 00 00 02 00 00 00 01 63 70 75 73 00 00 00 00  ........cpus....
000012b0: 00 00 00 03 00 00 00 04 00 00 00 1c 00 00 00 02  ................
000012c0: 00 00 00 03 00 00 00 04 00 00 00 2b 00 00 00 00  ...........+....
000012d0: 00 00 00 01 63 70 75 40 30 00 00 00 00 00 00 03  ....cpu@0.......
000012e0: 00 00 00 04 00 00 13 f5 63 70 75 00 00 00 00 03  ........cpu.....
000012f0: 00 00 00 19 00 00 00 00 61 72 6d 2c 63 6f 72 74  ........arm,cort
00001300: 65 78 2d 61 33 35 00 61 72 6d 2c 61 72 6d 76 38  ex-a35.arm,armv8
00001310: 00 00 00 00 00 00 00 03 00 00 00 08 00 00 14 01  ................
00001320: 00 00 00 00 00 00 00 00 00 00 00 03 00 00 00 05  ................
00001330: 00 00 14 05 70 73 63 69 00 00 00 00 00 00 00 03  ....psci........
00001340: 00 00 00 08 00 00 14 13 00 00 00 02 00 00 00 07  ................
00001350: 00 00 00 03 00 00 00 04 00 00 14 1a 00 00 00 02  ................
00001360: 00 00 00 03 00 00 00 04 00 00 14 29 00 00 00 5a  ...........)...Z
00001370: 00 00 00 03 00 00 00 04 00 00 14 43 00 00 00 03  ...........C....
00001380: 00 00 00 03 00 00 00 08 00 00 14 57 00 00 00 04  ...........W....
00001390: 00 00 00 05 00 00 00 03 00 00 00 04 00 00 14 67  ...............g
000013a0: 00 00 00 06 00 00 00 03 00 00 00 04 00 00 13 95  ................
000013b0: 00 00 00 09 00 00 00 02 00 00 00 01 63 70 75 40  ............cpu@
000013c0: 31 00 00 00 00 00 00 03 00 00 00 04 00 00 13 f5  1...............
000013d0: 63 70 75 00 00 00 00 03 00 00 00 19 00 00 00 00  cpu.............
000013e0: 61 72 6d 2c 63 6f 72 74 65 78 2d 61 33 35 00 61  arm,cortex-a35.a
000013f0: 72 6d 2c 61 72 6d 76 38 00 00 00 00 00 00 00 03  rm,armv8........
00001400: 00 00 00 08 00 00 14 01 00 00 00 00 00 00 00 01  ................
00001410: 00 00 00 03 00 00 00 05 00 00 14 05 70 73 63 69  ............psci
00001420: 00 00 00 00 00 00 00 03 00 00 00 04 00 00 14 43  ...............C
00001430: 00 00 00 03 00 00 00 03 00 00 00 08 00 00 14 57  ...............W
00001440: 00 00 00 04 00 00 00 05 00 00 00 03 00 00 00 04  ................
00001450: 00 00 13 95 00 00 00 0a 00 00 00 02 00 00 00 01  ................
00001460: 63 70 75 40 32 00 00 00 00 00 00 03 00 00 00 04  cpu@2...........
00001470: 00 00 13 f5 63 70 75 00 00 00 00 03 00 00 00 19  ....cpu.........
00001480: 00 00 00 00 61 72 6d 2c 63 6f 72 74 65 78 2d 61  ....arm,cortex-a
00001490: 33 35 00 61 72 6d 2c 61 72 6d 76 38 00 00 00 00  35.arm,armv8....
000014a0: 00 00 00 03 00 00 00 08 00 00 14 01 00 00 00 00  ................
000014b0: 00 00 00 02 00 00 00 03 00 00 00 05 00 00 14 05  ................
000014c0: 70 73 63 69 00 00 00 00 00 00 00 03 00 00 00 04  psci............
000014d0: 00 00 14 43 00 00 00 03 00 00 00 03 00 00 00 08  ...C............
000014e0: 00 00 14 57 00 00 00 04 00 00 00 05 00 00 00 03  ...W............
000014f0: 00 00 00 04 00 00 13 95 00 00 00 0b 00 00 00 02  ................
00001500: 00 00 00 01 63 70 75 40 33 00 00 00 00 00 00 03  ....cpu@3.......
00001510: 00 00 00 04 00 00 13 f5 63 70 75 00 00 00 00 03  ........cpu.....
00001520: 00 00 00 19 00 00 00 00 61 72 6d 2c 63 6f 72 74  ........arm,cort
00001530: 65 78 2d 61 33 35 00 61 72 6d 2c 61 72 6d 76 38  ex-a35.arm,armv8
00001540: 00 00 00 00 00 00 00 03 00 00 00 08 00 00 14 01  ................
00001550: 00 00 00 00 00 00 00 03 00 00 00 03 00 00 00 05  ................
00001560: 00 00 14 05 70 73 63 69 00 00 00 00 00 00 00 03  ....psci........
00001570: 00 00 00 04 00 00 14 43 00 00 00 03 00 00 00 03  .......C........
00001580: 00 00 00 08 00 00 14 57 00 00 00 04 00 00 00 05  .......W........
00001590: 00 00 00 03 00 00 00 04 00 00 13 95 00 00 00 0c  ................
000015a0: 00 00 00 02 00 00 00 01 69 64 6c 65 2d 73 74 61  ........idle-sta
000015b0: 74 65 73 00 00 00 00 03 00 00 00 05 00 00 14 72  tes............r
000015c0: 70 73 63 69 00 00 00 00 00 00 00 01 63 70 75 2d  psci........cpu-
000015d0: 73 6c 65 65 70 00 00 00 00 00 00 03 00 00 00 0f  sleep...........
000015e0: 00 00 00 00 61 72 6d 2c 69 64 6c 65 2d 73 74 61  ....arm,idle-sta
000015f0: 74 65 00 00 00 00 00 03 00 00 00 00 00 00 14 7f  te..............
00001600: 00 00 00 03 00 00 00 04 00 00 14 90 00 01 00 00  ................
00001610: 00 00 00 03 00 00 00 04 00 00 14 a7 00 00 00 78  ...............x
00001620: 00 00 00 03 00 00 00 04 00 00 14 b8 00 00 00 fa  ................
00001630: 00 00 00 03 00 00 00 04 00 00 14 c8 00 00 03 84  ................
00001640: 00 00 00 03 00 00 00 04 00 00 13 95 00 00 00 04  ................
00001650: 00 00 00 02 00 00 00 01 63 6c 75 73 74 65 72 2d  ........cluster-
00001660: 73 6c 65 65 70 00 00 00 00 00 00 03 00 00 00 0f  sleep...........
00001670: 00 00 00 00 61 72 6d 2c 69 64 6c 65 2d 73 74 61  ....arm,idle-sta
00001680: 74 65 00 00 00 00 00 03 00 00 00 00 00 00 14 7f  te..............
00001690: 00 00 00 03 00 00 00 04 00 00 14 90 01 01 00 00  ................
000016a0: 00 00 00 03 00 00 00 04 00 00 14 a7 00 00 01 90  ................
000016b0: 00 00 00 03 00 00 00 04 00 00 14 b8 00 00 01 f4  ................
000016c0: 00 00 00 03 00 00 00 04 00 00 14 c8 00 00 07 d0  ................
000016d0: 00 00 00 03 00 00 00 04 00 00 13 95 00 00 00 05  ................
000016e0: 00 00 00 02 00 00 00 02 00 00 00 02 00 00 00 01  ................
000016f0: 63 70 75 30 2d 6f 70 70 2d 74 61 62 6c 65 00 00  cpu0-opp-table..
00001700: 00 00 00 03 00 00 00 14 00 00 00 00 6f 70 65 72  ............oper
00001710: 61 74 69 6e 67 2d 70 6f 69 6e 74 73 2d 76 32 00  ating-points-v2.
00001720: 00 00 00 03 00 00 00 00 00 00 14 d9 00 00 00 03  ................
00001730: 00 00 00 04 00 00 14 e4 00 00 13 88 00 00 00 03  ................
00001740: 00 00 00 04 00 00 14 fd 00 00 00 00 00 00 00 03  ................
00001750: 00 00 00 04 00 00 15 0f 00 0f 42 40 00 00 00 03  ..........B@....
00001760: 00 00 00 0c 00 00 15 2a 00 00 00 00 00 00 05 e8  .......*........
00001770: 00 00 c3 50 00 00 00 03 00 00 00 08 00 00 14 13  ...P............
00001780: 00 00 00 02 00 00 00 01 00 00 00 03 00 00 00 04  ................
00001790: 00 00 15 48 00 00 00 04 00 00 00 03 00 00 00 04  ...H............
000017a0: 00 00 15 5b 00 15 5c c0 00 00 00 03 00 00 00 04  ...[..\.........
000017b0: 00 00 15 6d 00 00 61 a8 00 00 00 03 00 00 00 08  ...m..a.........
000017c0: 00 00 15 81 00 00 00 07 00 00 00 08 00 00 00 03  ................
000017d0: 00 00 00 18 00 00 15 8d 63 70 75 5f 6c 65 61 6b  ........cpu_leak
000017e0: 61 67 65 00 70 65 72 66 6f 72 6d 61 6e 63 65 00  age.performance.
000017f0: 00 00 00 03 00 00 00 10 00 00 15 9e 00 00 00 00  ................
00001800: 00 00 00 0d 00 00 00 01 00 00 00 0d 00 00 00 03  ................
00001810: 00 00 00 30 00 00 15 b7 00 00 00 00 00 00 c3 50  ...0...........P
00001820: 00 00 00 00 00 00 c3 51 00 00 d2 f0 00 00 00 01  .......Q........
00001830: 00 00 d2 f1 00 00 ea 60 00 00 00 02 00 00 ea 61  .......`.......a
00001840: 00 01 86 9f 00 00 00 03 00 00 00 03 00 00 00 04  ................
00001850: 00 00 15 d1 00 06 39 c0 00 00 00 03 00 00 00 04  ......9.........
00001860: 00 00 15 e4 00 0f 42 40 00 00 00 03 00 00 00 08  ......B@........
00001870: 00 00 15 f7 00 00 00 00 00 00 00 00 00 00 00 03  ................
00001880: 00 00 00 04 00 00 16 08 00 00 03 e8 00 00 00 03  ................
00001890: 00 00 00 04 00 00 16 22 00 00 00 0a 00 00 00 03  ......."........
000018a0: 00 00 00 04 00 00 16 37 00 00 03 e8 00 00 00 03  .......7........
000018b0: 00 00 00 04 00 00 16 4b 00 00 00 28 00 00 00 03  .......K...(....
000018c0: 00 00 00 08 00 00 16 62 ff ff ff c8 ff ff ff c8  .......b........
000018d0: 00 00 00 03 00 00 00 0c 00 00 16 7a 73 6f 63 2d  ...........zsoc-
000018e0: 74 68 65 72 6d 61 6c 00 00 00 00 03 00 00 00 04  thermal.........
000018f0: 00 00 16 90 00 00 00 01 00 00 00 03 00 00 00 04  ................
00001900: 00 00 13 95 00 00 00 03 00 00 00 01 6f 70 70 2d  ............opp-
00001910: 34 30 38 30 30 30 30 30 30 00 00 00 00 00 00 03  408000000.......
00001920: 00 00 00 08 00 00 16 9d 00 00 00 00 18 51 96 00  .............Q..
00001930: 00 00 00 03 00 00 00 0c 00 00 16 a4 00 0e 7e f0  ..............~.
00001940: 00 0e 7e f0 00 14 99 70 00 00 00 03 00 00 00 0c  ..~....p........
00001950: 00 00 16 b2 00 0e 7e f0 00 0e 7e f0 00 14 99 70  ......~...~....p
00001960: 00 00 00 03 00 00 00 0c 00 00 16 c3 00 0e 7e f0  ..............~.
00001970: 00 0e 7e f0 00 14 99 70 00 00 00 03 00 00 00 0c  ..~....p........
00001980: 00 00 16 d4 00 0e 7e f0 00 0e 7e f0 00 14 99 70  ......~...~....p
00001990: 00 00 00 03 00 00 00 0c 00 00 16 e5 00 0e 7e f0  ..............~.
000019a0: 00 0e 7e f0 00 14 99 70 00 00 00 03 00 00 00 04  ..~....p........
000019b0: 00 00 16 f6 00 00 9c 40 00 00 00 03 00 00 00 00  .......@........
000019c0: 00 00 17 07 00 00 00 02 00 00 00 01 6f 70 70 2d  ............opp-
000019d0: 36 30 30 30 30 30 30 30 30 00 00 00 00 00 00 03  600000000.......
000019e0: 00 00 00 08 00 00 16 9d 00 00 00 00 23 c3 46 00  ............#.F.
000019f0: 00 00 00 03 00 00 00 0c 00 00 16 a4 00 0e 7e f0  ..............~.
00001a00: 00 0e 7e f0 00 14 99 70 00 00 00 03 00 00 00 0c  ..~....p........
00001a10: 00 00 16 b2 00 0e 7e f0 00 0e 7e f0 00 14 99 70  ......~...~....p
00001a20: 00 00 00 03 00 00 00 0c 00 00 16 c3 00 0e 7e f0  ..............~.
00001a30: 00 0e 7e f0 00 14 99 70 00 00 00 03 00 00 00 0c  ..~....p........
00001a40: 00 00 16 d4 00 0e 7e f0 00 0e 7e f0 00 14 99 70  ......~...~....p
00001a50: 00 00 00 03 00 00 00 0c 00 00 16 e5 00 0e 7e f0  ..............~.
00001a60: 00 0e 7e f0 00 14 99 70 00 00 00 03 00 00 00 04  ..~....p........
00001a70: 00 00 16 f6 00 00 9c 40 00 00 00 02 00 00 00 01  .......@........
00001a80: 6f 70 70 2d 38 31 36 30 30 30 30 30 30 00 00 00  opp-816000000...
00001a90: 00 00 00 03 00 00 00 08 00 00 16 9d 00 00 00 00  ................
00001aa0: 30 a3 2c 00 00 00 00 03 00 00 00 0c 00 00 16 a4  0.,.............
00001ab0: 00 10 05 90 00 10 05 90 00 14 99 70 00 00 00 03  ...........p....
00001ac0: 00 00 00 0c 00 00 16 b2 00 10 05 90 00 10 05 90  ................
00001ad0: 00 14 99 70 00 00 00 03 00 00 00 0c 00 00 16 c3  ...p............
00001ae0: 00 0f 42 40 00 0f 42 40 00 14 99 70 00 00 00 03  ..B@..B@...p....
00001af0: 00 00 00 0c 00 00 16 d4 00 0f 42 40 00 0f 42 40  ..........B@..B@
00001b00: 00 14 99 70 00 00 00 03 00 00 00 0c 00 00 16 e5  ...p............
00001b10: 00 0e 7e f0 00 0e 7e f0 00 14 99 70 00 00 00 03  ..~...~....p....
00001b20: 00 00 00 04 00 00 16 f6 00 00 9c 40 00 00 00 02  ...........@....
00001b30: 00 00 00 01 6f 70 70 2d 31 30 30 38 30 30 30 30  ....opp-10080000
00001b40: 30 30 00 00 00 00 00 03 00 00 00 08 00 00 16 9d  00..............
00001b50: 00 00 00 00 3c 14 dc 00 00 00 00 03 00 00 00 0c  ....<...........
00001b60: 00 00 16 a4 00 11 ed d8 00 11 ed d8 00 14 99 70  ...............p
00001b70: 00 00 00 03 00 00 00 0c 00 00 16 b2 00 11 ed d8  ................
00001b80: 00 11 ed d8 00 14 99 70 00 00 00 03 00 00 00 0c  .......p........
00001b90: 00 00 16 c3 00 11 2a 88 00 11 2a 88 00 14 99 70  ......*...*....p
00001ba0: 00 00 00 03 00 00 00 0c 00 00 16 d4 00 11 2a 88  ..............*.
00001bb0: 00 11 2a 88 00 14 99 70 00 00 00 03 00 00 00 0c  ..*....p........
00001bc0: 00 00 16 e5 00 10 05 90 00 10 05 90 00 14 99 70  ...............p
00001bd0: 00 00 00 03 00 00 00 04 00 00 16 f6 00 00 9c 40  ...............@
00001be0: 00 00 00 02 00 00 00 01 6f 70 70 2d 31 32 30 30  ........opp-1200
00001bf0: 30 30 30 30 30 30 00 00 00 00 00 03 00 00 00 08  000000..........
00001c00: 00 00 16 9d 00 00 00 00 47 86 8c 00 00 00 00 03  ........G.......
00001c10: 00 00 00 0c 00 00 16 a4 00 13 d6 20 00 13 d6 20  ........... ... 
00001c20: 00 14 99 70 00 00 00 03 00 00 00 0c 00 00 16 b2  ...p............
00001c30: 00 13 d6 20 00 13 d6 20 00 14 99 70 00 00 00 03  ... ... ...p....
00001c40: 00 00 00 0c 00 00 16 c3 00 13 74 78 00 13 74 78  ..........tx..tx
00001c50: 00 14 99 70 00 00 00 03 00 00 00 0c 00 00 16 d4  ...p............
00001c60: 00 13 12 d0 00 13 12 d0 00 14 99 70 00 00 00 03  ...........p....
00001c70: 00 00 00 0c 00 00 16 e5 00 12 4f 80 00 12 4f 80  ..........O...O.
00001c80: 00 14 99 70 00 00 00 03 00 00 00 04 00 00 16 f6  ...p............
00001c90: 00 00 9c 40 00 00 00 02 00 00 00 01 6f 70 70 2d  ...@........opp-
00001ca0: 31 32 34 38 30 30 30 30 30 30 00 00 00 00 00 03  1248000000......
00001cb0: 00 00 00 08 00 00 16 9d 00 00 00 00 4a 62 f8 00  ............Jb..
00001cc0: 00 00 00 03 00 00 00 0c 00 00 16 a4 00 14 99 70  ...............p
00001cd0: 00 14 99 70 00 14 99 70 00 00 00 03 00 00 00 0c  ...p...p........
00001ce0: 00 00 16 b2 00 14 99 70 00 14 99 70 00 14 99 70  .......p...p...p
00001cf0: 00 00 00 03 00 00 00 0c 00 00 16 c3 00 13 d6 20  ............... 
00001d00: 00 13 d6 20 00 14 99 70 00 00 00 03 00 00 00 0c  ... ...p........
00001d10: 00 00 16 d4 00 13 74 78 00 13 74 78 00 14 99 70  ......tx..tx...p
00001d20: 00 00 00 03 00 00 00 0c 00 00 16 e5 00 12 b1 28  ...............(
00001d30: 00 12 b1 28 00 14 99 70 00 00 00 03 00 00 00 04  ...(...p........
00001d40: 00 00 16 f6 00 00 9c 40 00 00 00 02 00 00 00 01  .......@........
00001d50: 6f 70 70 2d 31 32 39 36 30 30 30 30 30 30 00 00  opp-1296000000..
00001d60: 00 00 00 03 00 00 00 08 00 00 16 9d 00 00 00 00  ................
00001d70: 4d 3f 64 00 00 00 00 03 00 00 00 0c 00 00 16 a4  M?d.............
00001d80: 00 14 99 70 00 14 99 70 00 14 99 70 00 00 00 03  ...p...p...p....
00001d90: 00 00 00 0c 00 00 16 b2 00 14 99 70 00 14 99 70  ...........p...p
00001da0: 00 14 99 70 00 00 00 03 00 00 00 0c 00 00 16 c3  ...p............
00001db0: 00 14 99 70 00 14 99 70 00 14 99 70 00 00 00 03  ...p...p...p....
00001dc0: 00 00 00 0c 00 00 16 d4 00 13 d6 20 00 13 d6 20  ........... ... 
00001dd0: 00 14 99 70 00 00 00 03 00 00 00 0c 00 00 16 e5  ...p............
00001de0: 00 13 12 d0 00 13 12 d0 00 14 99 70 00 00 00 03  ...........p....
00001df0: 00 00 00 04 00 00 16 f6 00 00 9c 40 00 00 00 02  ...........@....
00001e00: 00 00 00 01 6f 70 70 2d 31 34 31 36 30 30 30 30  ....opp-14160000
00001e10: 30 30 00 00 00 00 00 03 00 00 00 08 00 00 16 9d  00..............
00001e20: 00 00 00 00 54 66 72 00 00 00 00 03 00 00 00 0c  ....Tfr.........
00001e30: 00 00 16 a4 00 14 99 70 00 14 99 70 00 14 99 70  .......p...p...p
00001e40: 00 00 00 03 00 00 00 0c 00 00 16 b2 00 14 99 70  ...............p
00001e50: 00 14 99 70 00 14 99 70 00 00 00 03 00 00 00 0c  ...p...p........
00001e60: 00 00 16 c3 00 14 99 70 00 14 99 70 00 14 99 70  .......p...p...p
00001e70: 00 00 00 03 00 00 00 0c 00 00 16 d4 00 13 d6 20  ............... 
00001e80: 00 13 d6 20 00 14 99 70 00 00 00 03 00 00 00 0c  ... ...p........
00001e90: 00 00 16 e5 00 13 12 d0 00 13 12 d0 00 14 99 70  ...............p
00001ea0: 00 00 00 03 00 00 00 04 00 00 16 f6 00 00 9c 40  ...............@
00001eb0: 00 00 00 02 00 00 00 01 6f 70 70 2d 31 35 31 32  ........opp-1512
00001ec0: 30 30 30 30 30 30 00 00 00 00 00 03 00 00 00 08  000000..........
00001ed0: 00 00 16 9d 00 00 00 00 5a 1f 4a 00 00 00 00 03  ........Z.J.....
00001ee0: 00 00 00 0c 00 00 16 a4 00 14 99 70 00 14 99 70  ...........p...p
00001ef0: 00 14 99 70 00 00 00 03 00 00 00 0c 00 00 16 b2  ...p............
00001f00: 00 14 99 70 00 14 99 70 00 14 99 70 00 00 00 03  ...p...p...p....
00001f10: 00 00 00 0c 00 00 16 c3 00 14 99 70 00 14 99 70  ...........p...p
00001f20: 00 14 99 70 00 00 00 03 00 00 00 0c 00 00 16 d4  ...p............
00001f30: 00 13 d6 20 00 13 d6 20 00 14 99 70 00 00 00 03  ... ... ...p....
00001f40: 00 00 00 0c 00 00 16 e5 00 13 12 d0 00 13 12 d0  ................
00001f50: 00 14 99 70 00 00 00 03 00 00 00 04 00 00 16 f6  ...p............
00001f60: 00 00 9c 40 00 00 00 02 00 00 00 01 6f 70 70 2d  ...@........opp-
00001f70: 31 33 36 38 30 30 30 30 30 30 00 00 00 00 00 03  1368000000......
00001f80: 00 00 00 08 00 00 16 9d 00 00 00 00 51 8a 06 00  ............Q...
00001f90: 00 00 00 03 00 00 00 0c 00 00 16 a4 00 14 99 70  ...............p
00001fa0: 00 14 99 70 00 14 99 70 00 00 00 03 00 00 00 0c  ...p...p........
00001fb0: 00 00 16 b2 00 14 99 70 00 14 99 70 00 14 99 70  .......p...p...p
00001fc0: 00 00 00 03 00 00 00 0c 00 00 16 c3 00 14 99 70  ...............p
00001fd0: 00 14 99 70 00 14 99 70 00 00 00 03 00 00 00 0c  ...p...p........
00001fe0: 00 00 16 d4 00 13 d6 20 00 13 d6 20 00 14 99 70  ....... ... ...p
00001ff0: 00 00 00 03 00 00 00 0c 00 00 16 e5 00 13 12 d0  ................
00002000: 00 13 12 d0 00 14 99 70 00 00 00 03 00 00 00 04  .......p........
00002010: 00 00 16 f6 00 00 9c 40 00 00 00 02 00 00 00 01  .......@........
00002020: 6f 70 70 2d 31 34 34 30 30 30 30 30 30 30 00 00  opp-1440000000..
00002030: 00 00 00 03 00 00 00 08 00 00 16 9d 00 00 00 00  ................
00002040: 55 d4 a8 00 00 00 00 03 00 00 00 0c 00 00 16 a4  U...............
00002050: 00 14 99 70 00 14 99 70 00 14 99 70 00 00 00 03  ...p...p...p....
00002060: 00 00 00 0c 00 00 16 b2 00 14 99 70 00 14 99 70  ...........p...p
00002070: 00 14 99 70 00 00 00 03 00 00 00 0c 00 00 16 c3  ...p............
00002080: 00 14 99 70 00 14 99 70 00 14 99 70 00 00 00 03  ...p...p...p....
00002090: 00 00 00 0c 00 00 16 d4 00 13 d6 20 00 13 d6 20  ........... ... 
000020a0: 00 14 99 70 00 00 00 03 00 00 00 0c 00 00 16 e5  ...p............
000020b0: 00 13 12 d0 00 13 12 d0 00 14 99 70 00 00 00 03  ...........p....
000020c0: 00 00 00 04 00 00 16 f6 00 00 9c 40 00 00 00 02  ...........@....
000020d0: 00 00 00 01 6f 70 70 2d 31 34 36 34 30 30 30 30  ....opp-14640000
000020e0: 30 30 00 00 00 00 00 03 00 00 00 08 00 00 16 9d  00..............
000020f0: 00 00 00 00 57 42 de 00 00 00 00 03 00 00 00 0c  ....WB..........
00002100: 00 00 16 a4 00 14 99 70 00 14 99 70 00 14 99 70  .......p...p...p
00002110: 00 00 00 03 00 00 00 0c 00 00 16 b2 00 14 99 70  ...............p
00002120: 00 14 99 70 00 14 99 70 00 00 00 03 00 00 00 0c  ...p...p........
00002130: 00 00 16 c3 00 14 99 70 00 14 99 70 00 14 99 70  .......p...p...p
00002140: 00 00 00 03 00 00 00 0c 00 00 16 d4 00 13 d6 20  ............... 
00002150: 00 13 d6 20 00 14 99 70 00 00 00 03 00 00 00 0c  ... ...p........
00002160: 00 00 16 e5 00 13 12 d0 00 13 12 d0 00 14 99 70  ...............p
00002170: 00 00 00 03 00 00 00 04 00 00 16 f6 00 00 9c 40  ...............@
00002180: 00 00 00 02 00 00 00 01 6f 70 70 2d 31 34 38 38  ........opp-1488
00002190: 30 30 30 30 30 30 00 00 00 00 00 03 00 00 00 08  000000..........
000021a0: 00 00 16 9d 00 00 00 00 58 b1 14 00 00 00 00 03  ........X.......
000021b0: 00 00 00 0c 00 00 16 a4 00 14 99 70 00 14 99 70  ...........p...p
000021c0: 00 14 99 70 00 00 00 03 00 00 00 0c 00 00 16 b2  ...p............
000021d0: 00 14 99 70 00 14 99 70 00 14 99 70 00 00 00 03  ...p...p...p....
000021e0: 00 00 00 0c 00 00 16 c3 00 14 99 70 00 14 99 70  ...........p...p
000021f0: 00 14 99 70 00 00 00 03 00 00 00 0c 00 00 16 d4  ...p............
00002200: 00 13 d6 20 00 13 d6 20 00 14 99 70 00 00 00 03  ... ... ...p....
00002210: 00 00 00 0c 00 00 16 e5 00 13 12 d0 00 13 12 d0  ................
00002220: 00 14 99 70 00 00 00 03 00 00 00 04 00 00 16 f6  ...p............
00002230: 00 00 9c 40 00 00 00 02 00 00 00 01 6f 70 70 2d  ...@........opp-
00002240: 31 36 30 38 30 30 30 30 30 30 00 00 00 00 00 03  1608000000......
00002250: 00 00 00 08 00 00 16 9d 00 00 00 00 5f d8 22 00  ............_.".
00002260: 00 00 00 03 00 00 00 0c 00 00 16 a4 00 14 99 70  ...............p
00002270: 00 14 99 70 00 14 99 70 00 00 00 03 00 00 00 0c  ...p...p........
00002280: 00 00 16 b2 00 14 99 70 00 14 99 70 00 14 99 70  .......p...p...p
00002290: 00 00 00 03 00 00 00 0c 00 00 16 c3 00 14 99 70  ...............p
000022a0: 00 14 99 70 00 14 99 70 00 00 00 03 00 00 00 0c  ...p...p........
000022b0: 00 00 16 d4 00 13 d6 20 00 14 99 70 00 14 99 70  ....... ...p...p
000022c0: 00 00 00 03 00 00 00 0c 00 00 16 e5 00 13 12 d0  ................
000022d0: 00 14 99 70 00 14 99 70 00 00 00 03 00 00 00 04  ...p...p........
000022e0: 00 00 16 f6 00 00 9c 40 00 00 00 02 00 00 00 02  .......@........
000022f0: 00 00 00 01 61 72 6d 2d 70 6d 75 00 00 00 00 03  ....arm-pmu.....
00002300: 00 00 00 13 00 00 00 00 61 72 6d 2c 63 6f 72 74  ........arm,cort
00002310: 65 78 2d 61 35 33 2d 70 6d 75 00 00 00 00 00 03  ex-a53-pmu......
00002320: 00 00 00 30 00 00 17 13 00 00 00 00 00 00 00 64  ...0...........d
00002330: 00 00 00 04 00 00 00 00 00 00 00 65 00 00 00 04  ...........e....
00002340: 00 00 00 00 00 00 00 66 00 00 00 04 00 00 00 00  .......f........
00002350: 00 00 00 67 00 00 00 04 00 00 00 03 00 00 00 10  ...g............
00002360: 00 00 17 1e 00 00 00 09 00 00 00 0a 00 00 00 0b  ................
00002370: 00 00 00 0c 00 00 00 02 00 00 00 01 62 75 73 2d  ............bus-
00002380: 73 6f 63 00 00 00 00 03 00 00 00 12 00 00 00 00  soc.............
00002390: 72 6f 63 6b 63 68 69 70 2c 70 78 33 30 2d 62 75  rockchip,px30-bu
000023a0: 73 00 00 00 00 00 00 03 00 00 00 07 00 00 17 31  s..............1
000023b0: 61 75 74 6f 63 73 00 00 00 00 00 03 00 00 00 04  autocs..........
000023c0: 00 00 13 95 00 00 00 c2 00 00 00 01 73 6f 63 2d  ............soc-
000023d0: 62 75 73 30 00 00 00 00 00 00 00 03 00 00 00 04  bus0............
000023e0: 00 00 17 49 00 00 00 00 00 00 00 03 00 00 00 04  ...I............
000023f0: 00 00 17 50 00 00 00 14 00 00 00 03 00 00 00 04  ...P............
00002400: 00 00 17 59 00 00 40 f7 00 00 00 03 00 00 00 09  ...Y..@.........
00002410: 00 00 17 64 64 69 73 61 62 6c 65 64 00 00 00 00  ...ddisabled....
00002420: 00 00 00 02 00 00 00 01 73 6f 63 2d 62 75 73 31  ........soc-bus1
00002430: 00 00 00 00 00 00 00 03 00 00 00 04 00 00 17 49  ...............I
00002440: 00 00 00 01 00 00 00 03 00 00 00 04 00 00 17 50  ...............P
00002450: 00 00 00 c8 00 00 00 03 00 00 00 04 00 00 17 59  ...............Y
00002460: 00 00 40 bf 00 00 00 03 00 00 00 09 00 00 17 64  ..@............d
00002470: 64 69 73 61 62 6c 65 64 00 00 00 00 00 00 00 02  disabled........
00002480: 00 00 00 01 73 6f 63 2d 62 75 73 32 00 00 00 00  ....soc-bus2....
00002490: 00 00 00 03 00 00 00 04 00 00 17 49 00 00 00 02  ...........I....
000024a0: 00 00 00 03 00 00 00 04 00 00 17 50 00 00 00 c8  ...........P....
000024b0: 00 00 00 03 00 00 00 04 00 00 17 59 00 00 40 07  ...........Y..@.
000024c0: 00 00 00 03 00 00 00 09 00 00 17 64 64 69 73 61  ...........ddisa
000024d0: 62 6c 65 64 00 00 00 00 00 00 00 02 00 00 00 02  bled............
000024e0: 00 00 00 01 62 75 73 2d 61 70 6c 6c 00 00 00 00  ....bus-apll....
000024f0: 00 00 00 03 00 00 00 12 00 00 00 00 72 6f 63 6b  ............rock
00002500: 63 68 69 70 2c 70 78 33 30 2d 62 75 73 00 00 00  chip,px30-bus...
00002510: 00 00 00 03 00 00 00 08 00 00 17 31 63 6c 6b 66  ...........1clkf
00002520: 72 65 71 00 00 00 00 03 00 00 00 08 00 00 14 13  req.............
00002530: 00 00 00 02 00 00 00 01 00 00 00 03 00 00 00 04  ................
00002540: 00 00 17 6b 62 75 73 00 00 00 00 03 00 00 00 04  ...kbus.........
00002550: 00 00 14 43 00 00 00 0d 00 00 00 03 00 00 00 05  ...C............
00002560: 00 00 17 64 6f 6b 61 79 00 00 00 00 00 00 00 03  ...dokay........
00002570: 00 00 00 04 00 00 17 77 00 00 00 0e 00 00 00 03  .......w........
00002580: 00 00 00 04 00 00 13 95 00 00 00 c3 00 00 00 02  ................
00002590: 00 00 00 01 62 75 73 2d 61 70 6c 6c 2d 6f 70 70  ....bus-apll-opp
000025a0: 2d 74 61 62 6c 65 00 00 00 00 00 03 00 00 00 14  -table..........
000025b0: 00 00 00 00 6f 70 65 72 61 74 69 6e 67 2d 70 6f  ....operating-po
000025c0: 69 6e 74 73 2d 76 32 00 00 00 00 03 00 00 00 00  ints-v2.........
000025d0: 00 00 14 d9 00 00 00 03 00 00 00 04 00 00 13 95  ................
000025e0: 00 00 00 0d 00 00 00 01 6f 70 70 2d 31 35 31 32  ........opp-1512
000025f0: 30 30 30 30 30 30 00 00 00 00 00 03 00 00 00 08  000000..........
00002600: 00 00 16 9d 00 00 00 00 5a 1f 4a 00 00 00 00 03  ........Z.J.....
00002610: 00 00 00 04 00 00 16 a4 00 0f 42 40 00 00 00 02  ..........B@....
00002620: 00 00 00 01 6f 70 70 2d 31 30 30 38 30 30 30 30  ....opp-10080000
00002630: 30 30 00 00 00 00 00 03 00 00 00 08 00 00 16 9d  00..............
00002640: 00 00 00 00 3c 14 dc 00 00 00 00 03 00 00 00 04  ....<...........
00002650: 00 00 16 a4 00 0e 7e f0 00 00 00 02 00 00 00 02  ......~.........
00002660: 00 00 00 01 63 70 75 69 6e 66 6f 00 00 00 00 03  ....cpuinfo.....
00002670: 00 00 00 11 00 00 00 00 72 6f 63 6b 63 68 69 70  ........rockchip
00002680: 2c 63 70 75 69 6e 66 6f 00 00 00 00 00 00 00 03  ,cpuinfo........
00002690: 00 00 00 04 00 00 15 81 00 00 00 0f 00 00 00 03  ................
000026a0: 00 00 00 03 00 00 15 8d 69 64 00 00 00 00 00 02  ........id......
000026b0: 00 00 00 01 64 69 73 70 6c 61 79 2d 73 75 62 73  ....display-subs
000026c0: 79 73 74 65 6d 00 00 00 00 00 00 03 00 00 00 1b  ystem...........
000026d0: 00 00 00 00 72 6f 63 6b 63 68 69 70 2c 64 69 73  ....rockchip,dis
000026e0: 70 6c 61 79 2d 73 75 62 73 79 73 74 65 6d 00 00  play-subsystem..
000026f0: 00 00 00 03 00 00 00 04 00 00 17 82 00 00 00 10  ................
00002700: 00 00 00 03 00 00 00 05 00 00 17 64 6f 6b 61 79  ...........dokay
00002710: 00 00 00 00 00 00 00 03 00 00 00 04 00 00 17 88  ................
00002720: 00 00 00 11 00 00 00 03 00 00 00 04 00 00 13 95  ................
00002730: 00 00 00 c4 00 00 00 01 72 6f 75 74 65 00 00 00  ........route...
00002740: 00 00 00 01 72 6f 75 74 65 2d 6c 76 64 73 00 00  ....route-lvds..
00002750: 00 00 00 03 00 00 00 09 00 00 17 64 64 69 73 61  ...........ddisa
00002760: 62 6c 65 64 00 00 00 00 00 00 00 03 00 00 00 09  bled............
00002770: 00 00 17 9b 6c 6f 67 6f 2e 62 6d 70 00 00 00 00  ....logo.bmp....
00002780: 00 00 00 03 00 00 00 10 00 00 17 a6 6c 6f 67 6f  ............logo
00002790: 5f 6b 65 72 6e 65 6c 2e 62 6d 70 00 00 00 00 03  _kernel.bmp.....
000027a0: 00 00 00 07 00 00 17 b2 63 65 6e 74 65 72 00 00  ........center..
000027b0: 00 00 00 03 00 00 00 07 00 00 17 bc 63 65 6e 74  ............cent
000027c0: 65 72 00 00 00 00 00 03 00 00 00 04 00 00 17 cd  er..............
000027d0: 00 00 00 12 00 00 00 03 00 00 00 04 00 00 13 95  ................
000027e0: 00 00 00 c5 00 00 00 02 00 00 00 01 72 6f 75 74  ............rout
000027f0: 65 2d 64 73 69 00 00 00 00 00 00 03 00 00 00 05  e-dsi...........
00002800: 00 00 17 64 6f 6b 61 79 00 00 00 00 00 00 00 03  ...dokay........
00002810: 00 00 00 09 00 00 17 9b 6c 6f 67 6f 2e 62 6d 70  ........logo.bmp
00002820: 00 00 00 00 00 00 00 03 00 00 00 10 00 00 17 a6  ................
00002830: 6c 6f 67 6f 5f 6b 65 72 6e 65 6c 2e 62 6d 70 00  logo_kernel.bmp.
00002840: 00 00 00 03 00 00 00 07 00 00 17 b2 63 65 6e 74  ............cent
00002850: 65 72 00 00 00 00 00 03 00 00 00 07 00 00 17 bc  er..............
00002860: 63 65 6e 74 65 72 00 00 00 00 00 03 00 00 00 04  center..........
00002870: 00 00 17 cd 00 00 00 13 00 00 00 03 00 00 00 04  ................
00002880: 00 00 13 95 00 00 00 c6 00 00 00 02 00 00 00 01  ................
00002890: 72 6f 75 74 65 2d 72 67 62 00 00 00 00 00 00 03  route-rgb.......
000028a0: 00 00 00 09 00 00 17 64 64 69 73 61 62 6c 65 64  .......ddisabled
000028b0: 00 00 00 00 00 00 00 03 00 00 00 09 00 00 17 9b  ................
000028c0: 6c 6f 67 6f 2e 62 6d 70 00 00 00 00 00 00 00 03  logo.bmp........
000028d0: 00 00 00 10 00 00 17 a6 6c 6f 67 6f 5f 6b 65 72  ........logo_ker
000028e0: 6e 65 6c 2e 62 6d 70 00 00 00 00 03 00 00 00 07  nel.bmp.........
000028f0: 00 00 17 b2 63 65 6e 74 65 72 00 00 00 00 00 03  ....center......
00002900: 00 00 00 07 00 00 17 bc 63 65 6e 74 65 72 00 00  ........center..
00002910: 00 00 00 03 00 00 00 04 00 00 17 cd 00 00 00 14  ................
00002920: 00 00 00 03 00 00 00 04 00 00 13 95 00 00 00 c7  ................
00002930: 00 00 00 02 00 00 00 02 00 00 00 02 00 00 00 01  ................
00002940: 66 69 72 6d 77 61 72 65 00 00 00 00 00 00 00 01  firmware........
00002950: 6f 70 74 65 65 00 00 00 00 00 00 03 00 00 00 10  optee...........
00002960: 00 00 00 00 6c 69 6e 61 72 6f 2c 6f 70 74 65 65  ....linaro,optee
00002970: 2d 74 7a 00 00 00 00 03 00 00 00 04 00 00 14 0c  -tz.............
00002980: 73 6d 63 00 00 00 00 02 00 00 00 02 00 00 00 01  smc.............
00002990: 65 78 74 65 72 6e 61 6c 2d 67 6d 61 63 2d 63 6c  external-gmac-cl
000029a0: 6f 63 6b 00 00 00 00 03 00 00 00 0c 00 00 00 00  ock.............
000029b0: 66 69 78 65 64 2d 63 6c 6f 63 6b 00 00 00 00 03  fixed-clock.....
000029c0: 00 00 00 04 00 00 17 d5 02 fa f0 80 00 00 00 03  ................
000029d0: 00 00 00 0b 00 00 17 e5 67 6d 61 63 5f 63 6c 6b  ........gmac_clk
000029e0: 69 6e 00 00 00 00 00 03 00 00 00 04 00 00 17 f8  in..............
000029f0: 00 00 00 00 00 00 00 03 00 00 00 04 00 00 13 95  ................
00002a00: 00 00 00 c8 00 00 00 02 00 00 00 01 70 73 63 69  ............psci
00002a10: 00 00 00 00 00 00 00 03 00 00 00 0d 00 00 00 00  ................
00002a20: 61 72 6d 2c 70 73 63 69 2d 31 2e 30 00 00 00 00  arm,psci-1.0....
00002a30: 00 00 00 03 00 00 00 04 00 00 14 0c 73 6d 63 00  ............smc.
00002a40: 00 00 00 02 00 00 00 01 72 6f 63 6b 63 68 69 70  ........rockchip
00002a50: 2d 73 75 73 70 65 6e 64 00 00 00 00 00 00 00 03  -suspend........
00002a60: 00 00 00 11 00 00 00 00 72 6f 63 6b 63 68 69 70  ........rockchip
00002a70: 2c 70 6d 2d 70 78 33 30 00 00 00 00 00 00 00 03  ,pm-px30........
00002a80: 00 00 00 05 00 00 17 64 6f 6b 61 79 00 00 00 00  .......dokay....
00002a90: 00 00 00 03 00 00 00 04 00 00 18 05 00 00 00 01  ................
00002aa0: 00 00 00 03 00 00 00 04 00 00 18 1d 00 02 07 02  ................
00002ab0: 00 00 00 03 00 00 00 04 00 00 18 38 00 00 00 85  ...........8....
00002ac0: 00 00 00 03 00 00 00 04 00 00 13 95 00 00 00 c9  ................
00002ad0: 00 00 00 02 00 00 00 01 74 69 6d 65 72 00 00 00  ........timer...
00002ae0: 00 00 00 03 00 00 00 10 00 00 00 00 61 72 6d 2c  ............arm,
00002af0: 61 72 6d 76 38 2d 74 69 6d 65 72 00 00 00 00 03  armv8-timer.....
00002b00: 00 00 00 30 00 00 17 13 00 00 00 01 00 00 00 0d  ...0............
00002b10: 00 00 0f 04 00 00 00 01 00 00 00 0e 00 00 0f 04  ................
00002b20: 00 00 00 01 00 00 00 0b 00 00 0f 04 00 00 00 01  ................
00002b30: 00 00 00 0a 00 00 0f 04 00 00 00 02 00 00 00 01  ................
00002b40: 78 69 6e 32 34 6d 00 00 00 00 00 03 00 00 00 0c  xin24m..........
00002b50: 00 00 00 00 66 69 78 65 64 2d 63 6c 6f 63 6b 00  ....fixed-clock.
00002b60: 00 00 00 03 00 00 00 04 00 00 17 f8 00 00 00 00  ................
00002b70: 00 00 00 03 00 00 00 04 00 00 17 d5 01 6e 36 00  .............n6.
00002b80: 00 00 00 03 00 00 00 07 00 00 17 e5 78 69 6e 32  ............xin2
00002b90: 34 6d 00 00 00 00 00 03 00 00 00 04 00 00 13 95  4m..............
00002ba0: 00 00 00 ca 00 00 00 02 00 00 00 01 78 69 6e 33  ............xin3
00002bb0: 32 6b 00 00 00 00 00 03 00 00 00 0c 00 00 00 00  2k..............
00002bc0: 66 69 78 65 64 2d 63 6c 6f 63 6b 00 00 00 00 03  fixed-clock.....
00002bd0: 00 00 00 04 00 00 17 f8 00 00 00 00 00 00 00 03  ................
00002be0: 00 00 00 04 00 00 17 d5 00 00 80 00 00 00 00 03  ................
00002bf0: 00 00 00 07 00 00 17 e5 78 69 6e 33 32 6b 00 00  ........xin32k..
00002c00: 00 00 00 03 00 00 00 04 00 00 13 95 00 00 00 cb  ................
00002c10: 00 00 00 02 00 00 00 01 70 6f 77 65 72 2d 6d 61  ........power-ma
00002c20: 6e 61 67 65 6d 65 6e 74 40 66 66 30 30 30 30 30  nagement@ff00000
00002c30: 30 00 00 00 00 00 00 03 00 00 00 24 00 00 00 00  0..........$....
00002c40: 72 6f 63 6b 63 68 69 70 2c 70 78 33 30 2d 70 6d  rockchip,px30-pm
00002c50: 75 00 73 79 73 63 6f 6e 00 73 69 6d 70 6c 65 2d  u.syscon.simple-
00002c60: 6d 66 64 00 00 00 00 03 00 00 00 10 00 00 14 01  mfd.............
00002c70: 00 00 00 00 ff 00 00 00 00 00 00 00 00 00 10 00  ................
00002c80: 00 00 00 03 00 00 00 04 00 00 13 95 00 00 00 cc  ................
00002c90: 00 00 00 01 70 6f 77 65 72 2d 63 6f 6e 74 72 6f  ....power-contro
00002ca0: 6c 6c 65 72 00 00 00 00 00 00 00 03 00 00 00 1f  ller............
00002cb0: 00 00 00 00 72 6f 63 6b 63 68 69 70 2c 70 78 33  ....rockchip,px3
00002cc0: 30 2d 70 6f 77 65 72 2d 63 6f 6e 74 72 6f 6c 6c  0-power-controll
00002cd0: 65 72 00 00 00 00 00 03 00 00 00 04 00 00 18 4f  er.............O
00002ce0: 00 00 00 01 00 00 00 03 00 00 00 04 00 00 00 1c  ................
00002cf0: 00 00 00 01 00 00 00 03 00 00 00 04 00 00 00 2b  ...............+
00002d00: 00 00 00 00 00 00 00 03 00 00 00 04 00 00 13 95  ................
00002d10: 00 00 00 8b 00 00 00 01 70 64 5f 75 73 62 40 35  ........pd_usb@5
00002d20: 00 00 00 00 00 00 00 03 00 00 00 04 00 00 14 01  ................
00002d30: 00 00 00 05 00 00 00 03 00 00 00 18 00 00 14 13  ................
00002d40: 00 00 00 02 00 00 01 03 00 00 00 02 00 00 01 02  ................
00002d50: 00 00 00 02 00 00 00 3c 00 00 00 03 00 00 00 08  .......<........
00002d60: 00 00 18 63 00 00 00 15 00 00 00 16 00 00 00 02  ...c............
00002d70: 00 00 00 01 70 64 5f 73 64 63 61 72 64 40 37 00  ....pd_sdcard@7.
00002d80: 00 00 00 03 00 00 00 04 00 00 14 01 00 00 00 07  ................
00002d90: 00 00 00 03 00 00 00 10 00 00 14 13 00 00 00 02  ................
00002da0: 00 00 00 f7 00 00 00 02 00 00 00 3b 00 00 00 03  ...........;....
00002db0: 00 00 00 04 00 00 18 63 00 00 00 17 00 00 00 02  .......c........
00002dc0: 00 00 00 01 70 64 5f 67 6d 61 63 40 39 00 00 00  ....pd_gmac@9...
00002dd0: 00 00 00 03 00 00 00 04 00 00 14 01 00 00 00 09  ................
00002de0: 00 00 00 03 00 00 00 20 00 00 14 13 00 00 00 02  ....... ........
00002df0: 00 00 00 b2 00 00 00 02 00 00 01 43 00 00 00 02  ...........C....
00002e00: 00 00 00 40 00 00 00 02 00 00 00 3f 00 00 00 03  ...@.......?....
00002e10: 00 00 00 04 00 00 18 63 00 00 00 18 00 00 00 02  .......c........
00002e20: 00 00 00 01 70 64 5f 6d 6d 63 5f 6e 61 6e 64 40  ....pd_mmc_nand@
00002e30: 31 30 00 00 00 00 00 03 00 00 00 04 00 00 14 01  10..............
00002e40: 00 00 00 0a 00 00 00 03 00 00 00 40 00 00 14 13  ...........@....
00002e50: 00 00 00 02 00 00 00 fe 00 00 00 02 00 00 01 00  ................
00002e60: 00 00 00 02 00 00 00 ff 00 00 00 02 00 00 01 01  ................
00002e70: 00 00 00 02 00 00 00 39 00 00 00 02 00 00 00 37  .......9.......7
00002e80: 00 00 00 02 00 00 00 38 00 00 00 02 00 00 00 3a  .......8.......:
00002e90: 00 00 00 03 00 00 00 10 00 00 18 63 00 00 00 19  ...........c....
00002ea0: 00 00 00 1a 00 00 00 1b 00 00 00 1c 00 00 00 02  ................
00002eb0: 00 00 00 01 70 64 5f 76 70 75 40 31 31 00 00 00  ....pd_vpu@11...
00002ec0: 00 00 00 03 00 00 00 04 00 00 14 01 00 00 00 0b  ................
00002ed0: 00 00 00 03 00 00 00 18 00 00 14 13 00 00 00 02  ................
00002ee0: 00 00 00 af 00 00 00 02 00 00 00 f4 00 00 00 02  ................
00002ef0: 00 00 00 4b 00 00 00 03 00 00 00 08 00 00 18 63  ...K...........c
00002f00: 00 00 00 1d 00 00 00 1e 00 00 00 02 00 00 00 01  ................
00002f10: 70 64 5f 76 6f 40 31 32 00 00 00 00 00 00 00 03  pd_vo@12........
00002f20: 00 00 00 04 00 00 14 01 00 00 00 0c 00 00 00 03  ................
00002f30: 00 00 00 58 00 00 14 13 00 00 00 02 00 00 00 b7  ...X............
00002f40: 00 00 00 02 00 00 00 b5 00 00 00 02 00 00 00 b6  ................
00002f50: 00 00 00 02 00 00 00 96 00 00 00 02 00 00 00 97  ................
00002f60: 00 00 00 02 00 00 00 fd 00 00 00 02 00 00 00 fb  ................
00002f70: 00 00 00 02 00 00 00 fc 00 00 00 02 00 00 01 44  ...............D
00002f80: 00 00 00 02 00 00 00 35 00 00 00 02 00 00 00 36  .......5.......6
00002f90: 00 00 00 03 00 00 00 10 00 00 18 63 00 00 00 1f  ...........c....
00002fa0: 00 00 00 20 00 00 00 21 00 00 00 22 00 00 00 02  ... ...!..."....
00002fb0: 00 00 00 01 70 64 5f 76 69 40 31 33 00 00 00 00  ....pd_vi@13....
00002fc0: 00 00 00 03 00 00 00 04 00 00 14 01 00 00 00 0d  ................
00002fd0: 00 00 00 03 00 00 00 28 00 00 14 13 00 00 00 02  .......(........
00002fe0: 00 00 00 b3 00 00 00 02 00 00 00 b4 00 00 00 02  ................
00002ff0: 00 00 00 f9 00 00 00 02 00 00 00 fa 00 00 00 02  ................
00003000: 00 00 00 33 00 00 00 03 00 00 00 14 00 00 18 63  ...3...........c
00003010: 00 00 00 23 00 00 00 24 00 00 00 25 00 00 00 26  ...#...$...%...&
00003020: 00 00 00 27 00 00 00 02 00 00 00 01 70 64 5f 67  ...'........pd_g
00003030: 70 75 40 31 34 00 00 00 00 00 00 03 00 00 00 04  pu@14...........
00003040: 00 00 14 01 00 00 00 0e 00 00 00 03 00 00 00 08  ................
00003050: 00 00 14 13 00 00 00 02 00 00 00 49 00 00 00 03  ...........I....
00003060: 00 00 00 04 00 00 18 63 00 00 00 28 00 00 00 02  .......c...(....
00003070: 00 00 00 02 00 00 00 02 00 00 00 01 73 79 73 63  ............sysc
00003080: 6f 6e 40 66 66 30 31 30 30 30 30 00 00 00 00 03  on@ff010000.....
00003090: 00 00 00 27 00 00 00 00 72 6f 63 6b 63 68 69 70  ...'....rockchip
000030a0: 2c 70 78 33 30 2d 70 6d 75 67 72 66 00 73 79 73  ,px30-pmugrf.sys
000030b0: 63 6f 6e 00 73 69 6d 70 6c 65 2d 6d 66 64 00 00  con.simple-mfd..
000030c0: 00 00 00 03 00 00 00 10 00 00 14 01 00 00 00 00  ................
000030d0: ff 01 00 00 00 00 00 00 00 00 10 00 00 00 00 03  ................
000030e0: 00 00 00 04 00 00 00 1c 00 00 00 01 00 00 00 03  ................
000030f0: 00 00 00 04 00 00 00 2b 00 00 00 01 00 00 00 03  .......+........
00003100: 00 00 00 04 00 00 13 95 00 00 00 ac 00 00 00 01  ................
00003110: 69 6f 2d 64 6f 6d 61 69 6e 73 00 00 00 00 00 03  io-domains......
00003120: 00 00 00 24 00 00 00 00 72 6f 63 6b 63 68 69 70  ...$....rockchip
00003130: 2c 70 78 33 30 2d 70 6d 75 2d 69 6f 2d 76 6f 6c  ,px30-pmu-io-vol
00003140: 74 61 67 65 2d 64 6f 6d 61 69 6e 00 00 00 00 03  tage-domain.....
00003150: 00 00 00 05 00 00 17 64 6f 6b 61 79 00 00 00 00  .......dokay....
00003160: 00 00 00 03 00 00 00 04 00 00 18 6a 00 00 00 29  ...........j...)
00003170: 00 00 00 03 00 00 00 04 00 00 18 78 00 00 00 29  ...........x...)
00003180: 00 00 00 03 00 00 00 04 00 00 13 95 00 00 00 cd  ................
00003190: 00 00 00 02 00 00 00 01 72 65 62 6f 6f 74 2d 6d  ........reboot-m
000031a0: 6f 64 65 00 00 00 00 03 00 00 00 13 00 00 00 00  ode.............
000031b0: 73 79 73 63 6f 6e 2d 72 65 62 6f 6f 74 2d 6d 6f  syscon-reboot-mo
000031c0: 64 65 00 00 00 00 00 03 00 00 00 04 00 00 18 86  de..............
000031d0: 00 00 02 00 00 00 00 03 00 00 00 04 00 00 18 8d  ................
000031e0: 52 42 c3 01 00 00 00 03 00 00 00 04 00 00 18 9d  RB..............
000031f0: 52 42 c3 0b 00 00 00 03 00 00 00 04 00 00 18 a9  RB..............
00003200: 52 42 c3 09 00 00 00 03 00 00 00 04 00 00 18 b7  RB..............
00003210: 52 42 c3 01 00 00 00 03 00 00 00 04 00 00 18 c3  RB..............
00003220: 52 42 c3 00 00 00 00 03 00 00 00 04 00 00 18 cf  RB..............
00003230: 52 42 c3 03 00 00 00 03 00 00 00 04 00 00 18 dd  RB..............
00003240: 52 42 c3 0c 00 00 00 02 00 00 00 01 70 6d 75 2d  RB..........pmu-
00003250: 70 76 74 6d 00 00 00 00 00 00 00 03 00 00 00 17  pvtm............
00003260: 00 00 00 00 72 6f 63 6b 63 68 69 70 2c 70 78 33  ....rockchip,px3
00003270: 30 2d 70 6d 75 2d 70 76 74 6d 00 00 00 00 00 03  0-pmu-pvtm......
00003280: 00 00 00 08 00 00 14 13 00 00 00 2a 00 00 00 07  ...........*....
00003290: 00 00 00 03 00 00 00 04 00 00 17 6b 70 6d 75 00  ...........kpmu.
000032a0: 00 00 00 03 00 00 00 05 00 00 17 64 6f 6b 61 79  ...........dokay
000032b0: 00 00 00 00 00 00 00 03 00 00 00 04 00 00 13 95  ................
000032c0: 00 00 00 ce 00 00 00 02 00 00 00 02 00 00 00 01  ................
000032d0: 73 65 72 69 61 6c 40 66 66 30 33 30 30 30 30 00  serial@ff030000.
000032e0: 00 00 00 03 00 00 00 24 00 00 00 00 72 6f 63 6b  .......$....rock
000032f0: 63 68 69 70 2c 70 78 33 30 2d 75 61 72 74 00 73  chip,px30-uart.s
00003300: 6e 70 73 2c 64 77 2d 61 70 62 2d 75 61 72 74 00  nps,dw-apb-uart.
00003310: 00 00 00 03 00 00 00 10 00 00 14 01 00 00 00 00  ................
00003320: ff 03 00 00 00 00 00 00 00 00 01 00 00 00 00 03  ................
00003330: 00 00 00 0c 00 00 17 13 00 00 00 00 00 00 00 0f  ................
00003340: 00 00 00 04 00 00 00 03 00 00 00 10 00 00 14 13  ................
00003350: 00 00 00 2a 00 00 00 06 00 00 00 2a 00 00 00 15  ...*.......*....
00003360: 00 00 00 03 00 00 00 11 00 00 17 6b 62 61 75 64  ...........kbaud
00003370: 63 6c 6b 00 61 70 62 5f 70 63 6c 6b 00 00 00 00  clk.apb_pclk....
00003380: 00 00 00 03 00 00 00 04 00 00 18 e6 00 00 00 02  ................
00003390: 00 00 00 03 00 00 00 04 00 00 18 f0 00 00 00 04  ................
000033a0: 00 00 00 03 00 00 00 10 00 00 18 fd 00 00 00 2b  ...............+
000033b0: 00 00 00 00 00 00 00 2b 00 00 00 01 00 00 00 03  .......+........
000033c0: 00 00 00 08 00 00 19 02 64 65 66 61 75 6c 74 00  ........default.
000033d0: 00 00 00 03 00 00 00 0c 00 00 19 10 00 00 00 2c  ...............,
000033e0: 00 00 00 2d 00 00 00 2e 00 00 00 03 00 00 00 09  ...-............
000033f0: 00 00 17 64 64 69 73 61 62 6c 65 64 00 00 00 00  ...ddisabled....
00003400: 00 00 00 03 00 00 00 04 00 00 13 95 00 00 00 cf  ................
00003410: 00 00 00 02 00 00 00 01 69 32 73 40 66 66 30 36  ........i2s@ff06
00003420: 30 30 30 30 00 00 00 00 00 00 00 03 00 00 00 16  0000............
00003430: 00 00 00 00 72 6f 63 6b 63 68 69 70 2c 70 78 33  ....rockchip,px3
00003440: 30 2d 69 32 73 2d 74 64 6d 00 00 00 00 00 00 03  0-i2s-tdm.......
00003450: 00 00 00 10 00 00 14 01 00 00 00 00 ff 06 00 00  ................
00003460: 00 00 00 00 00 00 10 00 00 00 00 03 00 00 00 0c  ................
00003470: 00 00 17 13 00 00 00 00 00 00 00 0c 00 00 00 04  ................
00003480: 00 00 00 03 00 00 00 18 00 00 14 13 00 00 00 02  ................
00003490: 00 00 00 10 00 00 00 02 00 00 00 12 00 00 00 02  ................
000034a0: 00 00 01 06 00 00 00 03 00 00 00 15 00 00 17 6b  ...............k
000034b0: 6d 63 6c 6b 5f 74 78 00 6d 63 6c 6b 5f 72 78 00  mclk_tx.mclk_rx.
000034c0: 68 63 6c 6b 00 00 00 00 00 00 00 03 00 00 00 10  hclk............
000034d0: 00 00 18 fd 00 00 00 2b 00 00 00 10 00 00 00 2b  .......+.......+
000034e0: 00 00 00 11 00 00 00 03 00 00 00 06 00 00 19 1a  ................
000034f0: 74 78 00 72 78 00 00 00 00 00 00 03 00 00 00 10  tx.rx...........
00003500: 00 00 19 24 00 00 00 02 00 00 00 84 00 00 00 02  ...$............
00003510: 00 00 00 bf 00 00 00 03 00 00 00 0a 00 00 19 2b  ...............+
00003520: 74 78 2d 6d 00 72 78 2d 6d 00 00 00 00 00 00 03  tx-m.rx-m.......
00003530: 00 00 00 04 00 00 19 37 00 00 00 02 00 00 00 03  .......7........
00003540: 00 00 00 04 00 00 19 44 00 00 00 2f 00 00 00 03  .......D.../....
00003550: 00 00 00 08 00 00 19 02 64 65 66 61 75 6c 74 00  ........default.
00003560: 00 00 00 03 00 00 00 30 00 00 19 10 00 00 00 30  .......0.......0
00003570: 00 00 00 31 00 00 00 32 00 00 00 33 00 00 00 34  ...1...2...3...4
00003580: 00 00 00 35 00 00 00 36 00 00 00 37 00 00 00 38  ...5...6...7...8
00003590: 00 00 00 39 00 00 00 3a 00 00 00 3b 00 00 00 03  ...9...:...;....
000035a0: 00 00 00 09 00 00 17 64 64 69 73 61 62 6c 65 64  .......ddisabled
000035b0: 00 00 00 00 00 00 00 03 00 00 00 04 00 00 13 95  ................
000035c0: 00 00 00 d0 00 00 00 02 00 00 00 01 69 32 73 40  ............i2s@
000035d0: 66 66 30 37 30 30 30 30 00 00 00 00 00 00 00 03  ff070000........
000035e0: 00 00 00 26 00 00 00 00 72 6f 63 6b 63 68 69 70  ...&....rockchip
000035f0: 2c 70 78 33 30 2d 69 32 73 00 72 6f 63 6b 63 68  ,px30-i2s.rockch
00003600: 69 70 2c 72 6b 33 30 36 36 2d 69 32 73 00 00 00  ip,rk3066-i2s...
00003610: 00 00 00 03 00 00 00 10 00 00 14 01 00 00 00 00  ................
00003620: ff 07 00 00 00 00 00 00 00 00 10 00 00 00 00 03  ................
00003630: 00 00 00 0c 00 00 17 13 00 00 00 00 00 00 00 0d  ................
00003640: 00 00 00 04 00 00 00 03 00 00 00 10 00 00 14 13  ................
00003650: 00 00 00 02 00 00 00 14 00 00 00 02 00 00 01 07  ................
00003660: 00 00 00 03 00 00 00 11 00 00 17 6b 69 32 73 5f  ...........ki2s_
00003670: 63 6c 6b 00 69 32 73 5f 68 63 6c 6b 00 00 00 00  clk.i2s_hclk....
00003680: 00 00 00 03 00 00 00 10 00 00 18 fd 00 00 00 2b  ...............+
00003690: 00 00 00 12 00 00 00 2b 00 00 00 13 00 00 00 03  .......+........
000036a0: 00 00 00 06 00 00 19 1a 74 78 00 72 78 00 00 00  ........tx.rx...
000036b0: 00 00 00 03 00 00 00 10 00 00 19 24 00 00 00 02  ...........$....
000036c0: 00 00 00 86 00 00 00 02 00 00 00 85 00 00 00 03  ................
000036d0: 00 00 00 10 00 00 19 2b 72 65 73 65 74 2d 6d 00  .......+reset-m.
000036e0: 72 65 73 65 74 2d 68 00 00 00 00 03 00 00 00 08  reset-h.........
000036f0: 00 00 19 02 64 65 66 61 75 6c 74 00 00 00 00 03  ....default.....
00003700: 00 00 00 10 00 00 19 10 00 00 00 3c 00 00 00 3d  ...........<...=
00003710: 00 00 00 3e 00 00 00 3f 00 00 00 03 00 00 00 05  ...>...?........
00003720: 00 00 17 64 6f 6b 61 79 00 00 00 00 00 00 00 03  ...dokay........
00003730: 00 00 00 04 00 00 19 51 00 00 00 00 00 00 00 03  .......Q........
00003740: 00 00 00 04 00 00 13 95 00 00 00 c0 00 00 00 02  ................
00003750: 00 00 00 01 69 32 73 40 66 66 30 38 30 30 30 30  ....i2s@ff080000
00003760: 00 00 00 00 00 00 00 03 00 00 00 26 00 00 00 00  ...........&....
00003770: 72 6f 63 6b 63 68 69 70 2c 70 78 33 30 2d 69 32  rockchip,px30-i2
00003780: 73 00 72 6f 63 6b 63 68 69 70 2c 72 6b 33 30 36  s.rockchip,rk306
00003790: 36 2d 69 32 73 00 00 00 00 00 00 03 00 00 00 10  6-i2s...........
000037a0: 00 00 14 01 00 00 00 00 ff 08 00 00 00 00 00 00  ................
000037b0: 00 00 10 00 00 00 00 03 00 00 00 0c 00 00 17 13  ................
000037c0: 00 00 00 00 00 00 00 0e 00 00 00 04 00 00 00 03  ................
000037d0: 00 00 00 10 00 00 14 13 00 00 00 02 00 00 00 16  ................
000037e0: 00 00 00 02 00 00 01 08 00 00 00 03 00 00 00 11  ................
000037f0: 00 00 17 6b 69 32 73 5f 63 6c 6b 00 69 32 73 5f  ...ki2s_clk.i2s_
00003800: 68 63 6c 6b 00 00 00 00 00 00 00 03 00 00 00 10  hclk............
00003810: 00 00 18 fd 00 00 00 2b 00 00 00 14 00 00 00 2b  .......+.......+
00003820: 00 00 00 15 00 00 00 03 00 00 00 06 00 00 19 1a  ................
00003830: 74 78 00 72 78 00 00 00 00 00 00 03 00 00 00 10  tx.rx...........
00003840: 00 00 19 24 00 00 00 02 00 00 00 88 00 00 00 02  ...$............
00003850: 00 00 00 87 00 00 00 03 00 00 00 10 00 00 19 2b  ...............+
00003860: 72 65 73 65 74 2d 6d 00 72 65 73 65 74 2d 68 00  reset-m.reset-h.
00003870: 00 00 00 03 00 00 00 08 00 00 19 02 64 65 66 61  ............defa
00003880: 75 6c 74 00 00 00 00 03 00 00 00 10 00 00 19 10  ult.............
00003890: 00 00 00 40 00 00 00 41 00 00 00 42 00 00 00 43  ...@...A...B...C
000038a0: 00 00 00 03 00 00 00 09 00 00 17 64 64 69 73 61  ...........ddisa
000038b0: 62 6c 65 64 00 00 00 00 00 00 00 03 00 00 00 04  bled............
000038c0: 00 00 13 95 00 00 00 d1 00 00 00 02 00 00 00 01  ................
000038d0: 70 64 6d 40 66 66 30 61 30 30 30 30 00 00 00 00  pdm@ff0a0000....
000038e0: 00 00 00 03 00 00 00 1f 00 00 00 00 72 6f 63 6b  ............rock
000038f0: 63 68 69 70 2c 70 78 33 30 2d 70 64 6d 00 72 6f  chip,px30-pdm.ro
00003900: 63 6b 63 68 69 70 2c 70 64 6d 00 00 00 00 00 03  ckchip,pdm......
00003910: 00 00 00 10 00 00 14 01 00 00 00 00 ff 0a 00 00  ................
00003920: 00 00 00 00 00 00 10 00 00 00 00 03 00 00 00 10  ................
00003930: 00 00 14 13 00 00 00 02 00 00 00 0f 00 00 00 02  ................
00003940: 00 00 01 05 00 00 00 03 00 00 00 11 00 00 17 6b  ...............k
00003950: 70 64 6d 5f 63 6c 6b 00 70 64 6d 5f 68 63 6c 6b  pdm_clk.pdm_hclk
00003960: 00 00 00 00 00 00 00 03 00 00 00 08 00 00 18 fd  ................
00003970: 00 00 00 2b 00 00 00 18 00 00 00 03 00 00 00 03  ...+............
00003980: 00 00 19 1a 72 78 00 00 00 00 00 03 00 00 00 08  ....rx..........
00003990: 00 00 19 24 00 00 00 02 00 00 00 82 00 00 00 03  ...$............
000039a0: 00 00 00 06 00 00 19 2b 70 64 6d 2d 6d 00 00 00  .......+pdm-m...
000039b0: 00 00 00 03 00 00 00 08 00 00 19 02 64 65 66 61  ............defa
000039c0: 75 6c 74 00 00 00 00 03 00 00 00 18 00 00 19 10  ult.............
000039d0: 00 00 00 44 00 00 00 45 00 00 00 46 00 00 00 47  ...D...E...F...G
000039e0: 00 00 00 48 00 00 00 49 00 00 00 03 00 00 00 09  ...H...I........
000039f0: 00 00 17 64 64 69 73 61 62 6c 65 64 00 00 00 00  ...ddisabled....
00003a00: 00 00 00 03 00 00 00 04 00 00 13 95 00 00 00 d2  ................
00003a10: 00 00 00 02 00 00 00 01 63 72 79 70 74 6f 40 66  ........crypto@f
00003a20: 66 30 62 30 30 30 30 00 00 00 00 03 00 00 00 15  f0b0000.........
00003a30: 00 00 00 00 72 6f 63 6b 63 68 69 70 2c 70 78 33  ....rockchip,px3
00003a40: 30 2d 63 72 79 70 74 6f 00 00 00 00 00 00 00 03  0-crypto........
00003a50: 00 00 00 10 00 00 14 01 00 00 00 00 ff 0b 00 00  ................
00003a60: 00 00 00 00 00 00 40 00 00 00 00 03 00 00 00 0c  ......@.........
00003a70: 00 00 17 13 00 00 00 00 00 00 00 52 00 00 00 04  ...........R....
00003a80: 00 00 00 03 00 00 00 20 00 00 14 13 00 00 00 02  ....... ........
00003a90: 00 00 00 ac 00 00 00 02 00 00 00 f1 00 00 00 02  ................
00003aa0: 00 00 00 30 00 00 00 02 00 00 00 31 00 00 00 03  ...0.......1....
00003ab0: 00 00 00 18 00 00 17 6b 61 63 6c 6b 00 68 63 6c  .......kaclk.hcl
00003ac0: 6b 00 73 63 6c 6b 00 61 70 62 5f 70 63 6c 6b 00  k.sclk.apb_pclk.
00003ad0: 00 00 00 03 00 00 00 08 00 00 19 24 00 00 00 02  ...........$....
00003ae0: 00 00 00 74 00 00 00 03 00 00 00 0b 00 00 19 2b  ...t...........+
00003af0: 63 72 79 70 74 6f 2d 72 73 74 00 00 00 00 00 03  crypto-rst......
00003b00: 00 00 00 09 00 00 17 64 64 69 73 61 62 6c 65 64  .......ddisabled
00003b10: 00 00 00 00 00 00 00 03 00 00 00 04 00 00 13 95  ................
00003b20: 00 00 00 d3 00 00 00 02 00 00 00 01 72 6e 67 40  ............rng@
00003b30: 66 66 30 62 30 30 30 30 00 00 00 00 00 00 00 03  ff0b0000........
00003b40: 00 00 00 16 00 00 00 00 72 6f 63 6b 63 68 69 70  ........rockchip
00003b50: 2c 63 72 79 70 74 6f 76 32 2d 72 6e 67 00 00 00  ,cryptov2-rng...
00003b60: 00 00 00 03 00 00 00 10 00 00 14 01 00 00 00 00  ................
00003b70: ff 0b 00 00 00 00 00 00 00 00 40 00 00 00 00 03  ..........@.....
00003b80: 00 00 00 20 00 00 14 13 00 00 00 02 00 00 00 30  ... ...........0
00003b90: 00 00 00 02 00 00 00 31 00 00 00 02 00 00 00 ac  .......1........
00003ba0: 00 00 00 02 00 00 00 f1 00 00 00 03 00 00 00 32  ...............2
00003bb0: 00 00 17 6b 63 6c 6b 5f 63 72 79 70 74 6f 00 63  ...kclk_crypto.c
00003bc0: 6c 6b 5f 63 72 79 70 74 6f 5f 61 70 6b 00 61 63  lk_crypto_apk.ac
00003bd0: 6c 6b 5f 63 72 79 70 74 6f 00 68 63 6c 6b 5f 63  lk_crypto.hclk_c
00003be0: 72 79 70 74 6f 00 00 00 00 00 00 03 00 00 00 20  rypto.......... 
00003bf0: 00 00 19 62 00 00 00 02 00 00 00 30 00 00 00 02  ...b.......0....
00003c00: 00 00 00 31 00 00 00 02 00 00 00 ac 00 00 00 02  ...1............
00003c10: 00 00 00 f1 00 00 00 03 00 00 00 10 00 00 19 72  ...............r
00003c20: 08 f0 d1 80 08 f0 d1 80 0b eb c2 00 05 f5 e1 00  ................
00003c30: 00 00 00 03 00 00 00 08 00 00 19 24 00 00 00 02  ...........$....
00003c40: 00 00 00 74 00 00 00 03 00 00 00 06 00 00 19 2b  ...t...........+
00003c50: 72 65 73 65 74 00 00 00 00 00 00 03 00 00 00 05  reset...........
00003c60: 00 00 17 64 6f 6b 61 79 00 00 00 00 00 00 00 03  ...dokay........
00003c70: 00 00 00 04 00 00 13 95 00 00 00 d4 00 00 00 02  ................
00003c80: 00 00 00 01 69 6e 74 65 72 72 75 70 74 2d 63 6f  ....interrupt-co
00003c90: 6e 74 72 6f 6c 6c 65 72 40 66 66 31 33 31 30 30  ntroller@ff13100
00003ca0: 30 00 00 00 00 00 00 03 00 00 00 0c 00 00 00 00  0...............
00003cb0: 61 72 6d 2c 67 69 63 2d 34 30 30 00 00 00 00 03  arm,gic-400.....
00003cc0: 00 00 00 04 00 00 19 87 00 00 00 03 00 00 00 03  ................
00003cd0: 00 00 00 04 00 00 00 1c 00 00 00 00 00 00 00 03  ................
00003ce0: 00 00 00 00 00 00 19 98 00 00 00 03 00 00 00 40  ...............@
00003cf0: 00 00 14 01 00 00 00 00 ff 13 10 00 00 00 00 00  ................
00003d00: 00 00 10 00 00 00 00 00 ff 13 20 00 00 00 00 00  .......... .....
00003d10: 00 00 20 00 00 00 00 00 ff 13 40 00 00 00 00 00  .. .......@.....
00003d20: 00 00 20 00 00 00 00 00 ff 13 60 00 00 00 00 00  .. .......`.....
00003d30: 00 00 20 00 00 00 00 03 00 00 00 0c 00 00 17 13  .. .............
00003d40: 00 00 00 01 00 00 00 09 00 00 0f 04 00 00 00 03  ................
00003d50: 00 00 00 04 00 00 13 95 00 00 00 01 00 00 00 02  ................
00003d60: 00 00 00 01 73 79 73 63 6f 6e 40 66 66 31 34 30  ....syscon@ff140
00003d70: 30 30 30 00 00 00 00 03 00 00 00 24 00 00 00 00  000........$....
00003d80: 72 6f 63 6b 63 68 69 70 2c 70 78 33 30 2d 67 72  rockchip,px30-gr
00003d90: 66 00 73 79 73 63 6f 6e 00 73 69 6d 70 6c 65 2d  f.syscon.simple-
00003da0: 6d 66 64 00 00 00 00 03 00 00 00 10 00 00 14 01  mfd.............
00003db0: 00 00 00 00 ff 14 00 00 00 00 00 00 00 00 10 00  ................
00003dc0: 00 00 00 03 00 00 00 04 00 00 00 1c 00 00 00 01  ................
00003dd0: 00 00 00 03 00 00 00 04 00 00 00 2b 00 00 00 01  ...........+....
00003de0: 00 00 00 03 00 00 00 04 00 00 13 95 00 00 00 2f  .............../
00003df0: 00 00 00 01 69 6f 2d 64 6f 6d 61 69 6e 73 00 00  ....io-domains..
00003e00: 00 00 00 03 00 00 00 20 00 00 00 00 72 6f 63 6b  ....... ....rock
00003e10: 63 68 69 70 2c 70 78 33 30 2d 69 6f 2d 76 6f 6c  chip,px30-io-vol
00003e20: 74 61 67 65 2d 64 6f 6d 61 69 6e 00 00 00 00 03  tage-domain.....
00003e30: 00 00 00 05 00 00 17 64 6f 6b 61 79 00 00 00 00  .......dokay....
00003e40: 00 00 00 03 00 00 00 04 00 00 19 ad 00 00 00 4a  ...............J
00003e50: 00 00 00 03 00 00 00 04 00 00 19 bb 00 00 00 4b  ...............K
00003e60: 00 00 00 03 00 00 00 04 00 00 19 c9 00 00 00 4c  ...............L
00003e70: 00 00 00 03 00 00 00 04 00 00 19 d7 00 00 00 4d  ...............M
00003e80: 00 00 00 03 00 00 00 04 00 00 19 e5 00 00 00 4d  ...............M
00003e90: 00 00 00 03 00 00 00 04 00 00 19 f3 00 00 00 4c  ...............L
00003ea0: 00 00 00 03 00 00 00 04 00 00 13 95 00 00 00 d5  ................
00003eb0: 00 00 00 02 00 00 00 01 6c 76 64 73 00 00 00 00  ........lvds....
00003ec0: 00 00 00 03 00 00 00 13 00 00 00 00 72 6f 63 6b  ............rock
00003ed0: 63 68 69 70 2c 70 78 33 30 2d 6c 76 64 73 00 00  chip,px30-lvds..
00003ee0: 00 00 00 03 00 00 00 04 00 00 1a 01 00 00 00 4e  ...............N
00003ef0: 00 00 00 03 00 00 00 04 00 00 1a 06 70 68 79 00  ............phy.
00003f00: 00 00 00 03 00 00 00 09 00 00 17 64 64 69 73 61  ...........ddisa
00003f10: 62 6c 65 64 00 00 00 00 00 00 00 03 00 00 00 04  bled............
00003f20: 00 00 13 95 00 00 00 d6 00 00 00 01 70 6f 72 74  ............port
00003f30: 73 00 00 00 00 00 00 03 00 00 00 04 00 00 00 1c  s...............
00003f40: 00 00 00 01 00 00 00 03 00 00 00 04 00 00 00 2b  ...............+
00003f50: 00 00 00 00 00 00 00 01 70 6f 72 74 40 30 00 00  ........port@0..
00003f60: 00 00 00 03 00 00 00 04 00 00 14 01 00 00 00 00  ................
00003f70: 00 00 00 03 00 00 00 04 00 00 00 1c 00 00 00 01  ................
00003f80: 00 00 00 03 00 00 00 04 00 00 00 2b 00 00 00 00  ...........+....
00003f90: 00 00 00 01 65 6e 64 70 6f 69 6e 74 40 30 00 00  ....endpoint@0..
00003fa0: 00 00 00 03 00 00 00 04 00 00 14 01 00 00 00 00  ................
00003fb0: 00 00 00 03 00 00 00 04 00 00 1a 10 00 00 00 12  ................
00003fc0: 00 00 00 03 00 00 00 04 00 00 13 95 00 00 00 a2  ................
00003fd0: 00 00 00 02 00 00 00 02 00 00 00 02 00 00 00 02  ................
00003fe0: 00 00 00 01 72 67 62 00 00 00 00 03 00 00 00 12  ....rgb.........
00003ff0: 00 00 00 00 72 6f 63 6b 63 68 69 70 2c 70 78 33  ....rockchip,px3
00004000: 30 2d 72 67 62 00 00 00 00 00 00 03 00 00 00 0e  0-rgb...........
00004010: 00 00 19 02 64 65 66 61 75 6c 74 00 73 6c 65 65  ....default.slee
00004020: 70 00 00 00 00 00 00 03 00 00 00 04 00 00 19 10  p...............
00004030: 00 00 00 4f 00 00 00 03 00 00 00 04 00 00 1a 20  ...O........... 
00004040: 00 00 00 50 00 00 00 03 00 00 00 09 00 00 17 64  ...P...........d
00004050: 64 69 73 61 62 6c 65 64 00 00 00 00 00 00 00 03  disabled........
00004060: 00 00 00 04 00 00 1a 01 00 00 00 4e 00 00 00 03  ...........N....
00004070: 00 00 00 04 00 00 1a 06 70 68 79 00 00 00 00 03  ........phy.....
00004080: 00 00 00 04 00 00 13 95 00 00 00 d7 00 00 00 01  ................
00004090: 70 6f 72 74 73 00 00 00 00 00 00 03 00 00 00 04  ports...........
000040a0: 00 00 00 1c 00 00 00 01 00 00 00 03 00 00 00 04  ................
000040b0: 00 00 00 2b 00 00 00 00 00 00 00 01 70 6f 72 74  ...+........port
000040c0: 40 30 00 00 00 00 00 03 00 00 00 04 00 00 14 01  @0..............
000040d0: 00 00 00 00 00 00 00 03 00 00 00 04 00 00 00 1c  ................
000040e0: 00 00 00 01 00 00 00 03 00 00 00 04 00 00 00 2b  ...............+
000040f0: 00 00 00 00 00 00 00 01 65 6e 64 70 6f 69 6e 74  ........endpoint
00004100: 40 30 00 00 00 00 00 03 00 00 00 04 00 00 14 01  @0..............
00004110: 00 00 00 00 00 00 00 03 00 00 00 04 00 00 1a 10  ................
00004120: 00 00 00 14 00 00 00 03 00 00 00 04 00 00 13 95  ................
00004130: 00 00 00 a4 00 00 00 02 00 00 00 02 00 00 00 02  ................
00004140: 00 00 00 02 00 00 00 02 00 00 00 01 73 79 73 63  ............sysc
00004150: 6f 6e 40 66 66 31 34 38 30 30 30 00 00 00 00 03  on@ff148000.....
00004160: 00 00 00 12 00 00 00 00 73 79 73 63 6f 6e 00 73  ........syscon.s
00004170: 69 6d 70 6c 65 2d 6d 66 64 00 00 00 00 00 00 03  imple-mfd.......
00004180: 00 00 00 10 00 00 14 01 00 00 00 00 ff 14 80 00  ................
00004190: 00 00 00 00 00 00 10 00 00 00 00 03 00 00 00 04  ................
000041a0: 00 00 00 1c 00 00 00 01 00 00 00 03 00 00 00 04  ................
000041b0: 00 00 00 2b 00 00 00 01 00 00 00 03 00 00 00 04  ...+............
000041c0: 00 00 13 95 00 00 00 d8 00 00 00 01 70 76 74 6d  ............pvtm
000041d0: 00 00 00 00 00 00 00 03 00 00 00 13 00 00 00 00  ................
000041e0: 72 6f 63 6b 63 68 69 70 2c 70 78 33 30 2d 70 76  rockchip,px30-pv
000041f0: 74 6d 00 00 00 00 00 03 00 00 00 08 00 00 14 13  tm..............
00004200: 00 00 00 02 00 00 00 4a 00 00 00 03 00 00 00 05  .......J........
00004210: 00 00 17 6b 63 6f 72 65 00 00 00 00 00 00 00 03  ...kcore........
00004220: 00 00 00 05 00 00 17 64 6f 6b 61 79 00 00 00 00  .......dokay....
00004230: 00 00 00 03 00 00 00 04 00 00 13 95 00 00 00 d9  ................
00004240: 00 00 00 02 00 00 00 02 00 00 00 01 73 65 72 69  ............seri
00004250: 61 6c 40 66 66 31 35 38 30 30 30 00 00 00 00 03  al@ff158000.....
00004260: 00 00 00 24 00 00 00 00 72 6f 63 6b 63 68 69 70  ...$....rockchip
00004270: 2c 70 78 33 30 2d 75 61 72 74 00 73 6e 70 73 2c  ,px30-uart.snps,
00004280: 64 77 2d 61 70 62 2d 75 61 72 74 00 00 00 00 03  dw-apb-uart.....
00004290: 00 00 00 10 00 00 14 01 00 00 00 00 ff 15 80 00  ................
000042a0: 00 00 00 00 00 00 01 00 00 00 00 03 00 00 00 0c  ................
000042b0: 00 00 17 13 00 00 00 00 00 00 00 10 00 00 00 04  ................
000042c0: 00 00 00 03 00 00 00 10 00 00 14 13 00 00 00 02  ................
000042d0: 00 00 00 18 00 00 00 02 00 00 01 49 00 00 00 03  ...........I....
000042e0: 00 00 00 11 00 00 17 6b 62 61 75 64 63 6c 6b 00  .......kbaudclk.
000042f0: 61 70 62 5f 70 63 6c 6b 00 00 00 00 00 00 00 03  apb_pclk........
00004300: 00 00 00 04 00 00 18 e6 00 00 00 02 00 00 00 03  ................
00004310: 00 00 00 04 00 00 18 f0 00 00 00 04 00 00 00 03  ................
00004320: 00 00 00 10 00 00 18 fd 00 00 00 2b 00 00 00 02  ...........+....
00004330: 00 00 00 2b 00 00 00 03 00 00 00 03 00 00 00 08  ...+............
00004340: 00 00 19 02 64 65 66 61 75 6c 74 00 00 00 00 03  ....default.....
00004350: 00 00 00 08 00 00 19 10 00 00 00 51 00 00 00 52  ...........Q...R
00004360: 00 00 00 03 00 00 00 05 00 00 17 64 6f 6b 61 79  ...........dokay
00004370: 00 00 00 00 00 00 00 03 00 00 00 04 00 00 13 95  ................
00004380: 00 00 00 da 00 00 00 02 00 00 00 01 73 65 72 69  ............seri
00004390: 61 6c 40 66 66 31 36 30 30 30 30 00 00 00 00 03  al@ff160000.....
000043a0: 00 00 00 24 00 00 00 00 72 6f 63 6b 63 68 69 70  ...$....rockchip
000043b0: 2c 70 78 33 30 2d 75 61 72 74 00 73 6e 70 73 2c  ,px30-uart.snps,
000043c0: 64 77 2d 61 70 62 2d 75 61 72 74 00 00 00 00 03  dw-apb-uart.....
000043d0: 00 00 00 10 00 00 14 01 00 00 00 00 ff 16 00 00  ................
000043e0: 00 00 00 00 00 00 01 00 00 00 00 03 00 00 00 0c  ................
000043f0: 00 00 17 13 00 00 00 00 00 00 00 11 00 00 00 04  ................
00004400: 00 00 00 03 00 00 00 10 00 00 14 13 00 00 00 02  ................
00004410: 00 00 00 19 00 00 00 02 00 00 01 4a 00 00 00 03  ...........J....
00004420: 00 00 00 11 00 00 17 6b 62 61 75 64 63 6c 6b 00  .......kbaudclk.
00004430: 61 70 62 5f 70 63 6c 6b 00 00 00 00 00 00 00 03  apb_pclk........
00004440: 00 00 00 04 00 00 18 e6 00 00 00 02 00 00 00 03  ................
00004450: 00 00 00 04 00 00 18 f0 00 00 00 04 00 00 00 03  ................
00004460: 00 00 00 10 00 00 18 fd 00 00 00 2b 00 00 00 04  ...........+....
00004470: 00 00 00 2b 00 00 00 05 00 00 00 03 00 00 00 08  ...+............
00004480: 00 00 19 02 64 65 66 61 75 6c 74 00 00 00 00 03  ....default.....
00004490: 00 00 00 04 00 00 19 10 00 00 00 53 00 00 00 03  ...........S....
000044a0: 00 00 00 09 00 00 17 64 64 69 73 61 62 6c 65 64  .......ddisabled
000044b0: 00 00 00 00 00 00 00 03 00 00 00 04 00 00 13 95  ................
000044c0: 00 00 00 db 00 00 00 02 00 00 00 01 73 65 72 69  ............seri
000044d0: 61 6c 40 66 66 31 36 38 30 30 30 00 00 00 00 03  al@ff168000.....
000044e0: 00 00 00 24 00 00 00 00 72 6f 63 6b 63 68 69 70  ...$....rockchip
000044f0: 2c 70 78 33 30 2d 75 61 72 74 00 73 6e 70 73 2c  ,px30-uart.snps,
00004500: 64 77 2d 61 70 62 2d 75 61 72 74 00 00 00 00 03  dw-apb-uart.....
00004510: 00 00 00 10 00 00 14 01 00 00 00 00 ff 16 80 00  ................
00004520: 00 00 00 00 00 00 01 00 00 00 00 03 00 00 00 0c  ................
00004530: 00 00 17 13 00 00 00 00 00 00 00 12 00 00 00 04  ................
00004540: 00 00 00 03 00 00 00 10 00 00 14 13 00 00 00 02  ................
00004550: 00 00 00 1a 00 00 00 02 00 00 01 4b 00 00 00 03  ...........K....
00004560: 00 00 00 11 00 00 17 6b 62 61 75 64 63 6c 6b 00  .......kbaudclk.
00004570: 61 70 62 5f 70 63 6c 6b 00 00 00 00 00 00 00 03  apb_pclk........
00004580: 00 00 00 04 00 00 18 e6 00 00 00 02 00 00 00 03  ................
00004590: 00 00 00 04 00 00 18 f0 00 00 00 04 00 00 00 03  ................
000045a0: 00 00 00 10 00 00 18 fd 00 00 00 2b 00 00 00 06  ...........+....
000045b0: 00 00 00 2b 00 00 00 07 00 00 00 03 00 00 00 08  ...+............
000045c0: 00 00 19 02 64 65 66 61 75 6c 74 00 00 00 00 03  ....default.....
000045d0: 00 00 00 0c 00 00 19 10 00 00 00 54 00 00 00 55  ...........T...U
000045e0: 00 00 00 56 00 00 00 03 00 00 00 09 00 00 17 64  ...V...........d
000045f0: 64 69 73 61 62 6c 65 64 00 00 00 00 00 00 00 03  disabled........
00004600: 00 00 00 04 00 00 13 95 00 00 00 dc 00 00 00 02  ................
00004610: 00 00 00 01 73 65 72 69 61 6c 40 66 66 31 37 30  ....serial@ff170
00004620: 30 30 30 00 00 00 00 03 00 00 00 24 00 00 00 00  000........$....
00004630: 72 6f 63 6b 63 68 69 70 2c 70 78 33 30 2d 75 61  rockchip,px30-ua
00004640: 72 74 00 73 6e 70 73 2c 64 77 2d 61 70 62 2d 75  rt.snps,dw-apb-u
00004650: 61 72 74 00 00 00 00 03 00 00 00 10 00 00 14 01  art.............
00004660: 00 00 00 00 ff 17 00 00 00 00 00 00 00 00 01 00  ................
00004670: 00 00 00 03 00 00 00 0c 00 00 17 13 00 00 00 00  ................
00004680: 00 00 00 13 00 00 00 04 00 00 00 03 00 00 00 10  ................
00004690: 00 00 14 13 00 00 00 02 00 00 00 1b 00 00 00 02  ................
000046a0: 00 00 01 4c 00 00 00 03 00 00 00 11 00 00 17 6b  ...L...........k
000046b0: 62 61 75 64 63 6c 6b 00 61 70 62 5f 70 63 6c 6b  baudclk.apb_pclk
000046c0: 00 00 00 00 00 00 00 03 00 00 00 04 00 00 18 e6  ................
000046d0: 00 00 00 02 00 00 00 03 00 00 00 04 00 00 18 f0  ................
000046e0: 00 00 00 04 00 00 00 03 00 00 00 10 00 00 18 fd  ................
000046f0: 00 00 00 2b 00 00 00 08 00 00 00 2b 00 00 00 09  ...+.......+....
00004700: 00 00 00 03 00 00 00 08 00 00 19 02 64 65 66 61  ............defa
00004710: 75 6c 74 00 00 00 00 03 00 00 00 0c 00 00 19 10  ult.............
00004720: 00 00 00 57 00 00 00 58 00 00 00 59 00 00 00 03  ...W...X...Y....
00004730: 00 00 00 09 00 00 17 64 64 69 73 61 62 6c 65 64  .......ddisabled
00004740: 00 00 00 00 00 00 00 03 00 00 00 04 00 00 13 95  ................
00004750: 00 00 00 dd 00 00 00 02 00 00 00 01 73 65 72 69  ............seri
00004760: 61 6c 40 66 66 31 37 38 30 30 30 00 00 00 00 03  al@ff178000.....
00004770: 00 00 00 24 00 00 00 00 72 6f 63 6b 63 68 69 70  ...$....rockchip
00004780: 2c 70 78 33 30 2d 75 61 72 74 00 73 6e 70 73 2c  ,px30-uart.snps,
00004790: 64 77 2d 61 70 62 2d 75 61 72 74 00 00 00 00 03  dw-apb-uart.....
000047a0: 00 00 00 10 00 00 14 01 00 00 00 00 ff 17 80 00  ................
000047b0: 00 00 00 00 00 00 01 00 00 00 00 03 00 00 00 0c  ................
000047c0: 00 00 17 13 00 00 00 00 00 00 00 14 00 00 00 04  ................
000047d0: 00 00 00 03 00 00 00 10 00 00 14 13 00 00 00 02  ................
000047e0: 00 00 00 1c 00 00 00 02 00 00 01 4d 00 00 00 03  ...........M....
000047f0: 00 00 00 11 00 00 17 6b 62 61 75 64 63 6c 6b 00  .......kbaudclk.
00004800: 61 70 62 5f 70 63 6c 6b 00 00 00 00 00 00 00 03  apb_pclk........
00004810: 00 00 00 04 00 00 18 e6 00 00 00 02 00 00 00 03  ................
00004820: 00 00 00 04 00 00 18 f0 00 00 00 04 00 00 00 03  ................
00004830: 00 00 00 10 00 00 18 fd 00 00 00 2b 00 00 00 0a  ...........+....
00004840: 00 00 00 2b 00 00 00 0b 00 00 00 03 00 00 00 08  ...+............
00004850: 00 00 19 02 64 65 66 61 75 6c 74 00 00 00 00 03  ....default.....
00004860: 00 00 00 0c 00 00 19 10 00 00 00 5a 00 00 00 5b  ...........Z...[
00004870: 00 00 00 5c 00 00 00 03 00 00 00 09 00 00 17 64  ...\...........d
00004880: 64 69 73 61 62 6c 65 64 00 00 00 00 00 00 00 03  disabled........
00004890: 00 00 00 04 00 00 13 95 00 00 00 de 00 00 00 02  ................
000048a0: 00 00 00 01 69 32 63 40 66 66 31 38 30 30 30 30  ....i2c@ff180000
000048b0: 00 00 00 00 00 00 00 03 00 00 00 14 00 00 00 00  ................
000048c0: 72 6f 63 6b 63 68 69 70 2c 72 6b 33 33 39 39 2d  rockchip,rk3399-
000048d0: 69 32 63 00 00 00 00 03 00 00 00 10 00 00 14 01  i2c.............
000048e0: 00 00 00 00 ff 18 00 00 00 00 00 00 00 00 10 00  ................
000048f0: 00 00 00 03 00 00 00 10 00 00 14 13 00 00 00 02  ................
00004900: 00 00 00 1d 00 00 00 02 00 00 01 4e 00 00 00 03  ...........N....
00004910: 00 00 00 09 00 00 17 6b 69 32 63 00 70 63 6c 6b  .......ki2c.pclk
00004920: 00 00 00 00 00 00 00 03 00 00 00 0c 00 00 17 13  ................
00004930: 00 00 00 00 00 00 00 07 00 00 00 04 00 00 00 03  ................
00004940: 00 00 00 08 00 00 19 02 64 65 66 61 75 6c 74 00  ........default.
00004950: 00 00 00 03 00 00 00 04 00 00 19 10 00 00 00 5d  ...............]
00004960: 00 00 00 03 00 00 00 04 00 00 00 1c 00 00 00 01  ................
00004970: 00 00 00 03 00 00 00 04 00 00 00 2b 00 00 00 00  ...........+....
00004980: 00 00 00 03 00 00 00 05 00 00 17 64 6f 6b 61 79  ...........dokay
00004990: 00 00 00 00 00 00 00 03 00 00 00 04 00 00 17 d5  ................
000049a0: 00 06 1a 80 00 00 00 03 00 00 00 04 00 00 1a 2a  ...............*
000049b0: 00 00 01 18 00 00 00 03 00 00 00 04 00 00 1a 41  ...............A
000049c0: 00 00 00 10 00 00 00 03 00 00 00 04 00 00 13 95  ................
000049d0: 00 00 00 df 00 00 00 01 70 6d 69 63 40 32 30 00  ........pmic@20.
000049e0: 00 00 00 03 00 00 00 0f 00 00 00 00 72 6f 63 6b  ............rock
000049f0: 63 68 69 70 2c 72 6b 38 31 37 00 00 00 00 00 03  chip,rk817......
00004a00: 00 00 00 04 00 00 14 01 00 00 00 20 00 00 00 03  ........... ....
00004a10: 00 00 00 04 00 00 00 0b 00 00 00 5e 00 00 00 03  ...........^....
00004a20: 00 00 00 08 00 00 17 13 00 00 00 0a 00 00 00 08  ................
00004a30: 00 00 00 03 00 00 00 2d 00 00 19 02 64 65 66 61  .......-....defa
00004a40: 75 6c 74 00 70 6d 69 63 2d 73 6c 65 65 70 00 70  ult.pmic-sleep.p
00004a50: 6d 69 63 2d 70 6f 77 65 72 2d 6f 66 66 00 70 6d  mic-power-off.pm
00004a60: 69 63 2d 72 65 73 65 74 00 00 00 00 00 00 00 03  ic-reset........
00004a70: 00 00 00 04 00 00 19 10 00 00 00 5f 00 00 00 03  ..........._....
00004a80: 00 00 00 08 00 00 1a 20 00 00 00 60 00 00 00 61  ....... ...`...a
00004a90: 00 00 00 03 00 00 00 08 00 00 1a 59 00 00 00 62  ...........Y...b
00004aa0: 00 00 00 63 00 00 00 03 00 00 00 08 00 00 1a 63  ...c...........c
00004ab0: 00 00 00 64 00 00 00 65 00 00 00 03 00 00 00 00  ...d...e........
00004ac0: 00 00 1a 6d 00 00 00 03 00 00 00 00 00 00 1a 8e  ...m............
00004ad0: 00 00 00 03 00 00 00 04 00 00 17 f8 00 00 00 01  ................
00004ae0: 00 00 00 03 00 00 00 1c 00 00 17 e5 72 6b 38 30  ............rk80
00004af0: 38 2d 63 6c 6b 6f 75 74 31 00 72 6b 38 30 38 2d  8-clkout1.rk808-
00004b00: 63 6c 6b 6f 75 74 32 00 00 00 00 03 00 00 00 04  clkout2.........
00004b10: 00 00 1a 9c 00 00 00 01 00 00 00 03 00 00 00 04  ................
00004b20: 00 00 1a ac 00 00 00 66 00 00 00 03 00 00 00 04  .......f........
00004b30: 00 00 1a b8 00 00 00 66 00 00 00 03 00 00 00 04  .......f........
00004b40: 00 00 1a c4 00 00 00 66 00 00 00 03 00 00 00 04  .......f........
00004b50: 00 00 1a d0 00 00 00 66 00 00 00 03 00 00 00 04  .......f........
00004b60: 00 00 1a dc 00 00 00 66 00 00 00 03 00 00 00 04  .......f........
00004b70: 00 00 1a e8 00 00 00 66 00 00 00 03 00 00 00 04  .......f........
00004b80: 00 00 1a f4 00 00 00 4d 00 00 00 03 00 00 00 04  .......M........
00004b90: 00 00 1b 00 00 00 00 66 00 00 00 03 00 00 00 04  .......f........
00004ba0: 00 00 1b 0c 00 00 00 67 00 00 00 03 00 00 00 04  .......g........
00004bb0: 00 00 13 95 00 00 00 e0 00 00 00 01 70 77 72 6b  ............pwrk
00004bc0: 65 79 00 00 00 00 00 03 00 00 00 05 00 00 17 64  ey.............d
00004bd0: 6f 6b 61 79 00 00 00 00 00 00 00 02 00 00 00 01  okay............
00004be0: 70 69 6e 63 74 72 6c 5f 72 6b 38 78 78 00 00 00  pinctrl_rk8xx...
00004bf0: 00 00 00 03 00 00 00 00 00 00 1b 18 00 00 00 03  ................
00004c00: 00 00 00 04 00 00 1b 28 00 00 00 02 00 00 00 03  .......(........
00004c10: 00 00 00 04 00 00 13 95 00 00 00 e1 00 00 00 01  ................
00004c20: 72 6b 38 31 37 5f 74 73 5f 67 70 69 6f 31 00 00  rk817_ts_gpio1..
00004c30: 00 00 00 03 00 00 00 08 00 00 1b 34 67 70 69 6f  ...........4gpio
00004c40: 5f 74 73 00 00 00 00 03 00 00 00 09 00 00 1b 39  _ts............9
00004c50: 70 69 6e 5f 66 75 6e 31 00 00 00 00 00 00 00 03  pin_fun1........
00004c60: 00 00 00 04 00 00 13 95 00 00 00 e2 00 00 00 02  ................
00004c70: 00 00 00 01 72 6b 38 31 37 5f 67 74 5f 67 70 69  ....rk817_gt_gpi
00004c80: 6f 32 00 00 00 00 00 03 00 00 00 08 00 00 1b 34  o2.............4
00004c90: 67 70 69 6f 5f 67 74 00 00 00 00 03 00 00 00 09  gpio_gt.........
00004ca0: 00 00 1b 39 70 69 6e 5f 66 75 6e 31 00 00 00 00  ...9pin_fun1....
00004cb0: 00 00 00 03 00 00 00 04 00 00 13 95 00 00 00 e3  ................
00004cc0: 00 00 00 02 00 00 00 01 72 6b 38 31 37 5f 70 69  ........rk817_pi
00004cd0: 6e 5f 74 73 00 00 00 00 00 00 00 03 00 00 00 08  n_ts............
00004ce0: 00 00 1b 34 67 70 69 6f 5f 74 73 00 00 00 00 03  ...4gpio_ts.....
00004cf0: 00 00 00 09 00 00 1b 39 70 69 6e 5f 66 75 6e 30  .......9pin_fun0
00004d00: 00 00 00 00 00 00 00 03 00 00 00 04 00 00 13 95  ................
00004d10: 00 00 00 e4 00 00 00 02 00 00 00 01 72 6b 38 31  ............rk81
00004d20: 37 5f 70 69 6e 5f 67 74 00 00 00 00 00 00 00 03  7_pin_gt........
00004d30: 00 00 00 08 00 00 1b 34 67 70 69 6f 5f 67 74 00  .......4gpio_gt.
00004d40: 00 00 00 03 00 00 00 09 00 00 1b 39 70 69 6e 5f  ...........9pin_
00004d50: 66 75 6e 30 00 00 00 00 00 00 00 03 00 00 00 04  fun0............
00004d60: 00 00 13 95 00 00 00 e5 00 00 00 02 00 00 00 01  ................
00004d70: 72 6b 38 31 37 5f 73 6c 70 70 69 6e 5f 6e 75 6c  rk817_slppin_nul
00004d80: 6c 00 00 00 00 00 00 03 00 00 00 09 00 00 1b 34  l..............4
00004d90: 67 70 69 6f 5f 73 6c 70 00 00 00 00 00 00 00 03  gpio_slp........
00004da0: 00 00 00 09 00 00 1b 39 70 69 6e 5f 66 75 6e 30  .......9pin_fun0
00004db0: 00 00 00 00 00 00 00 03 00 00 00 04 00 00 13 95  ................
00004dc0: 00 00 00 e6 00 00 00 02 00 00 00 01 72 6b 38 31  ............rk81
00004dd0: 37 5f 73 6c 70 70 69 6e 5f 73 6c 70 00 00 00 00  7_slppin_slp....
00004de0: 00 00 00 03 00 00 00 09 00 00 1b 34 67 70 69 6f  ...........4gpio
00004df0: 5f 73 6c 70 00 00 00 00 00 00 00 03 00 00 00 09  _slp............
00004e00: 00 00 1b 39 70 69 6e 5f 66 75 6e 31 00 00 00 00  ...9pin_fun1....
00004e10: 00 00 00 03 00 00 00 04 00 00 13 95 00 00 00 61  ...............a
00004e20: 00 00 00 02 00 00 00 01 72 6b 38 31 37 5f 73 6c  ........rk817_sl
00004e30: 70 70 69 6e 5f 70 77 72 64 6e 00 00 00 00 00 03  ppin_pwrdn......
00004e40: 00 00 00 09 00 00 1b 34 67 70 69 6f 5f 73 6c 70  .......4gpio_slp
00004e50: 00 00 00 00 00 00 00 03 00 00 00 09 00 00 1b 39  ...............9
00004e60: 70 69 6e 5f 66 75 6e 32 00 00 00 00 00 00 00 03  pin_fun2........
00004e70: 00 00 00 04 00 00 13 95 00 00 00 63 00 00 00 02  ...........c....
00004e80: 00 00 00 01 72 6b 38 31 37 5f 73 6c 70 70 69 6e  ....rk817_slppin
00004e90: 5f 72 73 74 00 00 00 00 00 00 00 03 00 00 00 09  _rst............
00004ea0: 00 00 1b 34 67 70 69 6f 5f 73 6c 70 00 00 00 00  ...4gpio_slp....
00004eb0: 00 00 00 03 00 00 00 09 00 00 1b 39 70 69 6e 5f  ...........9pin_
00004ec0: 66 75 6e 33 00 00 00 00 00 00 00 03 00 00 00 04  fun3............
00004ed0: 00 00 13 95 00 00 00 65 00 00 00 02 00 00 00 02  .......e........
00004ee0: 00 00 00 01 72 65 67 75 6c 61 74 6f 72 73 00 00  ....regulators..
00004ef0: 00 00 00 01 44 43 44 43 5f 52 45 47 31 00 00 00  ....DCDC_REG1...
00004f00: 00 00 00 03 00 00 00 00 00 00 1b 42 00 00 00 03  ...........B....
00004f10: 00 00 00 00 00 00 1b 56 00 00 00 03 00 00 00 04  .......V........
00004f20: 00 00 1b 68 00 0e 7e f0 00 00 00 03 00 00 00 04  ...h..~.........
00004f30: 00 00 1b 80 00 14 99 70 00 00 00 03 00 00 00 04  .......p........
00004f40: 00 00 1b 98 00 00 17 71 00 00 00 03 00 00 00 04  .......q........
00004f50: 00 00 1b ad 00 00 00 02 00 00 00 03 00 00 00 0a  ................
00004f60: 00 00 1b c4 76 64 64 5f 6c 6f 67 69 63 00 00 00  ....vdd_logic...
00004f70: 00 00 00 03 00 00 00 04 00 00 13 95 00 00 00 0e  ................
00004f80: 00 00 00 01 72 65 67 75 6c 61 74 6f 72 2d 73 74  ....regulator-st
00004f90: 61 74 65 2d 6d 65 6d 00 00 00 00 03 00 00 00 00  ate-mem.........
00004fa0: 00 00 1b d3 00 00 00 03 00 00 00 04 00 00 1b eb  ................
00004fb0: 00 0e 7e f0 00 00 00 02 00 00 00 02 00 00 00 01  ..~.............
00004fc0: 44 43 44 43 5f 52 45 47 32 00 00 00 00 00 00 03  DCDC_REG2.......
00004fd0: 00 00 00 00 00 00 1b 42 00 00 00 03 00 00 00 00  .......B........
00004fe0: 00 00 1b 56 00 00 00 03 00 00 00 04 00 00 1b 68  ...V...........h
00004ff0: 00 0e 7e f0 00 00 00 03 00 00 00 04 00 00 1b 80  ..~.............
00005000: 00 14 99 70 00 00 00 03 00 00 00 04 00 00 1b 98  ...p............
00005010: 00 00 17 71 00 00 00 03 00 00 00 04 00 00 1b ad  ...q............
00005020: 00 00 00 02 00 00 00 03 00 00 00 08 00 00 1b c4  ................
00005030: 76 64 64 5f 61 72 6d 00 00 00 00 03 00 00 00 04  vdd_arm.........
00005040: 00 00 13 95 00 00 00 06 00 00 00 01 72 65 67 75  ............regu
00005050: 6c 61 74 6f 72 2d 73 74 61 74 65 2d 6d 65 6d 00  lator-state-mem.
00005060: 00 00 00 03 00 00 00 00 00 00 1c 07 00 00 00 03  ................
00005070: 00 00 00 04 00 00 1b eb 00 0e 7e f0 00 00 00 02  ..........~.....
00005080: 00 00 00 02 00 00 00 01 44 43 44 43 5f 52 45 47  ........DCDC_REG
00005090: 33 00 00 00 00 00 00 03 00 00 00 00 00 00 1b 42  3..............B
000050a0: 00 00 00 03 00 00 00 00 00 00 1b 56 00 00 00 03  ...........V....
000050b0: 00 00 00 04 00 00 1b ad 00 00 00 02 00 00 00 03  ................
000050c0: 00 00 00 08 00 00 1b c4 76 63 63 5f 64 64 72 00  ........vcc_ddr.
000050d0: 00 00 00 03 00 00 00 04 00 00 13 95 00 00 00 e7  ................
000050e0: 00 00 00 01 72 65 67 75 6c 61 74 6f 72 2d 73 74  ....regulator-st
000050f0: 61 74 65 2d 6d 65 6d 00 00 00 00 03 00 00 00 00  ate-mem.........
00005100: 00 00 1b d3 00 00 00 02 00 00 00 02 00 00 00 01  ................
00005110: 44 43 44 43 5f 52 45 47 34 00 00 00 00 00 00 03  DCDC_REG4.......
00005120: 00 00 00 00 00 00 1b 42 00 00 00 03 00 00 00 00  .......B........
00005130: 00 00 1b 56 00 00 00 03 00 00 00 04 00 00 1b 68  ...V...........h
00005140: 00 2d c6 c0 00 00 00 03 00 00 00 04 00 00 1b 80  .-..............
00005150: 00 2d c6 c0 00 00 00 03 00 00 00 04 00 00 1b ad  .-..............
00005160: 00 00 00 02 00 00 00 03 00 00 00 08 00 00 1b c4  ................
00005170: 76 63 63 5f 33 76 30 00 00 00 00 03 00 00 00 04  vcc_3v0.........
00005180: 00 00 13 95 00 00 00 4d 00 00 00 01 72 65 67 75  .......M....regu
00005190: 6c 61 74 6f 72 2d 73 74 61 74 65 2d 6d 65 6d 00  lator-state-mem.
000051a0: 00 00 00 03 00 00 00 00 00 00 1c 07 00 00 00 03  ................
000051b0: 00 00 00 04 00 00 1b eb 00 2d c6 c0 00 00 00 02  .........-......
000051c0: 00 00 00 02 00 00 00 01 4c 44 4f 5f 52 45 47 31  ........LDO_REG1
000051d0: 00 00 00 00 00 00 00 03 00 00 00 00 00 00 1b 42  ...............B
000051e0: 00 00 00 03 00 00 00 00 00 00 1b 56 00 00 00 03  ...........V....
000051f0: 00 00 00 04 00 00 1b 68 00 0f 42 40 00 00 00 03  .......h..B@....
00005200: 00 00 00 04 00 00 1b 80 00 0f 42 40 00 00 00 03  ..........B@....
00005210: 00 00 00 08 00 00 1b c4 76 63 63 5f 31 76 30 00  ........vcc_1v0.
00005220: 00 00 00 03 00 00 00 04 00 00 13 95 00 00 00 e8  ................
00005230: 00 00 00 01 72 65 67 75 6c 61 74 6f 72 2d 73 74  ....regulator-st
00005240: 61 74 65 2d 6d 65 6d 00 00 00 00 03 00 00 00 00  ate-mem.........
00005250: 00 00 1b d3 00 00 00 03 00 00 00 04 00 00 1b eb  ................
00005260: 00 0f 42 40 00 00 00 02 00 00 00 02 00 00 00 01  ..B@............
00005270: 4c 44 4f 5f 52 45 47 32 00 00 00 00 00 00 00 03  LDO_REG2........
00005280: 00 00 00 00 00 00 1b 42 00 00 00 03 00 00 00 00  .......B........
00005290: 00 00 1b 56 00 00 00 03 00 00 00 04 00 00 1b 68  ...V...........h
000052a0: 00 1b 77 40 00 00 00 03 00 00 00 04 00 00 1b 80  ..w@............
000052b0: 00 1b 77 40 00 00 00 03 00 00 00 0b 00 00 1b c4  ..w@............
000052c0: 76 63 63 31 76 38 5f 73 6f 63 00 00 00 00 00 03  vcc1v8_soc......
000052d0: 00 00 00 04 00 00 13 95 00 00 00 4c 00 00 00 01  ...........L....
000052e0: 72 65 67 75 6c 61 74 6f 72 2d 73 74 61 74 65 2d  regulator-state-
000052f0: 6d 65 6d 00 00 00 00 03 00 00 00 00 00 00 1b d3  mem.............
00005300: 00 00 00 03 00 00 00 04 00 00 1b eb 00 1b 77 40  ..............w@
00005310: 00 00 00 02 00 00 00 02 00 00 00 01 4c 44 4f 5f  ............LDO_
00005320: 52 45 47 33 00 00 00 00 00 00 00 03 00 00 00 00  REG3............
00005330: 00 00 1b 42 00 00 00 03 00 00 00 00 00 00 1b 56  ...B...........V
00005340: 00 00 00 03 00 00 00 04 00 00 1b 68 00 0f 42 40  ...........h..B@
00005350: 00 00 00 03 00 00 00 04 00 00 1b 80 00 0f 42 40  ..............B@
00005360: 00 00 00 03 00 00 00 0b 00 00 1b c4 76 63 63 31  ............vcc1
00005370: 76 30 5f 73 6f 63 00 00 00 00 00 03 00 00 00 04  v0_soc..........
00005380: 00 00 13 95 00 00 00 e9 00 00 00 01 72 65 67 75  ............regu
00005390: 6c 61 74 6f 72 2d 73 74 61 74 65 2d 6d 65 6d 00  lator-state-mem.
000053a0: 00 00 00 03 00 00 00 00 00 00 1b d3 00 00 00 03  ................
000053b0: 00 00 00 04 00 00 1b eb 00 0f 42 40 00 00 00 02  ..........B@....
000053c0: 00 00 00 02 00 00 00 01 4c 44 4f 5f 52 45 47 34  ........LDO_REG4
000053d0: 00 00 00 00 00 00 00 03 00 00 00 00 00 00 1b 42  ...............B
000053e0: 00 00 00 03 00 00 00 00 00 00 1b 56 00 00 00 03  ...........V....
000053f0: 00 00 00 04 00 00 1b 68 00 2d c6 c0 00 00 00 03  .......h.-......
00005400: 00 00 00 04 00 00 1b 80 00 2d c6 c0 00 00 00 03  .........-......
00005410: 00 00 00 0b 00 00 1b c4 76 63 63 33 76 30 5f 70  ........vcc3v0_p
00005420: 6d 75 00 00 00 00 00 03 00 00 00 04 00 00 13 95  mu..............
00005430: 00 00 00 29 00 00 00 01 72 65 67 75 6c 61 74 6f  ...)....regulato
00005440: 72 2d 73 74 61 74 65 2d 6d 65 6d 00 00 00 00 03  r-state-mem.....
00005450: 00 00 00 00 00 00 1b d3 00 00 00 03 00 00 00 04  ................
00005460: 00 00 1b eb 00 2d c6 c0 00 00 00 02 00 00 00 02  .....-..........
00005470: 00 00 00 01 4c 44 4f 5f 52 45 47 35 00 00 00 00  ....LDO_REG5....
00005480: 00 00 00 03 00 00 00 00 00 00 1b 42 00 00 00 03  ...........B....
00005490: 00 00 00 00 00 00 1b 56 00 00 00 03 00 00 00 04  .......V........
000054a0: 00 00 1b 68 00 1b 77 40 00 00 00 03 00 00 00 04  ...h..w@........
000054b0: 00 00 1b 80 00 32 5a a0 00 00 00 03 00 00 00 09  .....2Z.........
000054c0: 00 00 1b c4 76 63 63 69 6f 5f 73 64 00 00 00 00  ....vccio_sd....
000054d0: 00 00 00 03 00 00 00 04 00 00 13 95 00 00 00 4b  ...............K
000054e0: 00 00 00 01 72 65 67 75 6c 61 74 6f 72 2d 73 74  ....regulator-st
000054f0: 61 74 65 2d 6d 65 6d 00 00 00 00 03 00 00 00 00  ate-mem.........
00005500: 00 00 1b d3 00 00 00 03 00 00 00 04 00 00 1b eb  ................
00005510: 00 32 5a a0 00 00 00 02 00 00 00 02 00 00 00 01  .2Z.............
00005520: 4c 44 4f 5f 52 45 47 36 00 00 00 00 00 00 00 03  LDO_REG6........
00005530: 00 00 00 04 00 00 1b 68 00 32 5a a0 00 00 00 03  .......h.2Z.....
00005540: 00 00 00 04 00 00 1b 80 00 32 5a a0 00 00 00 03  .........2Z.....
00005550: 00 00 00 07 00 00 1b c4 76 63 63 5f 73 64 00 00  ........vcc_sd..
00005560: 00 00 00 03 00 00 00 04 00 00 13 95 00 00 00 95  ................
00005570: 00 00 00 01 72 65 67 75 6c 61 74 6f 72 2d 73 74  ....regulator-st
00005580: 61 74 65 2d 6d 65 6d 00 00 00 00 03 00 00 00 00  ate-mem.........
00005590: 00 00 1b d3 00 00 00 03 00 00 00 04 00 00 1b eb  ................
000055a0: 00 32 5a a0 00 00 00 02 00 00 00 02 00 00 00 01  .2Z.............
000055b0: 4c 44 4f 5f 52 45 47 37 00 00 00 00 00 00 00 03  LDO_REG7........
000055c0: 00 00 00 00 00 00 1b 42 00 00 00 03 00 00 00 00  .......B........
000055d0: 00 00 1b 56 00 00 00 03 00 00 00 04 00 00 1b 68  ...V...........h
000055e0: 00 1b 77 40 00 00 00 03 00 00 00 04 00 00 1b 80  ..w@............
000055f0: 00 32 5a a0 00 00 00 03 00 00 00 0b 00 00 1b c4  .2Z.............
00005600: 76 63 63 32 76 38 5f 64 76 70 00 00 00 00 00 03  vcc2v8_dvp......
00005610: 00 00 00 04 00 00 13 95 00 00 00 4a 00 00 00 01  ...........J....
00005620: 72 65 67 75 6c 61 74 6f 72 2d 73 74 61 74 65 2d  regulator-state-
00005630: 6d 65 6d 00 00 00 00 03 00 00 00 00 00 00 1b d3  mem.............
00005640: 00 00 00 03 00 00 00 04 00 00 1b eb 00 32 5a a0  .............2Z.
00005650: 00 00 00 02 00 00 00 02 00 00 00 01 4c 44 4f 5f  ............LDO_
00005660: 52 45 47 38 00 00 00 00 00 00 00 03 00 00 00 00  REG8............
00005670: 00 00 1b 42 00 00 00 03 00 00 00 00 00 00 1b 56  ...B...........V
00005680: 00 00 00 03 00 00 00 04 00 00 1b 68 00 32 5a a0  ...........h.2Z.
00005690: 00 00 00 03 00 00 00 04 00 00 1b 80 00 32 5a a0  .............2Z.
000056a0: 00 00 00 03 00 00 00 08 00 00 1b c4 76 63 63 5f  ............vcc_
000056b0: 6c 63 64 00 00 00 00 03 00 00 00 04 00 00 13 95  lcd.............
000056c0: 00 00 00 99 00 00 00 01 72 65 67 75 6c 61 74 6f  ........regulato
000056d0: 72 2d 73 74 61 74 65 2d 6d 65 6d 00 00 00 00 03  r-state-mem.....
000056e0: 00 00 00 00 00 00 1b d3 00 00 00 03 00 00 00 04  ................
000056f0: 00 00 1b eb 00 32 5a a0 00 00 00 02 00 00 00 02  .....2Z.........
00005700: 00 00 00 01 4c 44 4f 5f 52 45 47 39 00 00 00 00  ....LDO_REG9....
00005710: 00 00 00 03 00 00 00 00 00 00 1b 42 00 00 00 03  ...........B....
00005720: 00 00 00 00 00 00 1b 56 00 00 00 03 00 00 00 04  .......V........
00005730: 00 00 1b 68 00 16 e3 60 00 00 00 03 00 00 00 04  ...h...`........
00005740: 00 00 1b 80 00 16 e3 60 00 00 00 03 00 00 00 0b  .......`........
00005750: 00 00 1b c4 76 64 64 31 76 35 5f 64 76 70 00 00  ....vdd1v5_dvp..
00005760: 00 00 00 03 00 00 00 04 00 00 13 95 00 00 00 ea  ................
00005770: 00 00 00 01 72 65 67 75 6c 61 74 6f 72 2d 73 74  ....regulator-st
00005780: 61 74 65 2d 6d 65 6d 00 00 00 00 03 00 00 00 00  ate-mem.........
00005790: 00 00 1c 07 00 00 00 03 00 00 00 04 00 00 1b eb  ................
000057a0: 00 16 e3 60 00 00 00 02 00 00 00 02 00 00 00 01  ...`............
000057b0: 42 4f 4f 53 54 00 00 00 00 00 00 03 00 00 00 00  BOOST...........
000057c0: 00 00 1b 42 00 00 00 03 00 00 00 00 00 00 1b 56  ...B...........V
000057d0: 00 00 00 03 00 00 00 04 00 00 1b 68 00 4c 4b 40  ...........h.LK@
000057e0: 00 00 00 03 00 00 00 04 00 00 1b 80 00 52 65 c0  .............Re.
000057f0: 00 00 00 03 00 00 00 06 00 00 1b c4 62 6f 6f 73  ............boos
00005800: 74 00 00 00 00 00 00 03 00 00 00 04 00 00 13 95  t...............
00005810: 00 00 00 67 00 00 00 02 00 00 00 02 00 00 00 01  ...g............
00005820: 62 61 74 74 65 72 79 00 00 00 00 03 00 00 00 17  battery.........
00005830: 00 00 00 00 72 6b 38 31 37 2c 62 61 74 74 65 72  ....rk817,batter
00005840: 79 00 72 6b 38 31 37 5f 66 67 00 00 00 00 00 03  y.rk817_fg......
00005850: 00 00 00 54 00 00 1c 20 00 00 0c e4 00 00 0d 0c  ...T... ........
00005860: 00 00 0d 34 00 00 0d 5c 00 00 0d 84 00 00 0d ac  ...4...\........
00005870: 00 00 0d d4 00 00 0d f2 00 00 0e 1a 00 00 0e 42  ...............B
00005880: 00 00 0e 6a 00 00 0e 88 00 00 0e a6 00 00 0e ce  ...j............
00005890: 00 00 0e f6 00 00 0f 1e 00 00 0f 46 00 00 0f 64  ...........F...d
000058a0: 00 00 0f 7f 00 00 0f a1 00 00 0f ce 00 00 00 03  ................
000058b0: 00 00 00 04 00 00 1c 2a 00 00 0a d7 00 00 00 03  .......*........
000058c0: 00 00 00 04 00 00 1c 3a 00 00 0b ec 00 00 00 03  .......:........
000058d0: 00 00 00 04 00 00 1c 46 00 00 00 65 00 00 00 03  .......F...e....
000058e0: 00 00 00 04 00 00 1c 4e 00 00 01 2c 00 00 00 03  .......N...,....
000058f0: 00 00 00 04 00 00 1c 62 00 00 01 2c 00 00 00 03  .......b...,....
00005900: 00 00 00 04 00 00 1c 75 00 00 00 64 00 00 00 03  .......u...d....
00005910: 00 00 00 04 00 00 1c 8a 00 00 0c e4 00 00 00 03  ................
00005920: 00 00 00 04 00 00 1c 9b 00 00 0f 0a 00 00 00 03  ................
00005930: 00 00 00 04 00 00 1c ae 00 00 00 3c 00 00 00 03  ...........<....
00005940: 00 00 00 04 00 00 1c bd 00 00 00 05 00 00 00 03  ................
00005950: 00 00 00 04 00 00 1c c9 00 00 00 0a 00 00 00 03  ................
00005960: 00 00 00 04 00 00 1c d4 00 00 00 00 00 00 00 03  ................
00005970: 00 00 00 04 00 00 1c e2 00 00 00 00 00 00 00 02  ................
00005980: 00 00 00 01 63 68 61 72 67 65 72 00 00 00 00 03  ....charger.....
00005990: 00 00 00 0e 00 00 00 00 72 6b 38 31 37 2c 63 68  ........rk817,ch
000059a0: 61 72 67 65 72 00 00 00 00 00 00 03 00 00 00 04  arger...........
000059b0: 00 00 1c ef 00 00 11 94 00 00 00 03 00 00 00 04  ................
000059c0: 00 00 1d 01 00 00 05 dc 00 00 00 03 00 00 00 04  ................
000059d0: 00 00 1d 13 00 00 07 d0 00 00 00 03 00 00 00 04  ................
000059e0: 00 00 1d 24 00 00 10 68 00 00 00 03 00 00 00 04  ...$...h........
000059f0: 00 00 1d 35 00 00 00 00 00 00 00 03 00 00 00 04  ...5............
00005a00: 00 00 1d 44 00 00 01 2c 00 00 00 03 00 00 00 04  ...D...,........
00005a10: 00 00 1c d4 00 00 00 00 00 00 00 03 00 00 00 04  ................
00005a20: 00 00 1c c9 00 00 00 0a 00 00 00 03 00 00 00 0c  ................
00005a30: 00 00 1d 54 00 00 00 68 00 00 00 05 00 00 00 00  ...T...h........
00005a40: 00 00 00 03 00 00 00 04 00 00 1d 60 00 00 00 69  ...........`...i
00005a50: 00 00 00 02 00 00 00 01 63 6f 64 65 63 00 00 00  ........codec...
00005a60: 00 00 00 03 00 00 00 04 00 00 19 51 00 00 00 00  ...........Q....
00005a70: 00 00 00 03 00 00 00 15 00 00 00 00 72 6f 63 6b  ............rock
00005a80: 63 68 69 70 2c 72 6b 38 31 37 2d 63 6f 64 65 63  chip,rk817-codec
00005a90: 00 00 00 00 00 00 00 03 00 00 00 08 00 00 14 13  ................
00005aa0: 00 00 00 02 00 00 00 15 00 00 00 03 00 00 00 05  ................
00005ab0: 00 00 17 6b 6d 63 6c 6b 00 00 00 00 00 00 00 03  ...kmclk........
00005ac0: 00 00 00 08 00 00 19 02 64 65 66 61 75 6c 74 00  ........default.
00005ad0: 00 00 00 03 00 00 00 04 00 00 19 10 00 00 00 6a  ...............j
00005ae0: 00 00 00 03 00 00 00 04 00 00 1d 67 00 00 00 14  ...........g....
00005af0: 00 00 00 03 00 00 00 04 00 00 1d 71 00 00 00 03  ...........q....
00005b00: 00 00 00 03 00 00 00 04 00 00 1d 7c 00 00 00 48  ...........|...H
00005b10: 00 00 00 03 00 00 00 05 00 00 17 64 6f 6b 61 79  ...........dokay
00005b20: 00 00 00 00 00 00 00 03 00 00 00 04 00 00 13 95  ................
00005b30: 00 00 00 c1 00 00 00 02 00 00 00 02 00 00 00 02  ................
00005b40: 00 00 00 01 69 32 63 40 66 66 31 39 30 30 30 30  ....i2c@ff190000
00005b50: 00 00 00 00 00 00 00 03 00 00 00 14 00 00 00 00  ................
00005b60: 72 6f 63 6b 63 68 69 70 2c 72 6b 33 33 39 39 2d  rockchip,rk3399-
00005b70: 69 32 63 00 00 00 00 03 00 00 00 10 00 00 14 01  i2c.............
00005b80: 00 00 00 00 ff 19 00 00 00 00 00 00 00 00 10 00  ................
00005b90: 00 00 00 03 00 00 00 10 00 00 14 13 00 00 00 02  ................
00005ba0: 00 00 00 1e 00 00 00 02 00 00 01 4f 00 00 00 03  ...........O....
00005bb0: 00 00 00 09 00 00 17 6b 69 32 63 00 70 63 6c 6b  .......ki2c.pclk
00005bc0: 00 00 00 00 00 00 00 03 00 00 00 0c 00 00 17 13  ................
00005bd0: 00 00 00 00 00 00 00 08 00 00 00 04 00 00 00 03  ................
00005be0: 00 00 00 08 00 00 19 02 64 65 66 61 75 6c 74 00  ........default.
00005bf0: 00 00 00 03 00 00 00 04 00 00 19 10 00 00 00 6b  ...............k
00005c00: 00 00 00 03 00 00 00 04 00 00 00 1c 00 00 00 01  ................
00005c10: 00 00 00 03 00 00 00 04 00 00 00 2b 00 00 00 00  ...........+....
00005c20: 00 00 00 03 00 00 00 05 00 00 17 64 6f 6b 61 79  ...........dokay
00005c30: 00 00 00 00 00 00 00 03 00 00 00 04 00 00 17 d5  ................
00005c40: 00 06 1a 80 00 00 00 03 00 00 00 04 00 00 13 95  ................
00005c50: 00 00 00 eb 00 00 00 02 00 00 00 01 69 32 63 40  ............i2c@
00005c60: 66 66 31 61 30 30 30 30 00 00 00 00 00 00 00 03  ff1a0000........
00005c70: 00 00 00 14 00 00 00 00 72 6f 63 6b 63 68 69 70  ........rockchip
00005c80: 2c 72 6b 33 33 39 39 2d 69 32 63 00 00 00 00 03  ,rk3399-i2c.....
00005c90: 00 00 00 10 00 00 14 01 00 00 00 00 ff 1a 00 00  ................
00005ca0: 00 00 00 00 00 00 10 00 00 00 00 03 00 00 00 10  ................
00005cb0: 00 00 14 13 00 00 00 02 00 00 00 1f 00 00 00 02  ................
00005cc0: 00 00 01 50 00 00 00 03 00 00 00 09 00 00 17 6b  ...P...........k
00005cd0: 69 32 63 00 70 63 6c 6b 00 00 00 00 00 00 00 03  i2c.pclk........
00005ce0: 00 00 00 0c 00 00 17 13 00 00 00 00 00 00 00 09  ................
00005cf0: 00 00 00 04 00 00 00 03 00 00 00 08 00 00 19 02  ................
00005d00: 64 65 66 61 75 6c 74 00 00 00 00 03 00 00 00 04  default.........
00005d10: 00 00 19 10 00 00 00 6c 00 00 00 03 00 00 00 04  .......l........
00005d20: 00 00 00 1c 00 00 00 01 00 00 00 03 00 00 00 04  ................
00005d30: 00 00 00 2b 00 00 00 00 00 00 00 03 00 00 00 09  ...+............
00005d40: 00 00 17 64 64 69 73 61 62 6c 65 64 00 00 00 00  ...ddisabled....
00005d50: 00 00 00 03 00 00 00 04 00 00 13 95 00 00 00 ec  ................
00005d60: 00 00 00 02 00 00 00 01 69 32 63 40 66 66 31 62  ........i2c@ff1b
00005d70: 30 30 30 30 00 00 00 00 00 00 00 03 00 00 00 14  0000............
00005d80: 00 00 00 00 72 6f 63 6b 63 68 69 70 2c 72 6b 33  ....rockchip,rk3
00005d90: 33 39 39 2d 69 32 63 00 00 00 00 03 00 00 00 10  399-i2c.........
00005da0: 00 00 14 01 00 00 00 00 ff 1b 00 00 00 00 00 00  ................
00005db0: 00 00 10 00 00 00 00 03 00 00 00 10 00 00 14 13  ................
00005dc0: 00 00 00 02 00 00 00 20 00 00 00 02 00 00 01 51  ....... .......Q
00005dd0: 00 00 00 03 00 00 00 09 00 00 17 6b 69 32 63 00  ...........ki2c.
00005de0: 70 63 6c 6b 00 00 00 00 00 00 00 03 00 00 00 0c  pclk............
00005df0: 00 00 17 13 00 00 00 00 00 00 00 0a 00 00 00 04  ................
00005e00: 00 00 00 03 00 00 00 08 00 00 19 02 64 65 66 61  ............defa
00005e10: 75 6c 74 00 00 00 00 03 00 00 00 04 00 00 19 10  ult.............
00005e20: 00 00 00 6d 00 00 00 03 00 00 00 04 00 00 00 1c  ...m............
00005e30: 00 00 00 01 00 00 00 03 00 00 00 04 00 00 00 2b  ...............+
00005e40: 00 00 00 00 00 00 00 03 00 00 00 09 00 00 17 64  ...............d
00005e50: 64 69 73 61 62 6c 65 64 00 00 00 00 00 00 00 03  disabled........
00005e60: 00 00 00 04 00 00 13 95 00 00 00 ed 00 00 00 02  ................
00005e70: 00 00 00 01 73 70 69 40 66 66 31 64 30 30 30 30  ....spi@ff1d0000
00005e80: 00 00 00 00 00 00 00 03 00 00 00 26 00 00 00 00  ...........&....
00005e90: 72 6f 63 6b 63 68 69 70 2c 70 78 33 30 2d 73 70  rockchip,px30-sp
00005ea0: 69 00 72 6f 63 6b 63 68 69 70 2c 72 6b 33 30 36  i.rockchip,rk306
00005eb0: 36 2d 73 70 69 00 00 00 00 00 00 03 00 00 00 10  6-spi...........
00005ec0: 00 00 14 01 00 00 00 00 ff 1d 00 00 00 00 00 00  ................
00005ed0: 00 00 10 00 00 00 00 03 00 00 00 0c 00 00 17 13  ................
00005ee0: 00 00 00 00 00 00 00 1a 00 00 00 04 00 00 00 03  ................
00005ef0: 00 00 00 04 00 00 00 1c 00 00 00 01 00 00 00 03  ................
00005f00: 00 00 00 04 00 00 00 2b 00 00 00 00 00 00 00 03  .......+........
00005f10: 00 00 00 10 00 00 14 13 00 00 00 02 00 00 00 24  ...............$
00005f20: 00 00 00 02 00 00 01 55 00 00 00 03 00 00 00 10  .......U........
00005f30: 00 00 17 6b 73 70 69 63 6c 6b 00 61 70 62 5f 70  ...kspiclk.apb_p
00005f40: 63 6c 6b 00 00 00 00 03 00 00 00 10 00 00 18 fd  clk.............
00005f50: 00 00 00 2b 00 00 00 0c 00 00 00 2b 00 00 00 0d  ...+.......+....
00005f60: 00 00 00 03 00 00 00 06 00 00 19 1a 74 78 00 72  ............tx.r
00005f70: 78 00 00 00 00 00 00 03 00 00 00 13 00 00 19 02  x...............
00005f80: 64 65 66 61 75 6c 74 00 68 69 67 68 5f 73 70 65  default.high_spe
00005f90: 65 64 00 00 00 00 00 03 00 00 00 10 00 00 19 10  ed..............
00005fa0: 00 00 00 6e 00 00 00 6f 00 00 00 70 00 00 00 71  ...n...o...p...q
00005fb0: 00 00 00 03 00 00 00 10 00 00 1a 20 00 00 00 72  ........... ...r
00005fc0: 00 00 00 6f 00 00 00 73 00 00 00 74 00 00 00 03  ...o...s...t....
00005fd0: 00 00 00 09 00 00 17 64 64 69 73 61 62 6c 65 64  .......ddisabled
00005fe0: 00 00 00 00 00 00 00 03 00 00 00 04 00 00 13 95  ................
00005ff0: 00 00 00 ee 00 00 00 02 00 00 00 01 73 70 69 40  ............spi@
00006000: 66 66 31 64 38 30 30 30 00 00 00 00 00 00 00 03  ff1d8000........
00006010: 00 00 00 26 00 00 00 00 72 6f 63 6b 63 68 69 70  ...&....rockchip
00006020: 2c 70 78 33 30 2d 73 70 69 00 72 6f 63 6b 63 68  ,px30-spi.rockch
00006030: 69 70 2c 72 6b 33 30 36 36 2d 73 70 69 00 00 00  ip,rk3066-spi...
00006040: 00 00 00 03 00 00 00 10 00 00 14 01 00 00 00 00  ................
00006050: ff 1d 80 00 00 00 00 00 00 00 10 00 00 00 00 03  ................
00006060: 00 00 00 0c 00 00 17 13 00 00 00 00 00 00 00 1b  ................
00006070: 00 00 00 04 00 00 00 03 00 00 00 04 00 00 00 1c  ................
00006080: 00 00 00 01 00 00 00 03 00 00 00 04 00 00 00 2b  ...............+
00006090: 00 00 00 00 00 00 00 03 00 00 00 10 00 00 14 13  ................
000060a0: 00 00 00 02 00 00 00 25 00 00 00 02 00 00 01 56  .......%.......V
000060b0: 00 00 00 03 00 00 00 10 00 00 17 6b 73 70 69 63  ...........kspic
000060c0: 6c 6b 00 61 70 62 5f 70 63 6c 6b 00 00 00 00 03  lk.apb_pclk.....
000060d0: 00 00 00 10 00 00 18 fd 00 00 00 2b 00 00 00 0e  ...........+....
000060e0: 00 00 00 2b 00 00 00 0f 00 00 00 03 00 00 00 06  ...+............
000060f0: 00 00 19 1a 74 78 00 72 78 00 00 00 00 00 00 03  ....tx.rx.......
00006100: 00 00 00 13 00 00 19 02 64 65 66 61 75 6c 74 00  ........default.
00006110: 68 69 67 68 5f 73 70 65 65 64 00 00 00 00 00 03  high_speed......
00006120: 00 00 00 14 00 00 19 10 00 00 00 75 00 00 00 76  ...........u...v
00006130: 00 00 00 77 00 00 00 78 00 00 00 79 00 00 00 03  ...w...x...y....
00006140: 00 00 00 14 00 00 1a 20 00 00 00 7a 00 00 00 76  ....... ...z...v
00006150: 00 00 00 77 00 00 00 7b 00 00 00 7c 00 00 00 03  ...w...{...|....
00006160: 00 00 00 09 00 00 17 64 64 69 73 61 62 6c 65 64  .......ddisabled
00006170: 00 00 00 00 00 00 00 03 00 00 00 04 00 00 13 95  ................
00006180: 00 00 00 ef 00 00 00 02 00 00 00 01 77 61 74 63  ............watc
00006190: 68 64 6f 67 40 66 66 31 65 30 30 30 30 00 00 00  hdog@ff1e0000...
000061a0: 00 00 00 03 00 00 00 0c 00 00 00 00 73 6e 70 73  ............snps
000061b0: 2c 64 77 2d 77 64 74 00 00 00 00 03 00 00 00 10  ,dw-wdt.........
000061c0: 00 00 14 01 00 00 00 00 ff 1e 00 00 00 00 00 00  ................
000061d0: 00 00 01 00 00 00 00 03 00 00 00 08 00 00 14 13  ................
000061e0: 00 00 00 02 00 00 01 5b 00 00 00 03 00 00 00 0c  .......[........
000061f0: 00 00 17 13 00 00 00 00 00 00 00 25 00 00 00 04  ...........%....
00006200: 00 00 00 03 00 00 00 08 00 00 19 24 00 00 00 02  ...........$....
00006210: 00 00 00 b5 00 00 00 03 00 00 00 06 00 00 19 2b  ...............+
00006220: 72 65 73 65 74 00 00 00 00 00 00 03 00 00 00 09  reset...........
00006230: 00 00 17 64 64 69 73 61 62 6c 65 64 00 00 00 00  ...ddisabled....
00006240: 00 00 00 03 00 00 00 04 00 00 13 95 00 00 00 f0  ................
00006250: 00 00 00 02 00 00 00 01 70 77 6d 40 66 66 32 30  ........pwm@ff20
00006260: 30 30 30 30 00 00 00 00 00 00 00 03 00 00 00 26  0000...........&
00006270: 00 00 00 00 72 6f 63 6b 63 68 69 70 2c 70 78 33  ....rockchip,px3
00006280: 30 2d 70 77 6d 00 72 6f 63 6b 63 68 69 70 2c 72  0-pwm.rockchip,r
00006290: 6b 33 33 32 38 2d 70 77 6d 00 00 00 00 00 00 03  k3328-pwm.......
000062a0: 00 00 00 10 00 00 14 01 00 00 00 00 ff 20 00 00  ............. ..
000062b0: 00 00 00 00 00 00 00 10 00 00 00 03 00 00 00 04  ................
000062c0: 00 00 1d 8a 00 00 00 03 00 00 00 03 00 00 00 07  ................
000062d0: 00 00 19 02 61 63 74 69 76 65 00 00 00 00 00 03  ....active......
000062e0: 00 00 00 04 00 00 19 10 00 00 00 7d 00 00 00 03  ...........}....
000062f0: 00 00 00 10 00 00 14 13 00 00 00 02 00 00 00 22  ..............."
00006300: 00 00 00 02 00 00 01 53 00 00 00 03 00 00 00 09  .......S........
00006310: 00 00 17 6b 70 77 6d 00 70 63 6c 6b 00 00 00 00  ...kpwm.pclk....
00006320: 00 00 00 03 00 00 00 09 00 00 17 64 64 69 73 61  ...........ddisa
00006330: 62 6c 65 64 00 00 00 00 00 00 00 03 00 00 00 04  bled............
00006340: 00 00 13 95 00 00 00 f1 00 00 00 02 00 00 00 01  ................
00006350: 70 77 6d 40 66 66 32 30 30 30 31 30 00 00 00 00  pwm@ff200010....
00006360: 00 00 00 03 00 00 00 26 00 00 00 00 72 6f 63 6b  .......&....rock
00006370: 63 68 69 70 2c 70 78 33 30 2d 70 77 6d 00 72 6f  chip,px30-pwm.ro
00006380: 63 6b 63 68 69 70 2c 72 6b 33 33 32 38 2d 70 77  ckchip,rk3328-pw
00006390: 6d 00 00 00 00 00 00 03 00 00 00 10 00 00 14 01  m...............
000063a0: 00 00 00 00 ff 20 00 10 00 00 00 00 00 00 00 10  ..... ..........
000063b0: 00 00 00 03 00 00 00 04 00 00 1d 8a 00 00 00 03  ................
000063c0: 00 00 00 03 00 00 00 07 00 00 19 02 61 63 74 69  ............acti
000063d0: 76 65 00 00 00 00 00 03 00 00 00 04 00 00 19 10  ve..............
000063e0: 00 00 00 7e 00 00 00 03 00 00 00 10 00 00 14 13  ...~............
000063f0: 00 00 00 02 00 00 00 22 00 00 00 02 00 00 01 53  .......".......S
00006400: 00 00 00 03 00 00 00 09 00 00 17 6b 70 77 6d 00  ...........kpwm.
00006410: 70 63 6c 6b 00 00 00 00 00 00 00 03 00 00 00 05  pclk............
00006420: 00 00 17 64 6f 6b 61 79 00 00 00 00 00 00 00 03  ...dokay........
00006430: 00 00 00 04 00 00 13 95 00 00 00 be 00 00 00 02  ................
00006440: 00 00 00 01 70 77 6d 40 66 66 32 30 30 30 32 30  ....pwm@ff200020
00006450: 00 00 00 00 00 00 00 03 00 00 00 26 00 00 00 00  ...........&....
00006460: 72 6f 63 6b 63 68 69 70 2c 70 78 33 30 2d 70 77  rockchip,px30-pw
00006470: 6d 00 72 6f 63 6b 63 68 69 70 2c 72 6b 33 33 32  m.rockchip,rk332
00006480: 38 2d 70 77 6d 00 00 00 00 00 00 03 00 00 00 10  8-pwm...........
00006490: 00 00 14 01 00 00 00 00 ff 20 00 20 00 00 00 00  ......... . ....
000064a0: 00 00 00 10 00 00 00 03 00 00 00 04 00 00 1d 8a  ................
000064b0: 00 00 00 03 00 00 00 03 00 00 00 07 00 00 19 02  ................
000064c0: 61 63 74 69 76 65 00 00 00 00 00 03 00 00 00 04  active..........
000064d0: 00 00 19 10 00 00 00 7f 00 00 00 03 00 00 00 10  ................
000064e0: 00 00 14 13 00 00 00 02 00 00 00 22 00 00 00 02  ..........."....
000064f0: 00 00 01 53 00 00 00 03 00 00 00 09 00 00 17 6b  ...S...........k
00006500: 70 77 6d 00 70 63 6c 6b 00 00 00 00 00 00 00 03  pwm.pclk........
00006510: 00 00 00 09 00 00 17 64 64 69 73 61 62 6c 65 64  .......ddisabled
00006520: 00 00 00 00 00 00 00 03 00 00 00 04 00 00 13 95  ................
00006530: 00 00 00 f2 00 00 00 02 00 00 00 01 70 77 6d 40  ............pwm@
00006540: 66 66 32 30 30 30 33 30 00 00 00 00 00 00 00 03  ff200030........
00006550: 00 00 00 26 00 00 00 00 72 6f 63 6b 63 68 69 70  ...&....rockchip
00006560: 2c 70 78 33 30 2d 70 77 6d 00 72 6f 63 6b 63 68  ,px30-pwm.rockch
00006570: 69 70 2c 72 6b 33 33 32 38 2d 70 77 6d 00 00 00  ip,rk3328-pwm...
00006580: 00 00 00 03 00 00 00 10 00 00 14 01 00 00 00 00  ................
00006590: ff 20 00 30 00 00 00 00 00 00 00 10 00 00 00 03  . .0............
000065a0: 00 00 00 04 00 00 1d 8a 00 00 00 03 00 00 00 03  ................
000065b0: 00 00 00 07 00 00 19 02 61 63 74 69 76 65 00 00  ........active..
000065c0: 00 00 00 03 00 00 00 04 00 00 19 10 00 00 00 80  ................
000065d0: 00 00 00 03 00 00 00 10 00 00 14 13 00 00 00 02  ................
000065e0: 00 00 00 22 00 00 00 02 00 00 01 53 00 00 00 03  ...".......S....
000065f0: 00 00 00 09 00 00 17 6b 70 77 6d 00 70 63 6c 6b  .......kpwm.pclk
00006600: 00 00 00 00 00 00 00 03 00 00 00 09 00 00 17 64  ...............d
00006610: 64 69 73 61 62 6c 65 64 00 00 00 00 00 00 00 03  disabled........
00006620: 00 00 00 04 00 00 13 95 00 00 00 f3 00 00 00 02  ................
00006630: 00 00 00 01 70 77 6d 40 66 66 32 30 38 30 30 30  ....pwm@ff208000
00006640: 00 00 00 00 00 00 00 03 00 00 00 26 00 00 00 00  ...........&....
00006650: 72 6f 63 6b 63 68 69 70 2c 70 78 33 30 2d 70 77  rockchip,px30-pw
00006660: 6d 00 72 6f 63 6b 63 68 69 70 2c 72 6b 33 33 32  m.rockchip,rk332
00006670: 38 2d 70 77 6d 00 00 00 00 00 00 03 00 00 00 10  8-pwm...........
00006680: 00 00 14 01 00 00 00 00 ff 20 80 00 00 00 00 00  ......... ......
00006690: 00 00 00 10 00 00 00 03 00 00 00 04 00 00 1d 8a  ................
000066a0: 00 00 00 03 00 00 00 03 00 00 00 07 00 00 19 02  ................
000066b0: 61 63 74 69 76 65 00 00 00 00 00 03 00 00 00 04  active..........
000066c0: 00 00 19 10 00 00 00 81 00 00 00 03 00 00 00 10  ................
000066d0: 00 00 14 13 00 00 00 02 00 00 00 23 00 00 00 02  ...........#....
000066e0: 00 00 01 54 00 00 00 03 00 00 00 09 00 00 17 6b  ...T...........k
000066f0: 70 77 6d 00 70 63 6c 6b 00 00 00 00 00 00 00 03  pwm.pclk........
00006700: 00 00 00 09 00 00 17 64 64 69 73 61 62 6c 65 64  .......ddisabled
00006710: 00 00 00 00 00 00 00 03 00 00 00 04 00 00 13 95  ................
00006720: 00 00 00 f4 00 00 00 02 00 00 00 01 70 77 6d 40  ............pwm@
00006730: 66 66 32 30 38 30 31 30 00 00 00 00 00 00 00 03  ff208010........
00006740: 00 00 00 26 00 00 00 00 72 6f 63 6b 63 68 69 70  ...&....rockchip
00006750: 2c 70 78 33 30 2d 70 77 6d 00 72 6f 63 6b 63 68  ,px30-pwm.rockch
00006760: 69 70 2c 72 6b 33 33 32 38 2d 70 77 6d 00 00 00  ip,rk3328-pwm...
00006770: 00 00 00 03 00 00 00 10 00 00 14 01 00 00 00 00  ................
00006780: ff 20 80 10 00 00 00 00 00 00 00 10 00 00 00 03  . ..............
00006790: 00 00 00 04 00 00 1d 8a 00 00 00 03 00 00 00 03  ................
000067a0: 00 00 00 07 00 00 19 02 61 63 74 69 76 65 00 00  ........active..
000067b0: 00 00 00 03 00 00 00 04 00 00 19 10 00 00 00 82  ................
000067c0: 00 00 00 03 00 00 00 10 00 00 14 13 00 00 00 02  ................
000067d0: 00 00 00 23 00 00 00 02 00 00 01 54 00 00 00 03  ...#.......T....
000067e0: 00 00 00 09 00 00 17 6b 70 77 6d 00 70 63 6c 6b  .......kpwm.pclk
000067f0: 00 00 00 00 00 00 00 03 00 00 00 09 00 00 17 64  ...............d
00006800: 64 69 73 61 62 6c 65 64 00 00 00 00 00 00 00 03  disabled........
00006810: 00 00 00 04 00 00 13 95 00 00 00 f5 00 00 00 02  ................
00006820: 00 00 00 01 70 77 6d 40 66 66 32 30 38 30 32 30  ....pwm@ff208020
00006830: 00 00 00 00 00 00 00 03 00 00 00 26 00 00 00 00  ...........&....
00006840: 72 6f 63 6b 63 68 69 70 2c 70 78 33 30 2d 70 77  rockchip,px30-pw
00006850: 6d 00 72 6f 63 6b 63 68 69 70 2c 72 6b 33 33 32  m.rockchip,rk332
00006860: 38 2d 70 77 6d 00 00 00 00 00 00 03 00 00 00 10  8-pwm...........
00006870: 00 00 14 01 00 00 00 00 ff 20 80 20 00 00 00 00  ......... . ....
00006880: 00 00 00 10 00 00 00 03 00 00 00 04 00 00 1d 8a  ................
00006890: 00 00 00 03 00 00 00 03 00 00 00 07 00 00 19 02  ................
000068a0: 61 63 74 69 76 65 00 00 00 00 00 03 00 00 00 04  active..........
000068b0: 00 00 19 10 00 00 00 83 00 00 00 03 00 00 00 10  ................
000068c0: 00 00 14 13 00 00 00 02 00 00 00 23 00 00 00 02  ...........#....
000068d0: 00 00 01 54 00 00 00 03 00 00 00 09 00 00 17 6b  ...T...........k
000068e0: 70 77 6d 00 70 63 6c 6b 00 00 00 00 00 00 00 03  pwm.pclk........
000068f0: 00 00 00 09 00 00 17 64 64 69 73 61 62 6c 65 64  .......ddisabled
00006900: 00 00 00 00 00 00 00 03 00 00 00 04 00 00 13 95  ................
00006910: 00 00 00 f6 00 00 00 02 00 00 00 01 70 77 6d 40  ............pwm@
00006920: 66 66 32 30 38 30 33 30 00 00 00 00 00 00 00 03  ff208030........
00006930: 00 00 00 26 00 00 00 00 72 6f 63 6b 63 68 69 70  ...&....rockchip
00006940: 2c 70 78 33 30 2d 70 77 6d 00 72 6f 63 6b 63 68  ,px30-pwm.rockch
00006950: 69 70 2c 72 6b 33 33 32 38 2d 70 77 6d 00 00 00  ip,rk3328-pwm...
00006960: 00 00 00 03 00 00 00 10 00 00 14 01 00 00 00 00  ................
00006970: ff 20 80 30 00 00 00 00 00 00 00 10 00 00 00 03  . .0............
00006980: 00 00 00 04 00 00 1d 8a 00 00 00 03 00 00 00 03  ................
00006990: 00 00 00 07 00 00 19 02 61 63 74 69 76 65 00 00  ........active..
000069a0: 00 00 00 03 00 00 00 04 00 00 19 10 00 00 00 84  ................
000069b0: 00 00 00 03 00 00 00 10 00 00 14 13 00 00 00 02  ................
000069c0: 00 00 00 23 00 00 00 02 00 00 01 54 00 00 00 03  ...#.......T....
000069d0: 00 00 00 09 00 00 17 6b 70 77 6d 00 70 63 6c 6b  .......kpwm.pclk
000069e0: 00 00 00 00 00 00 00 03 00 00 00 09 00 00 17 64  ...............d
000069f0: 64 69 73 61 62 6c 65 64 00 00 00 00 00 00 00 03  disabled........
00006a00: 00 00 00 04 00 00 13 95 00 00 00 f7 00 00 00 02  ................
00006a10: 00 00 00 01 72 6b 74 69 6d 65 72 40 66 66 32 31  ....rktimer@ff21
00006a20: 30 30 30 30 00 00 00 00 00 00 00 03 00 00 00 16  0000............
00006a30: 00 00 00 00 72 6f 63 6b 63 68 69 70 2c 72 6b 33  ....rockchip,rk3
00006a40: 32 38 38 2d 74 69 6d 65 72 00 00 00 00 00 00 03  288-timer.......
00006a50: 00 00 00 10 00 00 14 01 00 00 00 00 ff 21 00 00  .............!..
00006a60: 00 00 00 00 00 00 10 00 00 00 00 03 00 00 00 0c  ................
00006a70: 00 00 17 13 00 00 00 00 00 00 00 1e 00 00 00 04  ................
00006a80: 00 00 00 03 00 00 00 10 00 00 14 13 00 00 00 02  ................
00006a90: 00 00 01 59 00 00 00 02 00 00 00 26 00 00 00 03  ...Y.......&....
00006aa0: 00 00 00 0b 00 00 17 6b 70 63 6c 6b 00 74 69 6d  .......kpclk.tim
00006ab0: 65 72 00 00 00 00 00 03 00 00 00 04 00 00 13 95  er..............
00006ac0: 00 00 00 f8 00 00 00 02 00 00 00 01 61 6d 62 61  ............amba
00006ad0: 00 00 00 00 00 00 00 03 00 00 00 0b 00 00 00 00  ................
00006ae0: 73 69 6d 70 6c 65 2d 62 75 73 00 00 00 00 00 03  simple-bus......
00006af0: 00 00 00 04 00 00 00 1c 00 00 00 02 00 00 00 03  ................
00006b00: 00 00 00 04 00 00 00 2b 00 00 00 02 00 00 00 03  .......+........
00006b10: 00 00 00 00 00 00 1d 95 00 00 00 01 64 6d 61 63  ............dmac
00006b20: 40 66 66 32 34 30 30 30 30 00 00 00 00 00 00 03  @ff240000.......
00006b30: 00 00 00 18 00 00 00 00 61 72 6d 2c 70 6c 33 33  ........arm,pl33
00006b40: 30 00 61 72 6d 2c 70 72 69 6d 65 63 65 6c 6c 00  0.arm,primecell.
00006b50: 00 00 00 03 00 00 00 10 00 00 14 01 00 00 00 00  ................
00006b60: ff 24 00 00 00 00 00 00 00 00 40 00 00 00 00 03  .$........@.....
00006b70: 00 00 00 18 00 00 17 13 00 00 00 00 00 00 00 01  ................
00006b80: 00 00 00 04 00 00 00 00 00 00 00 02 00 00 00 04  ................
00006b90: 00 00 00 03 00 00 00 08 00 00 14 13 00 00 00 02  ................
00006ba0: 00 00 00 bb 00 00 00 03 00 00 00 09 00 00 17 6b  ...............k
00006bb0: 61 70 62 5f 70 63 6c 6b 00 00 00 00 00 00 00 03  apb_pclk........
00006bc0: 00 00 00 04 00 00 1d 9c 00 00 00 01 00 00 00 03  ................
00006bd0: 00 00 00 00 00 00 1d a7 00 00 00 03 00 00 00 04  ................
00006be0: 00 00 13 95 00 00 00 2b 00 00 00 02 00 00 00 02  .......+........
00006bf0: 00 00 00 01 74 68 65 72 6d 61 6c 2d 7a 6f 6e 65  ....thermal-zone
00006c00: 73 00 00 00 00 00 00 03 00 00 00 04 00 00 13 95  s...............
00006c10: 00 00 00 f9 00 00 00 01 73 6f 63 2d 74 68 65 72  ........soc-ther
00006c20: 6d 61 6c 00 00 00 00 03 00 00 00 04 00 00 1d c2  mal.............
00006c30: 00 00 00 14 00 00 00 03 00 00 00 04 00 00 1d d8  ................
00006c40: 00 00 03 e8 00 00 00 03 00 00 00 04 00 00 1d e6  ................
00006c50: 00 00 02 ee 00 00 00 03 00 00 00 08 00 00 1d f8  ................
00006c60: 00 00 00 85 00 00 00 00 00 00 00 03 00 00 00 04  ................
00006c70: 00 00 13 95 00 00 00 fa 00 00 00 01 74 72 69 70  ............trip
00006c80: 73 00 00 00 00 00 00 01 74 72 69 70 2d 70 6f 69  s.......trip-poi
00006c90: 6e 74 2d 30 00 00 00 00 00 00 00 03 00 00 00 04  nt-0............
00006ca0: 00 00 1e 08 00 01 11 70 00 00 00 03 00 00 00 04  .......p........
00006cb0: 00 00 14 f2 00 00 07 d0 00 00 00 03 00 00 00 08  ................
00006cc0: 00 00 13 fc 70 61 73 73 69 76 65 00 00 00 00 03  ....passive.....
00006cd0: 00 00 00 04 00 00 13 95 00 00 00 fb 00 00 00 02  ................
00006ce0: 00 00 00 01 74 72 69 70 2d 70 6f 69 6e 74 2d 31  ....trip-point-1
00006cf0: 00 00 00 00 00 00 00 03 00 00 00 04 00 00 1e 08  ................
00006d00: 00 01 4c 08 00 00 00 03 00 00 00 04 00 00 14 f2  ..L.............
00006d10: 00 00 07 d0 00 00 00 03 00 00 00 08 00 00 13 fc  ................
00006d20: 70 61 73 73 69 76 65 00 00 00 00 03 00 00 00 04  passive.........
00006d30: 00 00 13 95 00 00 00 86 00 00 00 02 00 00 00 01  ................
00006d40: 73 6f 63 2d 63 72 69 74 00 00 00 00 00 00 00 03  soc-crit........
00006d50: 00 00 00 04 00 00 1e 08 00 01 c1 38 00 00 00 03  ...........8....
00006d60: 00 00 00 04 00 00 14 f2 00 00 07 d0 00 00 00 03  ................
00006d70: 00 00 00 09 00 00 13 fc 63 72 69 74 69 63 61 6c  ........critical
00006d80: 00 00 00 00 00 00 00 03 00 00 00 04 00 00 13 95  ................
00006d90: 00 00 00 fc 00 00 00 02 00 00 00 02 00 00 00 01  ................
00006da0: 63 6f 6f 6c 69 6e 67 2d 6d 61 70 73 00 00 00 00  cooling-maps....
00006db0: 00 00 00 01 6d 61 70 30 00 00 00 00 00 00 00 03  ....map0........
00006dc0: 00 00 00 04 00 00 1e 14 00 00 00 86 00 00 00 03  ................
00006dd0: 00 00 00 0c 00 00 1e 19 00 00 00 09 ff ff ff ff  ................
00006de0: ff ff ff ff 00 00 00 03 00 00 00 04 00 00 1e 28  ...............(
00006df0: 00 00 10 00 00 00 00 02 00 00 00 01 6d 61 70 31  ............map1
00006e00: 00 00 00 00 00 00 00 03 00 00 00 04 00 00 1e 14  ................
00006e10: 00 00 00 86 00 00 00 03 00 00 00 0c 00 00 1e 19  ................
00006e20: 00 00 00 87 ff ff ff ff ff ff ff ff 00 00 00 03  ................
00006e30: 00 00 00 04 00 00 1e 28 00 00 10 00 00 00 00 02  .......(........
00006e40: 00 00 00 02 00 00 00 02 00 00 00 01 67 70 75 2d  ............gpu-
00006e50: 74 68 65 72 6d 61 6c 00 00 00 00 03 00 00 00 04  thermal.........
00006e60: 00 00 1d c2 00 00 00 64 00 00 00 03 00 00 00 04  .......d........
00006e70: 00 00 1d d8 00 00 03 e8 00 00 00 03 00 00 00 08  ................
00006e80: 00 00 1d f8 00 00 00 85 00 00 00 01 00 00 00 03  ................
00006e90: 00 00 00 04 00 00 13 95 00 00 00 fd 00 00 00 02  ................
00006ea0: 00 00 00 02 00 00 00 01 74 73 61 64 63 40 66 66  ........tsadc@ff
00006eb0: 32 38 30 30 30 30 00 00 00 00 00 03 00 00 00 14  280000..........
00006ec0: 00 00 00 00 72 6f 63 6b 63 68 69 70 2c 70 78 33  ....rockchip,px3
00006ed0: 30 2d 74 73 61 64 63 00 00 00 00 03 00 00 00 10  0-tsadc.........
00006ee0: 00 00 14 01 00 00 00 00 ff 28 00 00 00 00 00 00  .........(......
00006ef0: 00 00 01 00 00 00 00 03 00 00 00 0c 00 00 17 13  ................
00006f00: 00 00 00 00 00 00 00 24 00 00 00 04 00 00 00 03  .......$........
00006f10: 00 00 00 04 00 00 19 44 00 00 00 2f 00 00 00 03  .......D.../....
00006f20: 00 00 00 10 00 00 14 13 00 00 00 02 00 00 00 2c  ...............,
00006f30: 00 00 00 02 00 00 01 58 00 00 00 03 00 00 00 0f  .......X........
00006f40: 00 00 17 6b 74 73 61 64 63 00 61 70 62 5f 70 63  ...ktsadc.apb_pc
00006f50: 6c 6b 00 00 00 00 00 03 00 00 00 08 00 00 19 62  lk.............b
00006f60: 00 00 00 02 00 00 00 2c 00 00 00 03 00 00 00 04  .......,........
00006f70: 00 00 19 72 00 00 c3 50 00 00 00 03 00 00 00 08  ...r...P........
00006f80: 00 00 19 24 00 00 00 02 00 00 00 a8 00 00 00 03  ...$............
00006f90: 00 00 00 0a 00 00 19 2b 74 73 61 64 63 2d 61 70  .......+tsadc-ap
00006fa0: 62 00 00 00 00 00 00 03 00 00 00 04 00 00 1e 35  b..............5
00006fb0: 00 00 00 01 00 00 00 03 00 00 00 04 00 00 1e 4b  ...............K
00006fc0: 00 01 d4 c0 00 00 00 03 00 00 00 05 00 00 17 64  ...............d
00006fd0: 6f 6b 61 79 00 00 00 00 00 00 00 03 00 00 00 0c  okay............
00006fe0: 00 00 19 02 67 70 69 6f 00 6f 74 70 6f 75 74 00  ....gpio.otpout.
00006ff0: 00 00 00 03 00 00 00 04 00 00 19 10 00 00 00 88  ................
00007000: 00 00 00 03 00 00 00 04 00 00 1a 20 00 00 00 89  ........... ....
00007010: 00 00 00 03 00 00 00 04 00 00 1a 59 00 00 00 88  ...........Y....
00007020: 00 00 00 03 00 00 00 04 00 00 13 95 00 00 00 85  ................
00007030: 00 00 00 02 00 00 00 01 73 61 72 61 64 63 40 66  ........saradc@f
00007040: 66 32 38 38 30 30 30 00 00 00 00 03 00 00 00 2c  f288000........,
00007050: 00 00 00 00 72 6f 63 6b 63 68 69 70 2c 70 78 33  ....rockchip,px3
00007060: 30 2d 73 61 72 61 64 63 00 72 6f 63 6b 63 68 69  0-saradc.rockchi
00007070: 70 2c 72 6b 33 33 39 39 2d 73 61 72 61 64 63 00  p,rk3399-saradc.
00007080: 00 00 00 03 00 00 00 10 00 00 14 01 00 00 00 00  ................
00007090: ff 28 80 00 00 00 00 00 00 00 01 00 00 00 00 03  .(..............
000070a0: 00 00 00 0c 00 00 17 13 00 00 00 00 00 00 00 54  ...............T
000070b0: 00 00 00 04 00 00 00 03 00 00 00 04 00 00 1e 62  ...............b
000070c0: 00 00 00 01 00 00 00 03 00 00 00 10 00 00 14 13  ................
000070d0: 00 00 00 02 00 00 00 2d 00 00 00 02 00 00 01 57  .......-.......W
000070e0: 00 00 00 03 00 00 00 10 00 00 17 6b 73 61 72 61  ...........ksara
000070f0: 64 63 00 61 70 62 5f 70 63 6c 6b 00 00 00 00 03  dc.apb_pclk.....
00007100: 00 00 00 08 00 00 19 24 00 00 00 02 00 00 00 a5  .......$........
00007110: 00 00 00 03 00 00 00 0b 00 00 19 2b 73 61 72 61  ...........+sara
00007120: 64 63 2d 61 70 62 00 00 00 00 00 03 00 00 00 05  dc-apb..........
00007130: 00 00 17 64 6f 6b 61 79 00 00 00 00 00 00 00 03  ...dokay........
00007140: 00 00 00 04 00 00 1e 74 00 00 00 4c 00 00 00 03  .......t...L....
00007150: 00 00 00 04 00 00 13 95 00 00 00 bb 00 00 00 02  ................
00007160: 00 00 00 01 6f 74 70 40 66 66 32 39 30 30 30 30  ....otp@ff290000
00007170: 00 00 00 00 00 00 00 03 00 00 00 12 00 00 00 00  ................
00007180: 72 6f 63 6b 63 68 69 70 2c 70 78 33 30 2d 6f 74  rockchip,px30-ot
00007190: 70 00 00 00 00 00 00 03 00 00 00 10 00 00 14 01  p...............
000071a0: 00 00 00 00 ff 29 00 00 00 00 00 00 00 00 40 00  .....)........@.
000071b0: 00 00 00 03 00 00 00 04 00 00 00 1c 00 00 00 01  ................
000071c0: 00 00 00 03 00 00 00 04 00 00 00 2b 00 00 00 01  ...........+....
000071d0: 00 00 00 03 00 00 00 18 00 00 14 13 00 00 00 02  ................
000071e0: 00 00 00 2f 00 00 00 02 00 00 01 5a 00 00 00 02  .../.......Z....
000071f0: 00 00 01 61 00 00 00 03 00 00 00 1e 00 00 17 6b  ...a...........k
00007200: 63 6c 6b 5f 6f 74 70 00 70 63 6c 6b 5f 6f 74 70  clk_otp.pclk_otp
00007210: 00 70 63 6c 6b 5f 6f 74 70 5f 70 68 79 00 00 00  .pclk_otp_phy...
00007220: 00 00 00 03 00 00 00 08 00 00 19 24 00 00 00 02  ...........$....
00007230: 00 00 00 b4 00 00 00 03 00 00 00 08 00 00 19 2b  ...............+
00007240: 6f 74 70 5f 70 68 79 00 00 00 00 03 00 00 00 04  otp_phy.........
00007250: 00 00 13 95 00 00 00 fe 00 00 00 01 69 64 40 37  ............id@7
00007260: 00 00 00 00 00 00 00 03 00 00 00 08 00 00 14 01  ................
00007270: 00 00 00 07 00 00 00 10 00 00 00 03 00 00 00 04  ................
00007280: 00 00 13 95 00 00 00 0f 00 00 00 02 00 00 00 01  ................
00007290: 63 70 75 2d 6c 65 61 6b 61 67 65 40 31 37 00 00  cpu-leakage@17..
000072a0: 00 00 00 03 00 00 00 08 00 00 14 01 00 00 00 17  ................
000072b0: 00 00 00 01 00 00 00 03 00 00 00 04 00 00 13 95  ................
000072c0: 00 00 00 07 00 00 00 02 00 00 00 01 70 65 72 66  ............perf
000072d0: 6f 72 6d 61 6e 63 65 40 31 65 00 00 00 00 00 03  ormance@1e......
000072e0: 00 00 00 08 00 00 14 01 00 00 00 1e 00 00 00 01  ................
000072f0: 00 00 00 03 00 00 00 08 00 00 1e 80 00 00 00 04  ................
00007300: 00 00 00 03 00 00 00 03 00 00 00 04 00 00 13 95  ................
00007310: 00 00 00 08 00 00 00 02 00 00 00 02 00 00 00 01  ................
00007320: 63 6c 6f 63 6b 2d 63 6f 6e 74 72 6f 6c 6c 65 72  clock-controller
00007330: 40 66 66 32 62 30 30 30 30 00 00 00 00 00 00 03  @ff2b0000.......
00007340: 00 00 00 12 00 00 00 00 72 6f 63 6b 63 68 69 70  ........rockchip
00007350: 2c 70 78 33 30 2d 63 72 75 00 00 00 00 00 00 03  ,px30-cru.......
00007360: 00 00 00 10 00 00 14 01 00 00 00 00 ff 2b 00 00  .............+..
00007370: 00 00 00 00 00 00 10 00 00 00 00 03 00 00 00 04  ................
00007380: 00 00 19 44 00 00 00 2f 00 00 00 03 00 00 00 04  ...D.../........
00007390: 00 00 1e 85 00 00 00 8a 00 00 00 03 00 00 00 04  ................
000073a0: 00 00 17 f8 00 00 00 01 00 00 00 03 00 00 00 04  ................
000073b0: 00 00 1e 94 00 00 00 01 00 00 00 03 00 00 00 08  ................
000073c0: 00 00 19 62 00 00 00 02 00 00 00 04 00 00 00 03  ...b............
000073d0: 00 00 00 04 00 00 19 72 3d fd 24 00 00 00 00 03  .......r=.$.....
000073e0: 00 00 00 04 00 00 13 95 00 00 00 02 00 00 00 02  ................
000073f0: 00 00 00 01 63 70 75 2d 62 6f 6f 73 74 40 66 66  ....cpu-boost@ff
00007400: 32 62 38 30 30 30 00 00 00 00 00 03 00 00 00 07  2b8000..........
00007410: 00 00 00 00 73 79 73 63 6f 6e 00 00 00 00 00 03  ....syscon......
00007420: 00 00 00 10 00 00 14 01 00 00 00 00 ff 2b 80 00  .............+..
00007430: 00 00 00 00 00 00 10 00 00 00 00 03 00 00 00 04  ................
00007440: 00 00 1e a1 00 00 10 32 00 00 00 03 00 00 00 04  .......2........
00007450: 00 00 1e b9 00 00 14 41 00 00 00 03 00 00 00 04  .......A........
00007460: 00 00 1e d1 00 00 10 36 00 00 00 03 00 00 00 04  .......6........
00007470: 00 00 1e ea 00 00 14 41 00 00 00 03 00 00 00 04  .......A........
00007480: 00 00 1f 03 00 00 00 01 00 00 00 03 00 00 00 04  ................
00007490: 00 00 1f 1d 00 00 00 00 00 00 00 03 00 00 00 04  ................
000074a0: 00 00 1f 3d 00 24 9f 00 00 00 00 03 00 00 00 04  ...=.$..........
000074b0: 00 00 1f 5d 00 00 01 00 00 00 00 03 00 00 00 04  ...]............
000074c0: 00 00 1f 7d 00 00 00 00 00 00 00 03 00 00 00 04  ...}............
000074d0: 00 00 1f 9a 00 00 00 00 00 00 00 03 00 00 00 04  ................
000074e0: 00 00 13 95 00 00 00 8a 00 00 00 02 00 00 00 01  ................
000074f0: 70 6d 75 2d 63 6c 6f 63 6b 2d 63 6f 6e 74 72 6f  pmu-clock-contro
00007500: 6c 6c 65 72 40 66 66 32 62 63 30 30 30 00 00 00  ller@ff2bc000...
00007510: 00 00 00 03 00 00 00 15 00 00 00 00 72 6f 63 6b  ............rock
00007520: 63 68 69 70 2c 70 78 33 30 2d 70 6d 75 63 72 75  chip,px30-pmucru
00007530: 00 00 00 00 00 00 00 03 00 00 00 10 00 00 14 01  ................
00007540: 00 00 00 00 ff 2b c0 00 00 00 00 00 00 00 10 00  .....+..........
00007550: 00 00 00 03 00 00 00 04 00 00 19 44 00 00 00 2f  ...........D.../
00007560: 00 00 00 03 00 00 00 04 00 00 17 f8 00 00 00 01  ................
00007570: 00 00 00 03 00 00 00 04 00 00 1e 94 00 00 00 01  ................
00007580: 00 00 00 03 00 00 00 50 00 00 19 62 00 00 00 2a  .......P...b...*
00007590: 00 00 00 01 00 00 00 2a 00 00 00 08 00 00 00 2a  .......*.......*
000075a0: 00 00 00 05 00 00 00 02 00 00 00 07 00 00 00 02  ................
000075b0: 00 00 00 ab 00 00 00 02 00 00 00 b0 00 00 00 02  ................
000075c0: 00 00 00 f0 00 00 00 02 00 00 00 f5 00 00 00 02  ................
000075d0: 00 00 01 40 00 00 00 02 00 00 00 49 00 00 00 03  ...@.......I....
000075e0: 00 00 00 28 00 00 19 72 47 86 8c 00 05 f5 e1 00  ...(...rG.......
000075f0: 01 8c ba 80 23 c3 46 00 0b eb c2 00 0b eb c2 00  ....#.F.........
00007600: 08 f0 d1 80 08 f0 d1 80 05 f5 e1 00 0b eb c2 00  ................
00007610: 00 00 00 03 00 00 00 04 00 00 13 95 00 00 00 2a  ...............*
00007620: 00 00 00 02 00 00 00 01 73 79 73 63 6f 6e 40 66  ........syscon@f
00007630: 66 32 63 30 30 30 30 00 00 00 00 03 00 00 00 2c  f2c0000........,
00007640: 00 00 00 00 72 6f 63 6b 63 68 69 70 2c 70 78 33  ....rockchip,px3
00007650: 30 2d 75 73 62 32 70 68 79 2d 67 72 66 00 73 79  0-usb2phy-grf.sy
00007660: 73 63 6f 6e 00 73 69 6d 70 6c 65 2d 6d 66 64 00  scon.simple-mfd.
00007670: 00 00 00 03 00 00 00 10 00 00 14 01 00 00 00 00  ................
00007680: ff 2c 00 00 00 00 00 00 00 01 00 00 00 00 00 03  .,..............
00007690: 00 00 00 04 00 00 00 1c 00 00 00 01 00 00 00 03  ................
000076a0: 00 00 00 04 00 00 00 2b 00 00 00 01 00 00 00 03  .......+........
000076b0: 00 00 00 04 00 00 13 95 00 00 00 ff 00 00 00 01  ................
000076c0: 75 73 62 32 2d 70 68 79 40 31 30 30 00 00 00 00  usb2-phy@100....
000076d0: 00 00 00 03 00 00 00 2e 00 00 00 00 72 6f 63 6b  ............rock
000076e0: 63 68 69 70 2c 70 78 33 30 2d 75 73 62 32 70 68  chip,px30-usb2ph
000076f0: 79 00 72 6f 63 6b 63 68 69 70 2c 72 6b 33 33 32  y.rockchip,rk332
00007700: 38 2d 75 73 62 32 70 68 79 00 00 00 00 00 00 03  8-usb2phy.......
00007710: 00 00 00 08 00 00 14 01 00 00 01 00 00 00 00 10  ................
00007720: 00 00 00 03 00 00 00 08 00 00 14 13 00 00 00 2a  ...............*
00007730: 00 00 00 0a 00 00 00 03 00 00 00 07 00 00 17 6b  ...............k
00007740: 70 68 79 63 6c 6b 00 00 00 00 00 03 00 00 00 04  phyclk..........
00007750: 00 00 17 f8 00 00 00 00 00 00 00 03 00 00 00 10  ................
00007760: 00 00 19 62 00 00 00 02 00 00 00 0e 00 00 00 02  ...b............
00007770: 00 00 00 55 00 00 00 03 00 00 00 0c 00 00 1f b0  ...U............
00007780: 00 00 00 69 00 00 00 02 00 00 00 0e 00 00 00 03  ...i............
00007790: 00 00 00 0c 00 00 17 e5 75 73 62 34 38 30 6d 5f  ........usb480m_
000077a0: 70 68 79 00 00 00 00 03 00 00 00 05 00 00 17 64  phy............d
000077b0: 6f 6b 61 79 00 00 00 00 00 00 00 03 00 00 00 04  okay............
000077c0: 00 00 13 95 00 00 00 69 00 00 00 01 68 6f 73 74  .......i....host
000077d0: 2d 70 6f 72 74 00 00 00 00 00 00 03 00 00 00 04  -port...........
000077e0: 00 00 1f c7 00 00 00 00 00 00 00 03 00 00 00 0c  ................
000077f0: 00 00 17 13 00 00 00 00 00 00 00 44 00 00 00 04  ...........D....
00007800: 00 00 00 03 00 00 00 0a 00 00 1f d2 6c 69 6e 65  ............line
00007810: 73 74 61 74 65 00 00 00 00 00 00 03 00 00 00 05  state...........
00007820: 00 00 17 64 6f 6b 61 79 00 00 00 00 00 00 00 03  ...dokay........
00007830: 00 00 00 04 00 00 13 95 00 00 00 8e 00 00 00 02  ................
00007840: 00 00 00 01 6f 74 67 2d 70 6f 72 74 00 00 00 00  ....otg-port....
00007850: 00 00 00 03 00 00 00 04 00 00 1f c7 00 00 00 00  ................
00007860: 00 00 00 03 00 00 00 24 00 00 17 13 00 00 00 00  .......$........
00007870: 00 00 00 42 00 00 00 04 00 00 00 00 00 00 00 41  ...B...........A
00007880: 00 00 00 04 00 00 00 00 00 00 00 40 00 00 00 04  ...........@....
00007890: 00 00 00 03 00 00 00 1c 00 00 1f d2 6f 74 67 2d  ............otg-
000078a0: 62 76 61 6c 69 64 00 6f 74 67 2d 69 64 00 6c 69  bvalid.otg-id.li
000078b0: 6e 65 73 74 61 74 65 00 00 00 00 03 00 00 00 09  nestate.........
000078c0: 00 00 17 64 64 69 73 61 62 6c 65 64 00 00 00 00  ...ddisabled....
000078d0: 00 00 00 03 00 00 00 04 00 00 13 95 00 00 00 8c  ................
000078e0: 00 00 00 02 00 00 00 02 00 00 00 02 00 00 00 01  ................
000078f0: 76 69 64 65 6f 2d 70 68 79 40 66 66 32 65 30 30  video-phy@ff2e00
00007900: 30 30 00 00 00 00 00 03 00 00 00 18 00 00 00 00  00..............
00007910: 72 6f 63 6b 63 68 69 70 2c 70 78 33 30 2d 76 69  rockchip,px30-vi
00007920: 64 65 6f 2d 70 68 79 00 00 00 00 03 00 00 00 20  deo-phy........ 
00007930: 00 00 14 01 00 00 00 00 ff 2e 00 00 00 00 00 00  ................
00007940: 00 01 00 00 00 00 00 00 ff 45 00 00 00 00 00 00  .........E......
00007950: 00 01 00 00 00 00 00 03 00 00 00 18 00 00 14 13  ................
00007960: 00 00 00 2a 00 00 00 0b 00 00 00 02 00 00 01 45  ...*...........E
00007970: 00 00 00 02 00 00 01 44 00 00 00 03 00 00 00 17  .......D........
00007980: 00 00 17 6b 72 65 66 00 70 63 6c 6b 5f 70 68 79  ...kref.pclk_phy
00007990: 00 70 63 6c 6b 5f 68 6f 73 74 00 00 00 00 00 03  .pclk_host......
000079a0: 00 00 00 04 00 00 17 f8 00 00 00 00 00 00 00 03  ................
000079b0: 00 00 00 08 00 00 19 24 00 00 00 02 00 00 00 3e  .......$.......>
000079c0: 00 00 00 03 00 00 00 04 00 00 19 2b 72 73 74 00  ...........+rst.
000079d0: 00 00 00 03 00 00 00 08 00 00 1f e2 00 00 00 8b  ................
000079e0: 00 00 00 0c 00 00 00 03 00 00 00 04 00 00 1f c7  ................
000079f0: 00 00 00 00 00 00 00 03 00 00 00 05 00 00 17 64  ...............d
00007a00: 6f 6b 61 79 00 00 00 00 00 00 00 03 00 00 00 04  okay............
00007a10: 00 00 13 95 00 00 00 4e 00 00 00 02 00 00 00 01  .......N........
00007a20: 6d 69 70 69 2d 64 70 68 79 2d 72 78 30 40 66 66  mipi-dphy-rx0@ff
00007a30: 32 66 30 30 30 30 00 00 00 00 00 03 00 00 00 1a  2f0000..........
00007a40: 00 00 00 00 72 6f 63 6b 63 68 69 70 2c 72 6b 33  ....rockchip,rk3
00007a50: 33 32 36 2d 6d 69 70 69 2d 64 70 68 79 00 00 00  326-mipi-dphy...
00007a60: 00 00 00 03 00 00 00 10 00 00 14 01 00 00 00 00  ................
00007a70: ff 2f 00 00 00 00 00 00 00 00 40 00 00 00 00 03  ./........@.....
00007a80: 00 00 00 08 00 00 14 13 00 00 00 02 00 00 01 46  ...............F
00007a90: 00 00 00 03 00 00 00 09 00 00 17 6b 64 70 68 79  ...........kdphy
00007aa0: 2d 72 65 66 00 00 00 00 00 00 00 03 00 00 00 08  -ref............
00007ab0: 00 00 1f e2 00 00 00 8b 00 00 00 0d 00 00 00 03  ................
00007ac0: 00 00 00 04 00 00 19 44 00 00 00 2f 00 00 00 03  .......D.../....
00007ad0: 00 00 00 09 00 00 17 64 64 69 73 61 62 6c 65 64  .......ddisabled
00007ae0: 00 00 00 00 00 00 00 03 00 00 00 04 00 00 13 95  ................
00007af0: 00 00 01 00 00 00 00 02 00 00 00 01 75 73 62 40  ............usb@
00007b00: 66 66 33 30 30 30 30 30 00 00 00 00 00 00 00 03  ff300000........
00007b10: 00 00 00 30 00 00 00 00 72 6f 63 6b 63 68 69 70  ...0....rockchip
00007b20: 2c 70 78 33 30 2d 75 73 62 00 72 6f 63 6b 63 68  ,px30-usb.rockch
00007b30: 69 70 2c 72 6b 33 30 36 36 2d 75 73 62 00 73 6e  ip,rk3066-usb.sn
00007b40: 70 73 2c 64 77 63 32 00 00 00 00 03 00 00 00 10  ps,dwc2.........
00007b50: 00 00 14 01 00 00 00 00 ff 30 00 00 00 00 00 00  .........0......
00007b60: 00 04 00 00 00 00 00 03 00 00 00 0c 00 00 17 13  ................
00007b70: 00 00 00 00 00 00 00 3e 00 00 00 04 00 00 00 03  .......>........
00007b80: 00 00 00 08 00 00 14 13 00 00 00 02 00 00 01 02  ................
00007b90: 00 00 00 03 00 00 00 04 00 00 17 6b 6f 74 67 00  ...........kotg.
00007ba0: 00 00 00 03 00 00 00 08 00 00 1f e2 00 00 00 8b  ................
00007bb0: 00 00 00 05 00 00 00 03 00 00 00 04 00 00 1f f0  ................
00007bc0: 6f 74 67 00 00 00 00 03 00 00 00 04 00 00 1f f8  otg.............
00007bd0: 00 00 00 10 00 00 00 03 00 00 00 04 00 00 20 0a  .............. .
00007be0: 00 00 01 18 00 00 00 03 00 00 00 18 00 00 20 19  .............. .
00007bf0: 00 00 01 00 00 00 00 80 00 00 00 80 00 00 00 40  ...............@
00007c00: 00 00 00 20 00 00 00 10 00 00 00 03 00 00 00 00  ... ............
00007c10: 00 00 20 28 00 00 00 03 00 00 00 04 00 00 1a 01  .. (............
00007c20: 00 00 00 8c 00 00 00 03 00 00 00 09 00 00 1a 06  ................
00007c30: 75 73 62 32 2d 70 68 79 00 00 00 00 00 00 00 03  usb2-phy........
00007c40: 00 00 00 05 00 00 17 64 6f 6b 61 79 00 00 00 00  .......dokay....
00007c50: 00 00 00 03 00 00 00 04 00 00 20 32 00 00 00 8d  .......... 2....
00007c60: 00 00 00 03 00 00 00 04 00 00 13 95 00 00 01 01  ................
00007c70: 00 00 00 02 00 00 00 01 75 73 62 40 66 66 33 34  ........usb@ff34
00007c80: 30 30 30 30 00 00 00 00 00 00 00 03 00 00 00 0d  0000............
00007c90: 00 00 00 00 67 65 6e 65 72 69 63 2d 65 68 63 69  ....generic-ehci
00007ca0: 00 00 00 00 00 00 00 03 00 00 00 10 00 00 14 01  ................
00007cb0: 00 00 00 00 ff 34 00 00 00 00 00 00 00 01 00 00  .....4..........
00007cc0: 00 00 00 03 00 00 00 0c 00 00 17 13 00 00 00 00  ................
00007cd0: 00 00 00 3c 00 00 00 04 00 00 00 03 00 00 00 0c  ...<............
00007ce0: 00 00 14 13 00 00 00 02 00 00 01 03 00 00 00 69  ...............i
00007cf0: 00 00 00 03 00 00 00 0d 00 00 17 6b 75 73 62 68  ...........kusbh
00007d00: 6f 73 74 00 75 74 6d 69 00 00 00 00 00 00 00 03  ost.utmi........
00007d10: 00 00 00 08 00 00 1f e2 00 00 00 8b 00 00 00 05  ................
00007d20: 00 00 00 03 00 00 00 04 00 00 1a 01 00 00 00 8e  ................
00007d30: 00 00 00 03 00 00 00 04 00 00 1a 06 75 73 62 00  ............usb.
00007d40: 00 00 00 03 00 00 00 09 00 00 17 64 64 69 73 61  ...........ddisa
00007d50: 62 6c 65 64 00 00 00 00 00 00 00 03 00 00 00 04  bled............
00007d60: 00 00 13 95 00 00 01 02 00 00 00 02 00 00 00 01  ................
00007d70: 75 73 62 40 66 66 33 35 30 30 30 30 00 00 00 00  usb@ff350000....
00007d80: 00 00 00 03 00 00 00 0d 00 00 00 00 67 65 6e 65  ............gene
00007d90: 72 69 63 2d 6f 68 63 69 00 00 00 00 00 00 00 03  ric-ohci........
00007da0: 00 00 00 10 00 00 14 01 00 00 00 00 ff 35 00 00  .............5..
00007db0: 00 00 00 00 00 01 00 00 00 00 00 03 00 00 00 0c  ................
00007dc0: 00 00 17 13 00 00 00 00 00 00 00 3d 00 00 00 04  ...........=....
00007dd0: 00 00 00 03 00 00 00 0c 00 00 14 13 00 00 00 02  ................
00007de0: 00 00 01 03 00 00 00 69 00 00 00 03 00 00 00 0d  .......i........
00007df0: 00 00 17 6b 75 73 62 68 6f 73 74 00 75 74 6d 69  ...kusbhost.utmi
00007e00: 00 00 00 00 00 00 00 03 00 00 00 08 00 00 1f e2  ................
00007e10: 00 00 00 8b 00 00 00 05 00 00 00 03 00 00 00 04  ................
00007e20: 00 00 1a 01 00 00 00 8e 00 00 00 03 00 00 00 04  ................
00007e30: 00 00 1a 06 75 73 62 00 00 00 00 03 00 00 00 09  ....usb.........
00007e40: 00 00 17 64 64 69 73 61 62 6c 65 64 00 00 00 00  ...ddisabled....
00007e50: 00 00 00 03 00 00 00 04 00 00 13 95 00 00 01 03  ................
00007e60: 00 00 00 02 00 00 00 01 65 74 68 65 72 6e 65 74  ........ethernet
00007e70: 40 66 66 33 36 30 30 30 30 00 00 00 00 00 00 03  @ff360000.......
00007e80: 00 00 00 13 00 00 00 00 72 6f 63 6b 63 68 69 70  ........rockchip
00007e90: 2c 70 78 33 30 2d 67 6d 61 63 00 00 00 00 00 03  ,px30-gmac......
00007ea0: 00 00 00 10 00 00 14 01 00 00 00 00 ff 36 00 00  .............6..
00007eb0: 00 00 00 00 00 01 00 00 00 00 00 03 00 00 00 04  ................
00007ec0: 00 00 19 44 00 00 00 2f 00 00 00 03 00 00 00 0c  ...D.../........
00007ed0: 00 00 17 13 00 00 00 00 00 00 00 2b 00 00 00 04  ...........+....
00007ee0: 00 00 00 03 00 00 00 07 00 00 1f d2 6d 61 63 69  ............maci
00007ef0: 72 71 00 00 00 00 00 03 00 00 00 40 00 00 14 13  rq.........@....
00007f00: 00 00 00 02 00 00 00 3e 00 00 00 02 00 00 00 3f  .......>.......?
00007f10: 00 00 00 02 00 00 00 3f 00 00 00 02 00 00 00 40  .......?.......@
00007f20: 00 00 00 02 00 00 00 41 00 00 00 02 00 00 00 b2  .......A........
00007f30: 00 00 00 02 00 00 01 43 00 00 00 02 00 00 00 4c  .......C.......L
00007f40: 00 00 00 03 00 00 00 5b 00 00 17 6b 73 74 6d 6d  .......[...kstmm
00007f50: 61 63 65 74 68 00 6d 61 63 5f 63 6c 6b 5f 72 78  aceth.mac_clk_rx
00007f60: 00 6d 61 63 5f 63 6c 6b 5f 74 78 00 63 6c 6b 5f  .mac_clk_tx.clk_
00007f70: 6d 61 63 5f 72 65 66 00 63 6c 6b 5f 6d 61 63 5f  mac_ref.clk_mac_
00007f80: 72 65 66 6f 75 74 00 61 63 6c 6b 5f 6d 61 63 00  refout.aclk_mac.
00007f90: 70 63 6c 6b 5f 6d 61 63 00 63 6c 6b 5f 6d 61 63  pclk_mac.clk_mac
00007fa0: 5f 73 70 65 65 64 00 00 00 00 00 03 00 00 00 05  _speed..........
00007fb0: 00 00 20 3e 72 6d 69 69 00 00 00 00 00 00 00 03  .. >rmii........
00007fc0: 00 00 00 08 00 00 19 02 64 65 66 61 75 6c 74 00  ........default.
00007fd0: 00 00 00 03 00 00 00 08 00 00 19 10 00 00 00 8f  ................
00007fe0: 00 00 00 90 00 00 00 03 00 00 00 08 00 00 19 24  ...............$
00007ff0: 00 00 00 02 00 00 00 5e 00 00 00 03 00 00 00 0a  .......^........
00008000: 00 00 19 2b 73 74 6d 6d 61 63 65 74 68 00 00 00  ...+stmmaceth...
00008010: 00 00 00 03 00 00 00 08 00 00 1f e2 00 00 00 8b  ................
00008020: 00 00 00 09 00 00 00 03 00 00 00 09 00 00 17 64  ...............d
00008030: 64 69 73 61 62 6c 65 64 00 00 00 00 00 00 00 03  disabled........
00008040: 00 00 00 04 00 00 13 95 00 00 01 04 00 00 00 02  ................
00008050: 00 00 00 01 64 77 6d 6d 63 40 66 66 33 37 30 30  ....dwmmc@ff3700
00008060: 30 30 00 00 00 00 00 03 00 00 00 2e 00 00 00 00  00..............
00008070: 72 6f 63 6b 63 68 69 70 2c 70 78 33 30 2d 64 77  rockchip,px30-dw
00008080: 2d 6d 73 68 63 00 72 6f 63 6b 63 68 69 70 2c 72  -mshc.rockchip,r
00008090: 6b 33 32 38 38 2d 64 77 2d 6d 73 68 63 00 00 00  k3288-dw-mshc...
000080a0: 00 00 00 03 00 00 00 10 00 00 14 01 00 00 00 00  ................
000080b0: ff 37 00 00 00 00 00 00 00 00 40 00 00 00 00 03  .7........@.....
000080c0: 00 00 00 04 00 00 20 47 05 f5 e1 00 00 00 00 03  ...... G........
000080d0: 00 00 00 20 00 00 14 13 00 00 00 02 00 00 00 f7  ... ............
000080e0: 00 00 00 02 00 00 00 3b 00 00 00 02 00 00 00 43  .......;.......C
000080f0: 00 00 00 02 00 00 00 44 00 00 00 03 00 00 00 1b  .......D........
00008100: 00 00 17 6b 62 69 75 00 63 69 75 00 63 69 75 2d  ...kbiu.ciu.ciu-
00008110: 64 72 76 00 63 69 75 2d 73 61 6d 70 6c 65 00 00  drv.ciu-sample..
00008120: 00 00 00 03 00 00 00 08 00 00 19 62 00 00 00 02  ...........b....
00008130: 00 00 00 3b 00 00 00 03 00 00 00 08 00 00 1f b0  ...;............
00008140: 00 00 00 02 00 00 00 57 00 00 00 03 00 00 00 08  .......W........
00008150: 00 00 1f e2 00 00 00 8b 00 00 00 07 00 00 00 03  ................
00008160: 00 00 00 04 00 00 20 55 00 00 01 00 00 00 00 03  ...... U........
00008170: 00 00 00 0c 00 00 17 13 00 00 00 00 00 00 00 36  ...............6
00008180: 00 00 00 04 00 00 00 03 00 00 00 08 00 00 19 02  ................
00008190: 64 65 66 61 75 6c 74 00 00 00 00 03 00 00 00 10  default.........
000081a0: 00 00 19 10 00 00 00 91 00 00 00 92 00 00 00 93  ................
000081b0: 00 00 00 94 00 00 00 03 00 00 00 05 00 00 17 64  ...............d
000081c0: 6f 6b 61 79 00 00 00 00 00 00 00 03 00 00 00 04  okay............
000081d0: 00 00 20 60 00 00 00 04 00 00 00 03 00 00 00 00  .. `............
000081e0: 00 00 20 6a 00 00 00 03 00 00 00 00 00 00 20 7b  .. j.......... {
000081f0: 00 00 00 03 00 00 00 04 00 00 20 87 00 00 03 20  .......... .... 
00008200: 00 00 00 03 00 00 00 00 00 00 20 99 00 00 00 03  .......... .....
00008210: 00 00 00 0c 00 00 20 aa 00 00 00 5e 00 00 00 03  ...... ....^....
00008220: 00 00 00 01 00 00 00 03 00 00 00 00 00 00 20 b3  .............. .
00008230: 00 00 00 03 00 00 00 00 00 00 20 c0 00 00 00 03  .......... .....
00008240: 00 00 00 00 00 00 20 cd 00 00 00 03 00 00 00 00  ...... .........
00008250: 00 00 20 da 00 00 00 03 00 00 00 04 00 00 20 e8  .. ........... .
00008260: 00 00 00 4b 00 00 00 03 00 00 00 04 00 00 20 f5  ...K.......... .
00008270: 00 00 00 95 00 00 00 03 00 00 00 04 00 00 13 95  ................
00008280: 00 00 01 05 00 00 00 02 00 00 00 01 64 77 6d 6d  ............dwmm
00008290: 63 40 66 66 33 38 30 30 30 30 00 00 00 00 00 03  c@ff380000......
000082a0: 00 00 00 2e 00 00 00 00 72 6f 63 6b 63 68 69 70  ........rockchip
000082b0: 2c 70 78 33 30 2d 64 77 2d 6d 73 68 63 00 72 6f  ,px30-dw-mshc.ro
000082c0: 63 6b 63 68 69 70 2c 72 6b 33 32 38 38 2d 64 77  ckchip,rk3288-dw
000082d0: 2d 6d 73 68 63 00 00 00 00 00 00 03 00 00 00 10  -mshc...........
000082e0: 00 00 14 01 00 00 00 00 ff 38 00 00 00 00 00 00  .........8......
000082f0: 00 00 40 00 00 00 00 03 00 00 00 04 00 00 20 47  ..@........... G
00008300: 05 f5 e1 00 00 00 00 03 00 00 00 20 00 00 14 13  ........... ....
00008310: 00 00 00 02 00 00 00 ff 00 00 00 02 00 00 00 38  ...............8
00008320: 00 00 00 02 00 00 00 45 00 00 00 02 00 00 00 46  .......E.......F
00008330: 00 00 00 03 00 00 00 1b 00 00 17 6b 62 69 75 00  ...........kbiu.
00008340: 63 69 75 00 63 69 75 2d 64 72 76 00 63 69 75 2d  ciu.ciu-drv.ciu-
00008350: 73 61 6d 70 6c 65 00 00 00 00 00 03 00 00 00 08  sample..........
00008360: 00 00 19 62 00 00 00 02 00 00 00 38 00 00 00 03  ...b.......8....
00008370: 00 00 00 08 00 00 1f b0 00 00 00 02 00 00 00 51  ...............Q
00008380: 00 00 00 03 00 00 00 08 00 00 1f e2 00 00 00 8b  ................
00008390: 00 00 00 0a 00 00 00 03 00 00 00 04 00 00 20 55  .............. U
000083a0: 00 00 01 00 00 00 00 03 00 00 00 0c 00 00 17 13  ................
000083b0: 00 00 00 00 00 00 00 37 00 00 00 04 00 00 00 03  .......7........
000083c0: 00 00 00 08 00 00 19 02 64 65 66 61 75 6c 74 00  ........default.
000083d0: 00 00 00 03 00 00 00 0c 00 00 19 10 00 00 00 96  ................
000083e0: 00 00 00 97 00 00 00 98 00 00 00 03 00 00 00 05  ................
000083f0: 00 00 17 64 6f 6b 61 79 00 00 00 00 00 00 00 03  ...dokay........
00008400: 00 00 00 04 00 00 20 60 00 00 00 04 00 00 00 03  ...... `........
00008410: 00 00 00 00 00 00 20 6a 00 00 00 03 00 00 00 00  ...... j........
00008420: 00 00 20 7b 00 00 00 03 00 00 00 04 00 00 20 87  .. {.......... .
00008430: 00 00 03 20 00 00 00 03 00 00 00 00 00 00 20 99  ... .......... .
00008440: 00 00 00 03 00 00 00 0c 00 00 20 aa 00 00 00 5e  .......... ....^
00008450: 00 00 00 02 00 00 00 01 00 00 00 03 00 00 00 00  ................
00008460: 00 00 20 b3 00 00 00 03 00 00 00 00 00 00 20 c0  .. ........... .
00008470: 00 00 00 03 00 00 00 00 00 00 20 cd 00 00 00 03  .......... .....
00008480: 00 00 00 00 00 00 20 da 00 00 00 03 00 00 00 04  ...... .........
00008490: 00 00 20 e8 00 00 00 4a 00 00 00 03 00 00 00 04  .. ....J........
000084a0: 00 00 20 f5 00 00 00 99 00 00 00 03 00 00 00 04  .. .............
000084b0: 00 00 13 95 00 00 01 06 00 00 00 02 00 00 00 01  ................
000084c0: 64 77 6d 6d 63 40 66 66 33 39 30 30 30 30 00 00  dwmmc@ff390000..
000084d0: 00 00 00 03 00 00 00 2e 00 00 00 00 72 6f 63 6b  ............rock
000084e0: 63 68 69 70 2c 70 78 33 30 2d 64 77 2d 6d 73 68  chip,px30-dw-msh
000084f0: 63 00 72 6f 63 6b 63 68 69 70 2c 72 6b 33 32 38  c.rockchip,rk328
00008500: 38 2d 64 77 2d 6d 73 68 63 00 00 00 00 00 00 03  8-dw-mshc.......
00008510: 00 00 00 10 00 00 14 01 00 00 00 00 ff 39 00 00  .............9..
00008520: 00 00 00 00 00 00 40 00 00 00 00 03 00 00 00 04  ......@.........
00008530: 00 00 20 47 08 f0 d1 80 00 00 00 03 00 00 00 20  .. G........... 
00008540: 00 00 14 13 00 00 00 02 00 00 01 00 00 00 00 02  ................
00008550: 00 00 00 39 00 00 00 02 00 00 00 47 00 00 00 02  ...9.......G....
00008560: 00 00 00 48 00 00 00 03 00 00 00 1b 00 00 17 6b  ...H...........k
00008570: 62 69 75 00 63 69 75 00 63 69 75 2d 64 72 76 00  biu.ciu.ciu-drv.
00008580: 63 69 75 2d 73 61 6d 70 6c 65 00 00 00 00 00 03  ciu-sample......
00008590: 00 00 00 08 00 00 19 62 00 00 00 02 00 00 00 39  .......b.......9
000085a0: 00 00 00 03 00 00 00 08 00 00 1f b0 00 00 00 02  ................
000085b0: 00 00 00 53 00 00 00 03 00 00 00 08 00 00 1f e2  ...S............
000085c0: 00 00 00 8b 00 00 00 0a 00 00 00 03 00 00 00 04  ................
000085d0: 00 00 20 55 00 00 01 00 00 00 00 03 00 00 00 0c  .. U............
000085e0: 00 00 17 13 00 00 00 00 00 00 00 35 00 00 00 04  ...........5....
000085f0: 00 00 00 03 00 00 00 09 00 00 17 64 64 69 73 61  ...........ddisa
00008600: 62 6c 65 64 00 00 00 00 00 00 00 03 00 00 00 04  bled............
00008610: 00 00 13 95 00 00 01 07 00 00 00 02 00 00 00 01  ................
00008620: 6e 61 6e 64 63 40 66 66 33 62 30 30 30 30 00 00  nandc@ff3b0000..
00008630: 00 00 00 03 00 00 00 12 00 00 00 00 72 6f 63 6b  ............rock
00008640: 63 68 69 70 2c 72 6b 2d 6e 61 6e 64 63 00 00 00  chip,rk-nandc...
00008650: 00 00 00 03 00 00 00 10 00 00 14 01 00 00 00 00  ................
00008660: ff 3b 00 00 00 00 00 00 00 00 40 00 00 00 00 03  .;........@.....
00008670: 00 00 00 0c 00 00 17 13 00 00 00 00 00 00 00 39  ...............9
00008680: 00 00 00 04 00 00 00 03 00 00 00 04 00 00 21 01  ..............!.
00008690: 00 00 00 00 00 00 00 03 00 00 00 10 00 00 14 13  ................
000086a0: 00 00 00 02 00 00 00 37 00 00 00 02 00 00 00 fe  .......7........
000086b0: 00 00 00 03 00 00 00 15 00 00 17 6b 63 6c 6b 5f  ...........kclk_
000086c0: 6e 61 6e 64 63 00 68 63 6c 6b 5f 6e 61 6e 64 63  nandc.hclk_nandc
000086d0: 00 00 00 00 00 00 00 03 00 00 00 08 00 00 19 62  ...............b
000086e0: 00 00 00 02 00 00 00 37 00 00 00 03 00 00 00 08  .......7........
000086f0: 00 00 1f b0 00 00 00 02 00 00 00 4f 00 00 00 03  ...........O....
00008700: 00 00 00 08 00 00 1f e2 00 00 00 8b 00 00 00 0a  ................
00008710: 00 00 00 03 00 00 00 09 00 00 17 64 64 69 73 61  ...........ddisa
00008720: 62 6c 65 64 00 00 00 00 00 00 00 03 00 00 00 04  bled............
00008730: 00 00 13 95 00 00 01 08 00 00 00 02 00 00 00 01  ................
00008740: 73 66 63 40 66 66 33 61 30 30 30 30 00 00 00 00  sfc@ff3a0000....
00008750: 00 00 00 03 00 00 00 0d 00 00 00 00 72 6f 63 6b  ............rock
00008760: 63 68 69 70 2c 73 66 63 00 00 00 00 00 00 00 03  chip,sfc........
00008770: 00 00 00 10 00 00 14 01 00 00 00 00 ff 3a 00 00  .............:..
00008780: 00 00 00 00 00 00 40 00 00 00 00 03 00 00 00 0c  ......@.........
00008790: 00 00 17 13 00 00 00 00 00 00 00 38 00 00 00 04  ...........8....
000087a0: 00 00 00 03 00 00 00 10 00 00 14 13 00 00 00 02  ................
000087b0: 00 00 00 3a 00 00 00 02 00 00 01 01 00 00 00 03  ...:............
000087c0: 00 00 00 11 00 00 17 6b 63 6c 6b 5f 73 66 63 00  .......kclk_sfc.
000087d0: 68 63 6c 6b 5f 73 66 63 00 00 00 00 00 00 00 03  hclk_sfc........
000087e0: 00 00 00 08 00 00 19 62 00 00 00 02 00 00 00 3a  .......b.......:
000087f0: 00 00 00 03 00 00 00 04 00 00 19 72 00 98 96 80  ...........r....
00008800: 00 00 00 03 00 00 00 09 00 00 17 64 64 69 73 61  ...........ddisa
00008810: 62 6c 65 64 00 00 00 00 00 00 00 03 00 00 00 04  bled............
00008820: 00 00 13 95 00 00 01 09 00 00 00 02 00 00 00 01  ................
00008830: 67 70 75 40 66 66 34 30 30 30 30 30 00 00 00 00  gpu@ff400000....
00008840: 00 00 00 03 00 00 00 38 00 00 00 00 61 72 6d 2c  .......8....arm,
00008850: 6d 61 6c 69 74 36 30 32 00 61 72 6d 2c 6d 61 6c  malit602.arm,mal
00008860: 69 74 36 30 78 00 61 72 6d 2c 6d 61 6c 69 74 36  it60x.arm,malit6
00008870: 78 78 00 61 72 6d 2c 6d 61 6c 69 2d 6d 69 64 67  xx.arm,mali-midg
00008880: 61 72 64 00 00 00 00 03 00 00 00 10 00 00 14 01  ard.............
00008890: 00 00 00 00 ff 40 00 00 00 00 00 00 00 00 40 00  .....@........@.
000088a0: 00 00 00 03 00 00 00 24 00 00 17 13 00 00 00 00  .......$........
000088b0: 00 00 00 2d 00 00 00 04 00 00 00 00 00 00 00 2e  ...-............
000088c0: 00 00 00 04 00 00 00 00 00 00 00 2f 00 00 00 04  .........../....
000088d0: 00 00 00 03 00 00 00 0c 00 00 1f d2 47 50 55 00  ............GPU.
000088e0: 4d 4d 55 00 4a 4f 42 00 00 00 00 03 00 00 00 08  MMU.JOB.........
000088f0: 00 00 14 13 00 00 00 02 00 00 00 49 00 00 00 03  ...........I....
00008900: 00 00 00 09 00 00 17 6b 63 6c 6b 5f 6d 61 6c 69  .......kclk_mali
00008910: 00 00 00 00 00 00 00 03 00 00 00 08 00 00 1f e2  ................
00008920: 00 00 00 8b 00 00 00 0e 00 00 00 03 00 00 00 04  ................
00008930: 00 00 14 1a 00 00 00 02 00 00 00 03 00 00 00 04  ................
00008940: 00 00 14 43 00 00 00 9a 00 00 00 03 00 00 00 05  ...C............
00008950: 00 00 17 64 6f 6b 61 79 00 00 00 00 00 00 00 03  ...dokay........
00008960: 00 00 00 04 00 00 21 0a 00 00 00 0e 00 00 00 03  ......!.........
00008970: 00 00 00 04 00 00 13 95 00 00 00 87 00 00 00 01  ................
00008980: 70 6f 77 65 72 5f 6d 6f 64 65 6c 00 00 00 00 03  power_model.....
00008990: 00 00 00 1c 00 00 00 00 61 72 6d 2c 6d 61 6c 69  ........arm,mali
000089a0: 2d 73 69 6d 70 6c 65 2d 70 6f 77 65 72 2d 6d 6f  -simple-power-mo
000089b0: 64 65 6c 00 00 00 00 03 00 00 00 04 00 00 21 16  del...........!.
000089c0: 00 06 45 78 00 00 00 03 00 00 00 04 00 00 21 29  ..Ex..........!)
000089d0: 00 00 02 dd 00 00 00 03 00 00 00 10 00 00 17 1b  ................
000089e0: 00 00 7d 00 00 00 12 5c ff ff ff b0 00 00 00 02  ..}....\........
000089f0: 00 00 00 03 00 00 00 0c 00 00 16 83 67 70 75 2d  ............gpu-
00008a00: 74 68 65 72 6d 61 6c 00 00 00 00 02 00 00 00 02  thermal.........
00008a10: 00 00 00 01 67 70 75 2d 6f 70 70 2d 74 61 62 6c  ....gpu-opp-tabl
00008a20: 65 00 00 00 00 00 00 03 00 00 00 14 00 00 00 00  e...............
00008a30: 6f 70 65 72 61 74 69 6e 67 2d 70 6f 69 6e 74 73  operating-points
00008a40: 2d 76 32 00 00 00 00 03 00 00 00 0c 00 00 16 7a  -v2............z
00008a50: 73 6f 63 2d 74 68 65 72 6d 61 6c 00 00 00 00 03  soc-thermal.....
00008a60: 00 00 00 04 00 00 14 e4 00 00 13 88 00 00 00 03  ................
00008a70: 00 00 00 04 00 00 14 fd 00 00 00 00 00 00 00 03  ................
00008a80: 00 00 00 04 00 00 15 0f 00 0f 42 40 00 00 00 03  ..........B@....
00008a90: 00 00 00 0c 00 00 15 2a 00 00 00 00 00 00 01 e0  .......*........
00008aa0: 00 00 c3 50 00 00 00 03 00 00 00 04 00 00 15 5b  ...P...........[
00008ab0: 00 11 ed d8 00 00 00 03 00 00 00 04 00 00 15 6d  ...............m
00008ac0: 00 00 61 a8 00 00 00 03 00 00 00 30 00 00 15 b7  ..a........0....
00008ad0: 00 00 00 00 00 00 c3 50 00 00 00 00 00 00 c3 51  .......P.......Q
00008ae0: 00 00 d2 f0 00 00 00 01 00 00 d2 f1 00 00 ea 60  ...............`
00008af0: 00 00 00 02 00 00 ea 61 00 01 86 9f 00 00 00 03  .......a........
00008b00: 00 00 00 03 00 00 00 08 00 00 15 f7 00 00 00 00  ................
00008b10: 00 00 00 00 00 00 00 03 00 00 00 04 00 00 13 95  ................
00008b20: 00 00 00 9a 00 00 00 01 6f 70 70 2d 32 30 30 30  ........opp-2000
00008b30: 30 30 30 30 30 00 00 00 00 00 00 03 00 00 00 08  00000...........
00008b40: 00 00 16 9d 00 00 00 00 0b eb c2 00 00 00 00 03  ................
00008b50: 00 00 00 04 00 00 16 a4 00 0e 7e f0 00 00 00 03  ..........~.....
00008b60: 00 00 00 04 00 00 16 b2 00 0e 7e f0 00 00 00 03  ..........~.....
00008b70: 00 00 00 04 00 00 16 c3 00 0e 7e f0 00 00 00 03  ..........~.....
00008b80: 00 00 00 04 00 00 16 d4 00 0e 7e f0 00 00 00 03  ..........~.....
00008b90: 00 00 00 04 00 00 16 e5 00 0e 7e f0 00 00 00 02  ..........~.....
00008ba0: 00 00 00 01 6f 70 70 2d 33 30 30 30 30 30 30 30  ....opp-30000000
00008bb0: 30 00 00 00 00 00 00 03 00 00 00 08 00 00 16 9d  0...............
00008bc0: 00 00 00 00 11 e1 a3 00 00 00 00 03 00 00 00 04  ................
00008bd0: 00 00 16 a4 00 0e e0 98 00 00 00 03 00 00 00 04  ................
00008be0: 00 00 16 b2 00 0e e0 98 00 00 00 03 00 00 00 04  ................
00008bf0: 00 00 16 c3 00 0e 7e f0 00 00 00 03 00 00 00 04  ......~.........
00008c00: 00 00 16 d4 00 0e 7e f0 00 00 00 03 00 00 00 04  ......~.........
00008c10: 00 00 16 e5 00 0e 7e f0 00 00 00 02 00 00 00 01  ......~.........
00008c20: 6f 70 70 2d 34 30 30 30 30 30 30 30 30 00 00 00  opp-400000000...
00008c30: 00 00 00 03 00 00 00 08 00 00 16 9d 00 00 00 00  ................
00008c40: 17 d7 84 00 00 00 00 03 00 00 00 04 00 00 16 a4  ................
00008c50: 00 10 05 90 00 00 00 03 00 00 00 04 00 00 16 b2  ................
00008c60: 00 10 05 90 00 00 00 03 00 00 00 04 00 00 16 c3  ................
00008c70: 00 0f a3 e8 00 00 00 03 00 00 00 04 00 00 16 d4  ................
00008c80: 00 0e e0 98 00 00 00 03 00 00 00 04 00 00 16 e5  ................
00008c90: 00 0e 7e f0 00 00 00 02 00 00 00 01 6f 70 70 2d  ..~.........opp-
00008ca0: 34 38 30 30 30 30 30 30 30 00 00 00 00 00 00 03  480000000.......
00008cb0: 00 00 00 08 00 00 16 9d 00 00 00 00 1c 9c 38 00  ..............8.
00008cc0: 00 00 00 03 00 00 00 04 00 00 16 a4 00 11 2a 88  ..............*.
00008cd0: 00 00 00 03 00 00 00 04 00 00 16 b2 00 11 2a 88  ..............*.
00008ce0: 00 00 00 03 00 00 00 04 00 00 16 c3 00 10 c8 e0  ................
00008cf0: 00 00 00 03 00 00 00 04 00 00 16 d4 00 10 05 90  ................
00008d00: 00 00 00 03 00 00 00 04 00 00 16 e5 00 0f 42 40  ..............B@
00008d10: 00 00 00 02 00 00 00 01 6f 70 70 2d 35 36 30 30  ........opp-5600
00008d20: 30 30 30 30 30 00 00 00 00 00 00 03 00 00 00 08  00000...........
00008d30: 00 00 16 9d 00 00 00 00 21 60 ec 00 00 00 00 03  ........!`......
00008d40: 00 00 00 04 00 00 16 a4 00 11 8c 30 00 00 00 03  ...........0....
00008d50: 00 00 00 04 00 00 16 b2 00 11 8c 30 00 00 00 03  ...........0....
00008d60: 00 00 00 04 00 00 16 c3 00 11 8c 30 00 00 00 03  ...........0....
00008d70: 00 00 00 04 00 00 16 d4 00 10 c8 e0 00 00 00 03  ................
00008d80: 00 00 00 04 00 00 16 e5 00 10 05 90 00 00 00 02  ................
00008d90: 00 00 00 01 6f 70 70 2d 36 30 30 30 30 30 30 30  ....opp-60000000
00008da0: 30 00 00 00 00 00 00 03 00 00 00 08 00 00 16 9d  0...............
00008db0: 00 00 00 00 23 c3 46 00 00 00 00 03 00 00 00 04  ....#.F.........
00008dc0: 00 00 16 a4 00 11 8c 30 00 00 00 03 00 00 00 04  .......0........
00008dd0: 00 00 16 b2 00 11 8c 30 00 00 00 03 00 00 00 04  .......0........
00008de0: 00 00 16 c3 00 11 8c 30 00 00 00 03 00 00 00 04  .......0........
00008df0: 00 00 16 d4 00 11 8c 30 00 00 00 03 00 00 00 04  .......0........
00008e00: 00 00 16 e5 00 11 8c 30 00 00 00 02 00 00 00 01  .......0........
00008e10: 6f 70 70 2d 36 34 30 30 30 30 30 30 30 00 00 00  opp-640000000...
00008e20: 00 00 00 03 00 00 00 08 00 00 16 9d 00 00 00 00  ................
00008e30: 26 25 a0 00 00 00 00 03 00 00 00 04 00 00 16 a4  &%..............
00008e40: 00 12 4f 80 00 00 00 03 00 00 00 04 00 00 16 b2  ..O.............
00008e50: 00 12 4f 80 00 00 00 03 00 00 00 04 00 00 16 c3  ..O.............
00008e60: 00 12 4f 80 00 00 00 03 00 00 00 04 00 00 16 d4  ..O.............
00008e70: 00 12 4f 80 00 00 00 03 00 00 00 04 00 00 16 e5  ..O.............
00008e80: 00 12 4f 80 00 00 00 02 00 00 00 01 6f 70 70 2d  ..O.........opp-
00008e90: 35 32 30 30 30 30 30 30 30 00 00 00 00 00 00 03  520000000.......
00008ea0: 00 00 00 08 00 00 16 9d 00 00 00 00 1e fe 92 00  ................
00008eb0: 00 00 00 03 00 00 00 04 00 00 16 a4 00 11 8c 30  ...............0
00008ec0: 00 00 00 03 00 00 00 04 00 00 16 b2 00 11 8c 30  ...............0
00008ed0: 00 00 00 03 00 00 00 04 00 00 16 c3 00 11 8c 30  ...............0
00008ee0: 00 00 00 03 00 00 00 04 00 00 16 d4 00 10 c8 e0  ................
00008ef0: 00 00 00 03 00 00 00 04 00 00 16 e5 00 10 05 90  ................
00008f00: 00 00 00 02 00 00 00 02 00 00 00 01 68 65 76 63  ............hevc
00008f10: 5f 73 65 72 76 69 63 65 40 66 66 34 34 30 30 30  _service@ff44000
00008f20: 30 00 00 00 00 00 00 03 00 00 00 12 00 00 00 00  0...............
00008f30: 72 6f 63 6b 63 68 69 70 2c 68 65 76 63 5f 73 75  rockchip,hevc_su
00008f40: 62 00 00 00 00 00 00 03 00 00 00 04 00 00 21 3d  b.............!=
00008f50: 00 00 00 01 00 00 00 03 00 00 00 10 00 00 14 01  ................
00008f60: 00 00 00 00 ff 44 00 00 00 00 00 00 00 00 04 00  .....D..........
00008f70: 00 00 00 03 00 00 00 0c 00 00 17 13 00 00 00 00  ................
00008f80: 00 00 00 31 00 00 00 04 00 00 00 03 00 00 00 08  ...1............
00008f90: 00 00 1f d2 69 72 71 5f 64 65 63 00 00 00 00 03  ....irq_dec.....
00008fa0: 00 00 00 04 00 00 21 4b 00 00 00 01 00 00 00 03  ......!K........
00008fb0: 00 00 00 04 00 00 21 54 00 00 00 9b 00 00 00 03  ......!T........
00008fc0: 00 00 00 04 00 00 21 5b 00 00 00 01 00 00 00 03  ......![........
00008fd0: 00 00 00 04 00 00 13 95 00 00 00 9e 00 00 00 02  ................
00008fe0: 00 00 00 01 76 70 75 5f 73 65 72 76 69 63 65 40  ....vpu_service@
00008ff0: 66 66 34 34 32 30 30 30 00 00 00 00 00 00 00 03  ff442000........
00009000: 00 00 00 11 00 00 00 00 72 6f 63 6b 63 68 69 70  ........rockchip
00009010: 2c 76 70 75 5f 73 75 62 00 00 00 00 00 00 00 03  ,vpu_sub........
00009020: 00 00 00 04 00 00 21 3d 00 00 00 01 00 00 00 03  ......!=........
00009030: 00 00 00 10 00 00 14 01 00 00 00 00 ff 44 20 00  .............D .
00009040: 00 00 00 00 00 00 08 00 00 00 00 03 00 00 00 18  ................
00009050: 00 00 17 13 00 00 00 00 00 00 00 50 00 00 00 04  ...........P....
00009060: 00 00 00 00 00 00 00 4f 00 00 00 04 00 00 00 03  .......O........
00009070: 00 00 00 10 00 00 1f d2 69 72 71 5f 65 6e 63 00  ........irq_enc.
00009080: 69 72 71 5f 64 65 63 00 00 00 00 03 00 00 00 04  irq_dec.........
00009090: 00 00 21 4b 00 00 00 00 00 00 00 03 00 00 00 04  ..!K............
000090a0: 00 00 21 54 00 00 00 9c 00 00 00 03 00 00 00 04  ..!T............
000090b0: 00 00 21 5b 00 00 00 01 00 00 00 03 00 00 00 04  ..![............
000090c0: 00 00 13 95 00 00 00 9d 00 00 00 02 00 00 00 01  ................
000090d0: 76 70 75 5f 63 6f 6d 62 6f 00 00 00 00 00 00 03  vpu_combo.......
000090e0: 00 00 00 13 00 00 00 00 72 6f 63 6b 63 68 69 70  ........rockchip
000090f0: 2c 76 70 75 5f 63 6f 6d 62 6f 00 00 00 00 00 03  ,vpu_combo......
00009100: 00 00 00 04 00 00 21 65 00 00 00 02 00 00 00 03  ......!e........
00009110: 00 00 00 04 00 00 19 44 00 00 00 2f 00 00 00 03  .......D.../....
00009120: 00 00 00 08 00 00 21 6c 00 00 00 9d 00 00 00 9e  ......!l........
00009130: 00 00 00 03 00 00 00 18 00 00 14 13 00 00 00 02  ................
00009140: 00 00 00 af 00 00 00 02 00 00 00 f4 00 00 00 02  ................
00009150: 00 00 00 4b 00 00 00 03 00 00 00 21 00 00 17 6b  ...K.......!...k
00009160: 61 63 6c 6b 5f 76 63 6f 64 65 63 00 68 63 6c 6b  aclk_vcodec.hclk
00009170: 5f 76 63 6f 64 65 63 00 63 6c 6b 5f 63 6f 72 65  _vcodec.clk_core
00009180: 00 00 00 00 00 00 00 03 00 00 00 28 00 00 19 24  ...........(...$
00009190: 00 00 00 02 00 00 00 24 00 00 00 02 00 00 00 26  .......$.......&
000091a0: 00 00 00 02 00 00 00 25 00 00 00 02 00 00 00 27  .......%.......'
000091b0: 00 00 00 02 00 00 00 3f 00 00 00 03 00 00 00 27  .......?.......'
000091c0: 00 00 19 2b 76 69 64 65 6f 5f 61 00 76 69 64 65  ...+video_a.vide
000091d0: 6f 5f 68 00 6e 69 75 5f 61 00 6e 69 75 5f 68 00  o_h.niu_a.niu_h.
000091e0: 76 69 64 65 6f 5f 63 6f 72 65 00 00 00 00 00 03  video_core......
000091f0: 00 00 00 08 00 00 1f e2 00 00 00 8b 00 00 00 0b  ................
00009200: 00 00 00 03 00 00 00 04 00 00 21 79 00 00 00 0f  ..........!y....
00009210: 00 00 00 03 00 00 00 04 00 00 21 82 00 00 04 10  ..........!.....
00009220: 00 00 00 03 00 00 00 05 00 00 17 64 6f 6b 61 79  ...........dokay
00009230: 00 00 00 00 00 00 00 03 00 00 00 04 00 00 13 95  ................
00009240: 00 00 01 0a 00 00 00 02 00 00 00 01 69 6f 6d 6d  ............iomm
00009250: 75 40 66 66 34 34 30 34 34 30 00 00 00 00 00 03  u@ff440440......
00009260: 00 00 00 0f 00 00 00 00 72 6f 63 6b 63 68 69 70  ........rockchip
00009270: 2c 69 6f 6d 6d 75 00 00 00 00 00 03 00 00 00 20  ,iommu......... 
00009280: 00 00 14 01 00 00 00 00 ff 44 04 40 00 00 00 00  .........D.@....
00009290: 00 00 00 40 00 00 00 00 ff 44 04 80 00 00 00 00  ...@.....D......
000092a0: 00 00 00 40 00 00 00 03 00 00 00 0c 00 00 17 13  ...@............
000092b0: 00 00 00 00 00 00 00 32 00 00 00 04 00 00 00 03  .......2........
000092c0: 00 00 00 09 00 00 1f d2 68 65 76 63 5f 6d 6d 75  ........hevc_mmu
000092d0: 00 00 00 00 00 00 00 03 00 00 00 10 00 00 14 13  ................
000092e0: 00 00 00 02 00 00 00 af 00 00 00 02 00 00 00 f4  ................
000092f0: 00 00 00 03 00 00 00 0a 00 00 17 6b 61 63 6c 6b  ...........kaclk
00009300: 00 68 63 6c 6b 00 00 00 00 00 00 03 00 00 00 08  .hclk...........
00009310: 00 00 1f e2 00 00 00 8b 00 00 00 0b 00 00 00 03  ................
00009320: 00 00 00 04 00 00 21 8c 00 00 00 00 00 00 00 03  ......!.........
00009330: 00 00 00 04 00 00 13 95 00 00 00 9b 00 00 00 02  ................
00009340: 00 00 00 01 69 6f 6d 6d 75 40 66 66 34 34 32 38  ....iommu@ff4428
00009350: 30 30 00 00 00 00 00 03 00 00 00 0f 00 00 00 00  00..............
00009360: 72 6f 63 6b 63 68 69 70 2c 69 6f 6d 6d 75 00 00  rockchip,iommu..
00009370: 00 00 00 03 00 00 00 10 00 00 14 01 00 00 00 00  ................
00009380: ff 44 28 00 00 00 00 00 00 00 01 00 00 00 00 03  .D(.............
00009390: 00 00 00 0c 00 00 17 13 00 00 00 00 00 00 00 51  ...............Q
000093a0: 00 00 00 04 00 00 00 03 00 00 00 08 00 00 1f d2  ................
000093b0: 76 70 75 5f 6d 6d 75 00 00 00 00 03 00 00 00 10  vpu_mmu.........
000093c0: 00 00 14 13 00 00 00 02 00 00 00 af 00 00 00 02  ................
000093d0: 00 00 00 f4 00 00 00 03 00 00 00 0a 00 00 17 6b  ...............k
000093e0: 61 63 6c 6b 00 68 63 6c 6b 00 00 00 00 00 00 03  aclk.hclk.......
000093f0: 00 00 00 08 00 00 1f e2 00 00 00 8b 00 00 00 0b  ................
00009400: 00 00 00 03 00 00 00 04 00 00 21 8c 00 00 00 00  ..........!.....
00009410: 00 00 00 03 00 00 00 04 00 00 13 95 00 00 00 9c  ................
00009420: 00 00 00 02 00 00 00 01 64 73 69 40 66 66 34 35  ........dsi@ff45
00009430: 30 30 30 30 00 00 00 00 00 00 00 03 00 00 00 17  0000............
00009440: 00 00 00 00 72 6f 63 6b 63 68 69 70 2c 70 78 33  ....rockchip,px3
00009450: 30 2d 6d 69 70 69 2d 64 73 69 00 00 00 00 00 03  0-mipi-dsi......
00009460: 00 00 00 10 00 00 14 01 00 00 00 00 ff 45 00 00  .............E..
00009470: 00 00 00 00 00 01 00 00 00 00 00 03 00 00 00 0c  ................
00009480: 00 00 17 13 00 00 00 00 00 00 00 4b 00 00 00 04  ...........K....
00009490: 00 00 00 03 00 00 00 0c 00 00 14 13 00 00 00 02  ................
000094a0: 00 00 01 44 00 00 00 4e 00 00 00 03 00 00 00 0c  ...D...N........
000094b0: 00 00 17 6b 70 63 6c 6b 00 68 73 5f 63 6c 6b 00  ...kpclk.hs_clk.
000094c0: 00 00 00 03 00 00 00 08 00 00 19 24 00 00 00 02  ...........$....
000094d0: 00 00 00 3d 00 00 00 03 00 00 00 04 00 00 19 2b  ...=...........+
000094e0: 61 70 62 00 00 00 00 03 00 00 00 04 00 00 1a 01  apb.............
000094f0: 00 00 00 4e 00 00 00 03 00 00 00 0a 00 00 1a 06  ...N............
00009500: 6d 69 70 69 5f 64 70 68 79 00 00 00 00 00 00 03  mipi_dphy.......
00009510: 00 00 00 08 00 00 1f e2 00 00 00 8b 00 00 00 0c  ................
00009520: 00 00 00 03 00 00 00 04 00 00 19 44 00 00 00 2f  ...........D.../
00009530: 00 00 00 03 00 00 00 04 00 00 00 1c 00 00 00 01  ................
00009540: 00 00 00 03 00 00 00 04 00 00 00 2b 00 00 00 00  ...........+....
00009550: 00 00 00 03 00 00 00 05 00 00 17 64 6f 6b 61 79  ...........dokay
00009560: 00 00 00 00 00 00 00 03 00 00 00 04 00 00 13 95  ................
00009570: 00 00 01 0b 00 00 00 01 70 6f 72 74 73 00 00 00  ........ports...
00009580: 00 00 00 03 00 00 00 04 00 00 00 1c 00 00 00 01  ................
00009590: 00 00 00 03 00 00 00 04 00 00 00 2b 00 00 00 00  ...........+....
000095a0: 00 00 00 01 70 6f 72 74 40 30 00 00 00 00 00 03  ....port@0......
000095b0: 00 00 00 04 00 00 14 01 00 00 00 00 00 00 00 03  ................
000095c0: 00 00 00 04 00 00 00 1c 00 00 00 01 00 00 00 03  ................
000095d0: 00 00 00 04 00 00 00 2b 00 00 00 00 00 00 00 01  .......+........
000095e0: 65 6e 64 70 6f 69 6e 74 40 30 00 00 00 00 00 03  endpoint@0......
000095f0: 00 00 00 04 00 00 14 01 00 00 00 00 00 00 00 03  ................
00009600: 00 00 00 04 00 00 1a 10 00 00 00 13 00 00 00 03  ................
00009610: 00 00 00 05 00 00 17 64 6f 6b 61 79 00 00 00 00  .......dokay....
00009620: 00 00 00 03 00 00 00 04 00 00 13 95 00 00 00 a3  ................
00009630: 00 00 00 02 00 00 00 02 00 00 00 02 00 00 00 01  ................
00009640: 70 61 6e 65 6c 40 30 00 00 00 00 03 00 00 00 11  panel@0.........
00009650: 00 00 00 00 73 69 6d 70 6c 65 2d 70 61 6e 65 6c  ....simple-panel
00009660: 2d 64 73 69 00 00 00 00 00 00 00 03 00 00 00 04  -dsi............
00009670: 00 00 14 01 00 00 00 00 00 00 00 03 00 00 00 04  ................
00009680: 00 00 21 99 00 00 00 9f 00 00 00 03 00 00 00 0c  ..!.............
00009690: 00 00 21 a3 00 00 00 68 00 00 00 1b 00 00 00 01  ..!....h........
000096a0: 00 00 00 03 00 00 00 0c 00 00 21 af 00 00 00 68  ..........!....h
000096b0: 00 00 00 03 00 00 00 00 00 00 00 03 00 00 00 04  ................
000096c0: 00 00 21 bc 00 00 00 14 00 00 00 03 00 00 00 04  ..!.............
000096d0: 00 00 21 cd 00 00 00 14 00 00 00 03 00 00 00 04  ..!.............
000096e0: 00 00 21 dc 00 00 00 14 00 00 00 03 00 00 00 04  ..!.............
000096f0: 00 00 21 ea 00 00 00 78 00 00 00 03 00 00 00 04  ..!....x........
00009700: 00 00 21 fa 00 00 00 14 00 00 00 03 00 00 00 04  ..!.............
00009710: 00 00 22 0b 00 00 00 14 00 00 00 03 00 00 00 04  ..".............
00009720: 00 00 22 1e 00 00 00 99 00 00 00 03 00 00 00 04  ..".............
00009730: 00 00 22 27 00 00 00 55 00 00 00 03 00 00 00 04  .."'...U........
00009740: 00 00 22 31 00 00 0a 03 00 00 00 03 00 00 00 04  .."1............
00009750: 00 00 22 3b 00 00 00 00 00 00 00 03 00 00 00 04  ..";............
00009760: 00 00 22 46 00 00 00 04 00 00 00 03 00 00 02 f1  .."F............
00009770: 00 00 22 50 15 00 02 ff 30 15 00 02 ff 52 15 00  .."P....0....R..
00009780: 02 ff 01 15 00 02 e3 00 15 00 02 25 10 15 00 02  ...........%....
00009790: 28 6f 15 00 02 29 01 15 00 02 2a df 15 00 02 2c  (o...)....*....,
000097a0: 22 15 00 02 c3 0f 15 00 02 37 9c 15 00 02 38 a7  "........7....8.
000097b0: 15 00 02 39 41 15 00 02 80 20 15 00 02 91 67 15  ...9A.... ....g.
000097c0: 00 02 92 67 15 00 02 a0 55 15 00 02 a1 50 15 00  ...g....U....P..
000097d0: 02 a3 58 15 00 02 a4 9c 15 00 02 a7 02 15 00 02  ..X.............
000097e0: a8 01 15 00 02 a9 21 15 00 02 aa fc 15 00 02 ab  ......!.........
000097f0: 28 15 00 02 ac 06 15 00 02 ad 06 15 00 02 ae 06  (...............
00009800: 15 00 02 af 03 15 00 02 b0 08 15 00 02 b1 26 15  ..............&.
00009810: 00 02 b2 28 15 00 02 b3 28 15 00 02 b4 03 15 00  ...(....(.......
00009820: 02 b5 08 15 00 02 b6 26 15 00 02 b7 08 15 00 02  .......&........
00009830: b8 26 15 00 02 c0 00 15 00 02 c1 00 15 00 02 c2  .&..............
00009840: 00 15 00 02 ff 30 15 00 02 ff 52 15 00 02 ff 02  .....0....R.....
00009850: 15 00 02 b0 02 15 00 02 d0 02 15 00 02 b1 0f 15  ................
00009860: 00 02 d1 10 15 00 02 b2 11 15 00 02 d2 12 15 00  ................
00009870: 02 b3 32 15 00 02 d3 33 15 00 02 b4 36 15 00 02  ..2....3....6...
00009880: d4 36 15 00 02 b5 3c 15 00 02 d5 3c 15 00 02 b6  .6....<....<....
00009890: 20 15 00 02 d6 20 15 00 02 b7 3e 15 00 02 d7 3e   .... ....>....>
000098a0: 15 00 02 b8 0e 15 00 02 d8 0d 15 00 02 b9 05 15  ................
000098b0: 00 02 d9 05 15 00 02 ba 11 15 00 02 da 12 15 00  ................
000098c0: 02 bb 11 15 00 02 db 11 15 00 02 bc 13 15 00 02  ................
000098d0: dc 14 15 00 02 bd 14 15 00 02 dd 14 15 00 02 be  ................
000098e0: 16 15 00 02 de 18 15 00 02 bf 0e 15 00 02 df 0f  ................
000098f0: 15 00 02 c0 17 15 00 02 e0 17 15 00 02 c1 07 15  ................
00009900: 00 02 e1 08 15 00 02 ff 30 15 00 02 ff 52 15 00  ........0....R..
00009910: 02 ff 03 15 00 02 08 8a 15 00 02 09 8b 15 00 02  ................
00009920: 30 00 15 00 02 31 00 15 00 02 32 00 15 00 02 33  0....1....2....3
00009930: 00 15 00 02 34 61 15 00 02 35 d4 15 00 02 36 24  ....4a...5....6$
00009940: 15 00 02 37 03 15 00 02 40 86 15 00 02 41 87 15  ...7....@....A..
00009950: 00 02 42 84 15 00 02 43 85 15 00 02 44 11 15 00  ..B....C....D...
00009960: 02 45 de 15 00 02 46 dd 15 00 02 47 11 15 00 02  .E....F....G....
00009970: 48 e0 15 00 02 49 df 15 00 02 50 82 15 00 02 51  H....I....P....Q
00009980: 83 15 00 02 52 80 15 00 02 53 81 15 00 02 54 11  ....R....S....T.
00009990: 15 00 02 55 e2 15 00 02 56 e1 15 00 02 57 11 15  ...U....V....W..
000099a0: 00 02 58 e4 15 00 02 59 e3 15 00 02 82 0f 15 00  ..X....Y........
000099b0: 02 83 0f 15 00 02 84 00 15 00 02 85 0f 15 00 02  ................
000099c0: 86 0f 15 00 02 87 0e 15 00 02 88 0e 15 00 02 89  ................
000099d0: 06 15 00 02 8a 06 15 00 02 8b 07 15 00 02 8c 07  ................
000099e0: 15 00 02 8d 04 15 00 02 8e 04 15 00 02 8f 05 15  ................
000099f0: 00 02 90 05 15 00 02 98 0f 15 00 02 99 0f 15 00  ................
00009a00: 02 9a 00 15 00 02 9b 0f 15 00 02 9c 0f 15 00 02  ................
00009a10: 9d 0e 15 00 02 9e 0e 15 00 02 9f 06 15 00 02 a0  ................
00009a20: 06 15 00 02 a1 07 15 00 02 a2 07 15 00 02 a3 04  ................
00009a30: 15 00 02 a4 04 15 00 02 a5 05 15 00 02 a6 05 15  ................
00009a40: 00 02 e0 02 15 00 02 e1 52 15 00 02 ff 30 15 00  ........R....0..
00009a50: 02 ff 52 15 00 02 ff 00 15 00 02 36 02 05 c8 01  ..R........6....
00009a60: 11 05 64 01 29 00 00 00 00 00 00 03 00 00 00 08  ..d.)...........
00009a70: 00 00 22 64 05 00 01 28 05 00 01 10 00 00 00 01  .."d...(........
00009a80: 64 69 73 70 6c 61 79 2d 74 69 6d 69 6e 67 73 00  display-timings.
00009a90: 00 00 00 03 00 00 00 04 00 00 22 78 00 00 00 a0  .........."x....
00009aa0: 00 00 00 01 61 64 6a 75 73 74 00 00 00 00 00 03  ....adjust......
00009ab0: 00 00 00 04 00 00 17 d5 01 c9 c3 80 00 00 00 03  ................
00009ac0: 00 00 00 04 00 00 22 84 00 00 02 80 00 00 00 03  ......".........
00009ad0: 00 00 00 04 00 00 22 8c 00 00 01 e0 00 00 00 03  ......".........
00009ae0: 00 00 00 04 00 00 22 94 00 00 00 a8 00 00 00 03  ......".........
00009af0: 00 00 00 04 00 00 22 a1 00 00 00 08 00 00 00 03  ......".........
00009b00: 00 00 00 04 00 00 22 ab 00 00 00 a1 00 00 00 03  ......".........
00009b10: 00 00 00 04 00 00 22 b7 00 00 00 10 00 00 00 03  ......".........
00009b20: 00 00 00 04 00 00 22 c4 00 00 00 02 00 00 00 03  ......".........
00009b30: 00 00 00 04 00 00 22 ce 00 00 00 0e 00 00 00 03  ......".........
00009b40: 00 00 00 04 00 00 22 da 00 00 00 00 00 00 00 03  ......".........
00009b50: 00 00 00 04 00 00 22 e7 00 00 00 00 00 00 00 03  ......".........
00009b60: 00 00 00 04 00 00 22 f4 00 00 00 00 00 00 00 03  ......".........
00009b70: 00 00 00 04 00 00 22 fe 00 00 00 00 00 00 00 03  ......".........
00009b80: 00 00 00 04 00 00 13 95 00 00 01 0c 00 00 00 02  ................
00009b90: 00 00 00 01 6f 72 69 67 69 6e 00 00 00 00 00 03  ....origin......
00009ba0: 00 00 00 04 00 00 17 d5 01 c9 c3 80 00 00 00 03  ................
00009bb0: 00 00 00 04 00 00 22 84 00 00 02 80 00 00 00 03  ......".........
00009bc0: 00 00 00 04 00 00 22 8c 00 00 01 e0 00 00 00 03  ......".........
00009bd0: 00 00 00 04 00 00 22 94 00 00 00 2e 00 00 00 03  ......".........
00009be0: 00 00 00 04 00 00 22 a1 00 00 00 02 00 00 00 03  ......".........
00009bf0: 00 00 00 04 00 00 22 ab 00 00 00 2c 00 00 00 03  ......"....,....
00009c00: 00 00 00 04 00 00 22 b7 00 00 00 10 00 00 00 03  ......".........
00009c10: 00 00 00 04 00 00 22 c4 00 00 00 02 00 00 00 03  ......".........
00009c20: 00 00 00 04 00 00 22 ce 00 00 00 0e 00 00 00 03  ......".........
00009c30: 00 00 00 04 00 00 22 da 00 00 00 00 00 00 00 03  ......".........
00009c40: 00 00 00 04 00 00 22 e7 00 00 00 00 00 00 00 03  ......".........
00009c50: 00 00 00 04 00 00 22 f4 00 00 00 00 00 00 00 03  ......".........
00009c60: 00 00 00 04 00 00 22 fe 00 00 00 00 00 00 00 03  ......".........
00009c70: 00 00 00 04 00 00 13 95 00 00 00 a0 00 00 00 02  ................
00009c80: 00 00 00 02 00 00 00 02 00 00 00 02 00 00 00 01  ................
00009c90: 76 6f 70 40 66 66 34 36 30 30 30 30 00 00 00 00  vop@ff460000....
00009ca0: 00 00 00 03 00 00 00 16 00 00 00 00 72 6f 63 6b  ............rock
00009cb0: 63 68 69 70 2c 70 78 33 30 2d 76 6f 70 2d 62 69  chip,px30-vop-bi
00009cc0: 67 00 00 00 00 00 00 03 00 00 00 20 00 00 14 01  g.......... ....
00009cd0: 00 00 00 00 ff 46 00 00 00 00 00 00 00 00 01 fc  .....F..........
00009ce0: 00 00 00 00 ff 46 0a 00 00 00 00 00 00 00 04 00  .....F..........
00009cf0: 00 00 00 03 00 00 00 04 00 00 19 44 00 00 00 2f  ...........D.../
00009d00: 00 00 00 03 00 00 00 0f 00 00 23 0e 72 65 67 73  ..........#.regs
00009d10: 00 67 61 6d 6d 61 5f 6c 75 74 00 00 00 00 00 03  .gamma_lut......
00009d20: 00 00 00 0c 00 00 17 13 00 00 00 00 00 00 00 4d  ...............M
00009d30: 00 00 00 04 00 00 00 03 00 00 00 18 00 00 14 13  ................
00009d40: 00 00 00 02 00 00 00 b5 00 00 00 02 00 00 00 96  ................
00009d50: 00 00 00 02 00 00 00 fb 00 00 00 03 00 00 00 1b  ................
00009d60: 00 00 17 6b 61 63 6c 6b 5f 76 6f 70 00 64 63 6c  ...kaclk_vop.dcl
00009d70: 6b 5f 76 6f 70 00 68 63 6c 6b 5f 76 6f 70 00 00  k_vop.hclk_vop..
00009d80: 00 00 00 03 00 00 00 08 00 00 1f e2 00 00 00 8b  ................
00009d90: 00 00 00 0c 00 00 00 03 00 00 00 04 00 00 21 54  ..............!T
00009da0: 00 00 00 a1 00 00 00 03 00 00 00 05 00 00 17 64  ...............d
00009db0: 6f 6b 61 79 00 00 00 00 00 00 00 03 00 00 00 04  okay............
00009dc0: 00 00 13 95 00 00 01 0d 00 00 00 01 70 6f 72 74  ............port
00009dd0: 00 00 00 00 00 00 00 03 00 00 00 04 00 00 00 1c  ................
00009de0: 00 00 00 01 00 00 00 03 00 00 00 04 00 00 00 2b  ...............+
00009df0: 00 00 00 00 00 00 00 03 00 00 00 04 00 00 13 95  ................
00009e00: 00 00 00 10 00 00 00 01 65 6e 64 70 6f 69 6e 74  ........endpoint
00009e10: 40 30 00 00 00 00 00 03 00 00 00 04 00 00 14 01  @0..............
00009e20: 00 00 00 00 00 00 00 03 00 00 00 04 00 00 1a 10  ................
00009e30: 00 00 00 a2 00 00 00 03 00 00 00 04 00 00 13 95  ................
00009e40: 00 00 00 12 00 00 00 02 00 00 00 01 65 6e 64 70  ............endp
00009e50: 6f 69 6e 74 40 31 00 00 00 00 00 03 00 00 00 04  oint@1..........
00009e60: 00 00 14 01 00 00 00 01 00 00 00 03 00 00 00 04  ................
00009e70: 00 00 1a 10 00 00 00 a3 00 00 00 03 00 00 00 04  ................
00009e80: 00 00 13 95 00 00 00 13 00 00 00 02 00 00 00 01  ................
00009e90: 65 6e 64 70 6f 69 6e 74 40 32 00 00 00 00 00 03  endpoint@2......
00009ea0: 00 00 00 04 00 00 14 01 00 00 00 02 00 00 00 03  ................
00009eb0: 00 00 00 04 00 00 1a 10 00 00 00 a4 00 00 00 03  ................
00009ec0: 00 00 00 04 00 00 13 95 00 00 00 14 00 00 00 02  ................
00009ed0: 00 00 00 02 00 00 00 02 00 00 00 01 69 6f 6d 6d  ............iomm
00009ee0: 75 40 66 66 34 36 30 66 30 30 00 00 00 00 00 03  u@ff460f00......
00009ef0: 00 00 00 0f 00 00 00 00 72 6f 63 6b 63 68 69 70  ........rockchip
00009f00: 2c 69 6f 6d 6d 75 00 00 00 00 00 03 00 00 00 10  ,iommu..........
00009f10: 00 00 14 01 00 00 00 00 ff 46 0f 00 00 00 00 00  .........F......
00009f20: 00 00 01 00 00 00 00 03 00 00 00 0c 00 00 17 13  ................
00009f30: 00 00 00 00 00 00 00 4d 00 00 00 04 00 00 00 03  .......M........
00009f40: 00 00 00 09 00 00 1f d2 76 6f 70 62 5f 6d 6d 75  ........vopb_mmu
00009f50: 00 00 00 00 00 00 00 03 00 00 00 10 00 00 14 13  ................
00009f60: 00 00 00 02 00 00 00 b5 00 00 00 02 00 00 00 fb  ................
00009f70: 00 00 00 03 00 00 00 0a 00 00 17 6b 61 63 6c 6b  ...........kaclk
00009f80: 00 68 63 6c 6b 00 00 00 00 00 00 03 00 00 00 08  .hclk...........
00009f90: 00 00 1f e2 00 00 00 8b 00 00 00 0c 00 00 00 03  ................
00009fa0: 00 00 00 04 00 00 21 8c 00 00 00 00 00 00 00 03  ......!.........
00009fb0: 00 00 00 05 00 00 17 64 6f 6b 61 79 00 00 00 00  .......dokay....
00009fc0: 00 00 00 03 00 00 00 04 00 00 13 95 00 00 00 a1  ................
00009fd0: 00 00 00 02 00 00 00 01 72 6b 5f 72 67 61 40 66  ........rk_rga@f
00009fe0: 66 34 38 30 30 30 30 00 00 00 00 03 00 00 00 0e  f480000.........
00009ff0: 00 00 00 00 72 6f 63 6b 63 68 69 70 2c 72 67 61  ....rockchip,rga
0000a000: 32 00 00 00 00 00 00 03 00 00 00 10 00 00 14 01  2...............
0000a010: 00 00 00 00 ff 48 00 00 00 00 00 00 00 00 10 00  .....H..........
0000a020: 00 00 00 03 00 00 00 0c 00 00 17 13 00 00 00 00  ................
0000a030: 00 00 00 4c 00 00 00 04 00 00 00 03 00 00 00 18  ...L............
0000a040: 00 00 14 13 00 00 00 02 00 00 00 b7 00 00 00 02  ................
0000a050: 00 00 00 fd 00 00 00 02 00 00 00 35 00 00 00 03  ...........5....
0000a060: 00 00 00 1a 00 00 17 6b 61 63 6c 6b 5f 72 67 61  .......kaclk_rga
0000a070: 00 68 63 6c 6b 5f 72 67 61 00 63 6c 6b 5f 72 67  .hclk_rga.clk_rg
0000a080: 61 00 00 00 00 00 00 03 00 00 00 08 00 00 1f e2  a...............
0000a090: 00 00 00 8b 00 00 00 0c 00 00 00 03 00 00 00 00  ................
0000a0a0: 00 00 23 18 00 00 00 03 00 00 00 05 00 00 17 64  ..#............d
0000a0b0: 6f 6b 61 79 00 00 00 00 00 00 00 03 00 00 00 04  okay............
0000a0c0: 00 00 13 95 00 00 01 0e 00 00 00 02 00 00 00 01  ................
0000a0d0: 63 69 66 40 66 66 34 39 30 30 30 30 00 00 00 00  cif@ff490000....
0000a0e0: 00 00 00 03 00 00 00 0d 00 00 00 00 72 6f 63 6b  ............rock
0000a0f0: 63 68 69 70 2c 63 69 66 00 00 00 00 00 00 00 03  chip,cif........
0000a100: 00 00 00 10 00 00 14 01 00 00 00 00 ff 49 00 00  .............I..
0000a110: 00 00 00 00 00 00 02 00 00 00 00 03 00 00 00 0c  ................
0000a120: 00 00 17 13 00 00 00 00 00 00 00 45 00 00 00 04  ...........E....
0000a130: 00 00 00 03 00 00 00 20 00 00 14 13 00 00 00 02  ....... ........
0000a140: 00 00 00 b3 00 00 00 02 00 00 00 f9 00 00 00 02  ................
0000a150: 00 00 01 60 00 00 00 02 00 00 00 34 00 00 00 03  ...`.......4....
0000a160: 00 00 00 26 00 00 17 6b 61 63 6c 6b 5f 63 69 66  ...&...kaclk_cif
0000a170: 30 00 68 63 6c 6b 5f 63 69 66 30 00 70 63 6c 6b  0.hclk_cif0.pclk
0000a180: 5f 63 69 66 00 63 69 66 30 5f 6f 75 74 00 00 00  _cif.cif0_out...
0000a190: 00 00 00 03 00 00 00 18 00 00 19 24 00 00 00 02  ...........$....
0000a1a0: 00 00 00 2c 00 00 00 02 00 00 00 2d 00 00 00 02  ...,.......-....
0000a1b0: 00 00 00 2e 00 00 00 03 00 00 00 23 00 00 19 2b  ...........#...+
0000a1c0: 72 73 74 5f 63 69 66 5f 61 00 72 73 74 5f 63 69  rst_cif_a.rst_ci
0000a1d0: 66 5f 68 00 72 73 74 5f 63 69 66 5f 70 63 6c 6b  f_h.rst_cif_pclk
0000a1e0: 69 6e 00 00 00 00 00 03 00 00 00 08 00 00 1f e2  in..............
0000a1f0: 00 00 00 8b 00 00 00 0d 00 00 00 03 00 00 00 0c  ................
0000a200: 00 00 19 02 63 69 66 5f 70 69 6e 5f 61 6c 6c 00  ....cif_pin_all.
0000a210: 00 00 00 03 00 00 00 04 00 00 19 10 00 00 00 a5  ................
0000a220: 00 00 00 03 00 00 00 04 00 00 21 54 00 00 00 a6  ..........!T....
0000a230: 00 00 00 03 00 00 00 09 00 00 17 64 64 69 73 61  ...........ddisa
0000a240: 62 6c 65 64 00 00 00 00 00 00 00 03 00 00 00 04  bled............
0000a250: 00 00 13 95 00 00 01 0f 00 00 00 02 00 00 00 01  ................
0000a260: 63 69 66 2d 6e 65 77 40 66 66 34 39 30 30 30 30  cif-new@ff490000
0000a270: 00 00 00 00 00 00 00 03 00 00 00 12 00 00 00 00  ................
0000a280: 72 6f 63 6b 63 68 69 70 2c 70 78 33 30 2d 63 69  rockchip,px30-ci
0000a290: 66 00 00 00 00 00 00 03 00 00 00 10 00 00 14 01  f...............
0000a2a0: 00 00 00 00 ff 49 00 00 00 00 00 00 00 00 02 00  .....I..........
0000a2b0: 00 00 00 03 00 00 00 0c 00 00 17 13 00 00 00 00  ................
0000a2c0: 00 00 00 45 00 00 00 04 00 00 00 03 00 00 00 20  ...E........... 
0000a2d0: 00 00 14 13 00 00 00 02 00 00 00 b3 00 00 00 02  ................
0000a2e0: 00 00 00 f9 00 00 00 02 00 00 01 60 00 00 00 02  ...........`....
0000a2f0: 00 00 00 34 00 00 00 03 00 00 00 23 00 00 17 6b  ...4.......#...k
0000a300: 61 63 6c 6b 5f 63 69 66 00 68 63 6c 6b 5f 63 69  aclk_cif.hclk_ci
0000a310: 66 00 70 63 6c 6b 5f 63 69 66 00 63 69 66 5f 6f  f.pclk_cif.cif_o
0000a320: 75 74 00 00 00 00 00 03 00 00 00 18 00 00 19 24  ut.............$
0000a330: 00 00 00 02 00 00 00 2c 00 00 00 02 00 00 00 2d  .......,.......-
0000a340: 00 00 00 02 00 00 00 2e 00 00 00 03 00 00 00 23  ...............#
0000a350: 00 00 19 2b 72 73 74 5f 63 69 66 5f 61 00 72 73  ...+rst_cif_a.rs
0000a360: 74 5f 63 69 66 5f 68 00 72 73 74 5f 63 69 66 5f  t_cif_h.rst_cif_
0000a370: 70 63 6c 6b 69 6e 00 00 00 00 00 03 00 00 00 08  pclkin..........
0000a380: 00 00 1f e2 00 00 00 8b 00 00 00 0d 00 00 00 03  ................
0000a390: 00 00 00 04 00 00 21 54 00 00 00 a6 00 00 00 03  ......!T........
0000a3a0: 00 00 00 09 00 00 17 64 64 69 73 61 62 6c 65 64  .......ddisabled
0000a3b0: 00 00 00 00 00 00 00 03 00 00 00 04 00 00 13 95  ................
0000a3c0: 00 00 01 10 00 00 00 02 00 00 00 01 69 6f 6d 6d  ............iomm
0000a3d0: 75 40 66 66 34 39 30 38 30 30 00 00 00 00 00 03  u@ff490800......
0000a3e0: 00 00 00 0f 00 00 00 00 72 6f 63 6b 63 68 69 70  ........rockchip
0000a3f0: 2c 69 6f 6d 6d 75 00 00 00 00 00 03 00 00 00 10  ,iommu..........
0000a400: 00 00 14 01 00 00 00 00 ff 49 08 00 00 00 00 00  .........I......
0000a410: 00 00 01 00 00 00 00 03 00 00 00 0c 00 00 17 13  ................
0000a420: 00 00 00 00 00 00 00 45 00 00 00 04 00 00 00 03  .......E........
0000a430: 00 00 00 08 00 00 1f d2 76 69 70 5f 6d 6d 75 00  ........vip_mmu.
0000a440: 00 00 00 03 00 00 00 10 00 00 14 13 00 00 00 02  ................
0000a450: 00 00 00 b3 00 00 00 02 00 00 00 f9 00 00 00 03  ................
0000a460: 00 00 00 0a 00 00 17 6b 61 63 6c 6b 00 68 63 6c  .......kaclk.hcl
0000a470: 6b 00 00 00 00 00 00 03 00 00 00 08 00 00 1f e2  k...............
0000a480: 00 00 00 8b 00 00 00 0d 00 00 00 03 00 00 00 00  ................
0000a490: 00 00 23 25 00 00 00 03 00 00 00 04 00 00 21 8c  ..#%..........!.
0000a4a0: 00 00 00 00 00 00 00 03 00 00 00 09 00 00 17 64  ...............d
0000a4b0: 64 69 73 61 62 6c 65 64 00 00 00 00 00 00 00 03  disabled........
0000a4c0: 00 00 00 04 00 00 13 95 00 00 00 a6 00 00 00 02  ................
0000a4d0: 00 00 00 01 72 6b 5f 69 73 70 40 66 66 34 61 30  ....rk_isp@ff4a0
0000a4e0: 30 30 30 00 00 00 00 03 00 00 00 1f 00 00 00 00  000.............
0000a4f0: 72 6f 63 6b 63 68 69 70 2c 70 78 33 30 2d 69 73  rockchip,px30-is
0000a500: 70 00 72 6f 63 6b 63 68 69 70 2c 69 73 70 00 00  p.rockchip,isp..
0000a510: 00 00 00 03 00 00 00 10 00 00 14 01 00 00 00 00  ................
0000a520: ff 4a 00 00 00 00 00 00 00 00 80 00 00 00 00 03  .J..............
0000a530: 00 00 00 0c 00 00 17 13 00 00 00 00 00 00 00 46  ...............F
0000a540: 00 00 00 04 00 00 00 03 00 00 00 40 00 00 14 13  ...........@....
0000a550: 00 00 00 02 00 00 00 b4 00 00 00 02 00 00 00 fa  ................
0000a560: 00 00 00 02 00 00 00 33 00 00 00 02 00 00 00 33  .......3.......3
0000a570: 00 00 00 02 00 00 01 5f 00 00 00 02 00 00 00 34  ......._.......4
0000a580: 00 00 00 02 00 00 00 34 00 00 00 02 00 00 01 46  .......4.......F
0000a590: 00 00 00 03 00 00 00 55 00 00 17 6b 61 63 6c 6b  .......U...kaclk
0000a5a0: 5f 69 73 70 00 68 63 6c 6b 5f 69 73 70 00 63 6c  _isp.hclk_isp.cl
0000a5b0: 6b 5f 69 73 70 00 63 6c 6b 5f 69 73 70 5f 6a 70  k_isp.clk_isp_jp
0000a5c0: 65 00 70 63 6c 6b 69 6e 5f 69 73 70 00 63 6c 6b  e.pclkin_isp.clk
0000a5d0: 5f 63 69 66 5f 70 6c 6c 00 63 6c 6b 5f 63 69 66  _cif_pll.clk_cif
0000a5e0: 5f 6f 75 74 00 70 63 6c 6b 5f 64 70 68 79 72 78  _out.pclk_dphyrx
0000a5f0: 00 00 00 00 00 00 00 03 00 00 00 10 00 00 19 24  ...............$
0000a600: 00 00 00 02 00 00 00 2b 00 00 00 02 00 00 00 2f  .......+......./
0000a610: 00 00 00 03 00 00 00 17 00 00 19 2b 72 73 74 5f  ...........+rst_
0000a620: 69 73 70 00 72 73 74 5f 6d 69 70 69 63 73 69 70  isp.rst_mipicsip
0000a630: 68 79 00 00 00 00 00 03 00 00 00 08 00 00 1f e2  hy..............
0000a640: 00 00 00 8b 00 00 00 0d 00 00 00 03 00 00 00 2f  .............../
0000a650: 00 00 19 02 64 65 66 61 75 6c 74 00 69 73 70 5f  ....default.isp_
0000a660: 64 76 70 38 62 69 74 32 00 69 73 70 5f 64 76 70  dvp8bit2.isp_dvp
0000a670: 31 30 62 69 74 00 69 73 70 5f 64 76 70 31 32 62  10bit.isp_dvp12b
0000a680: 69 74 00 00 00 00 00 03 00 00 00 04 00 00 19 10  it..............
0000a690: 00 00 00 a7 00 00 00 03 00 00 00 04 00 00 1a 20  ............... 
0000a6a0: 00 00 00 a5 00 00 00 03 00 00 00 08 00 00 1a 59  ...............Y
0000a6b0: 00 00 00 a5 00 00 00 a8 00 00 00 03 00 00 00 0c  ................
0000a6c0: 00 00 1a 63 00 00 00 a9 00 00 00 a5 00 00 00 a8  ...c............
0000a6d0: 00 00 00 03 00 00 00 04 00 00 23 42 00 00 00 01  ..........#B....
0000a6e0: 00 00 00 03 00 00 00 08 00 00 23 57 ff 2f 00 00  ..........#W./..
0000a6f0: 00 00 40 00 00 00 00 03 00 00 00 04 00 00 19 44  ..@............D
0000a700: 00 00 00 2f 00 00 00 03 00 00 00 04 00 00 19 37  .../...........7
0000a710: 00 00 00 02 00 00 00 03 00 00 00 04 00 00 23 6f  ..............#o
0000a720: 00 00 00 01 00 00 00 03 00 00 00 04 00 00 21 54  ..............!T
0000a730: 00 00 00 aa 00 00 00 03 00 00 00 09 00 00 17 64  ...............d
0000a740: 64 69 73 61 62 6c 65 64 00 00 00 00 00 00 00 03  disabled........
0000a750: 00 00 00 04 00 00 13 95 00 00 01 11 00 00 00 02  ................
0000a760: 00 00 00 01 72 6b 69 73 70 31 40 66 66 34 61 30  ....rkisp1@ff4a0
0000a770: 30 30 30 00 00 00 00 03 00 00 00 17 00 00 00 00  000.............
0000a780: 72 6f 63 6b 63 68 69 70 2c 72 6b 33 33 32 36 2d  rockchip,rk3326-
0000a790: 72 6b 69 73 70 31 00 00 00 00 00 03 00 00 00 10  rkisp1..........
0000a7a0: 00 00 14 01 00 00 00 00 ff 4a 00 00 00 00 00 00  .........J......
0000a7b0: 00 00 80 00 00 00 00 03 00 00 00 24 00 00 17 13  ...........$....
0000a7c0: 00 00 00 00 00 00 00 46 00 00 00 04 00 00 00 00  .......F........
0000a7d0: 00 00 00 49 00 00 00 04 00 00 00 00 00 00 00 4a  ...I...........J
0000a7e0: 00 00 00 04 00 00 00 03 00 00 00 18 00 00 1f d2  ................
0000a7f0: 69 73 70 5f 69 72 71 00 6d 69 5f 69 72 71 00 6d  isp_irq.mi_irq.m
0000a800: 69 70 69 5f 69 72 71 00 00 00 00 03 00 00 00 20  ipi_irq........ 
0000a810: 00 00 14 13 00 00 00 02 00 00 00 b4 00 00 00 02  ................
0000a820: 00 00 00 fa 00 00 00 02 00 00 00 33 00 00 00 02  ...........3....
0000a830: 00 00 01 5f 00 00 00 03 00 00 00 23 00 00 17 6b  ..._.......#...k
0000a840: 61 63 6c 6b 5f 69 73 70 00 68 63 6c 6b 5f 69 73  aclk_isp.hclk_is
0000a850: 70 00 63 6c 6b 5f 69 73 70 00 70 63 6c 6b 5f 69  p.clk_isp.pclk_i
0000a860: 73 70 00 00 00 00 00 03 00 00 00 04 00 00 23 89  sp............#.
0000a870: 00 00 00 ab 00 00 00 03 00 00 00 08 00 00 1f e2  ................
0000a880: 00 00 00 8b 00 00 00 0d 00 00 00 03 00 00 00 04  ................
0000a890: 00 00 21 54 00 00 00 aa 00 00 00 03 00 00 00 04  ..!T............
0000a8a0: 00 00 19 44 00 00 00 2f 00 00 00 03 00 00 00 09  ...D.../........
0000a8b0: 00 00 17 64 64 69 73 61 62 6c 65 64 00 00 00 00  ...ddisabled....
0000a8c0: 00 00 00 03 00 00 00 04 00 00 13 95 00 00 01 12  ................
0000a8d0: 00 00 00 02 00 00 00 01 69 6f 6d 6d 75 40 66 66  ........iommu@ff
0000a8e0: 34 61 38 30 30 30 00 00 00 00 00 03 00 00 00 0f  4a8000..........
0000a8f0: 00 00 00 00 72 6f 63 6b 63 68 69 70 2c 69 6f 6d  ....rockchip,iom
0000a900: 6d 75 00 00 00 00 00 03 00 00 00 10 00 00 14 01  mu..............
0000a910: 00 00 00 00 ff 4a 80 00 00 00 00 00 00 00 01 00  .....J..........
0000a920: 00 00 00 03 00 00 00 0c 00 00 17 13 00 00 00 00  ................
0000a930: 00 00 00 46 00 00 00 04 00 00 00 03 00 00 00 08  ...F............
0000a940: 00 00 1f d2 69 73 70 5f 6d 6d 75 00 00 00 00 03  ....isp_mmu.....
0000a950: 00 00 00 10 00 00 14 13 00 00 00 02 00 00 00 b4  ................
0000a960: 00 00 00 02 00 00 00 fa 00 00 00 03 00 00 00 0a  ................
0000a970: 00 00 17 6b 61 63 6c 6b 00 68 63 6c 6b 00 00 00  ...kaclk.hclk...
0000a980: 00 00 00 03 00 00 00 08 00 00 1f e2 00 00 00 8b  ................
0000a990: 00 00 00 0d 00 00 00 03 00 00 00 00 00 00 23 25  ..............#%
0000a9a0: 00 00 00 03 00 00 00 04 00 00 21 8c 00 00 00 00  ..........!.....
0000a9b0: 00 00 00 03 00 00 00 05 00 00 17 64 6f 6b 61 79  ...........dokay
0000a9c0: 00 00 00 00 00 00 00 03 00 00 00 04 00 00 13 95  ................
0000a9d0: 00 00 00 aa 00 00 00 02 00 00 00 01 71 6f 73 40  ............qos@
0000a9e0: 66 66 35 31 38 30 30 30 00 00 00 00 00 00 00 03  ff518000........
0000a9f0: 00 00 00 07 00 00 00 00 73 79 73 63 6f 6e 00 00  ........syscon..
0000aa00: 00 00 00 03 00 00 00 10 00 00 14 01 00 00 00 00  ................
0000aa10: ff 51 80 00 00 00 00 00 00 00 00 20 00 00 00 03  .Q......... ....
0000aa20: 00 00 00 04 00 00 13 95 00 00 00 18 00 00 00 02  ................
0000aa30: 00 00 00 01 71 6f 73 40 66 66 35 32 30 30 30 30  ....qos@ff520000
0000aa40: 00 00 00 00 00 00 00 03 00 00 00 07 00 00 00 00  ................
0000aa50: 73 79 73 63 6f 6e 00 00 00 00 00 03 00 00 00 10  syscon..........
0000aa60: 00 00 14 01 00 00 00 00 ff 52 00 00 00 00 00 00  .........R......
0000aa70: 00 00 00 20 00 00 00 03 00 00 00 04 00 00 13 95  ... ............
0000aa80: 00 00 00 28 00 00 00 02 00 00 00 01 71 6f 73 40  ...(........qos@
0000aa90: 66 66 35 32 63 30 30 30 00 00 00 00 00 00 00 03  ff52c000........
0000aaa0: 00 00 00 07 00 00 00 00 73 79 73 63 6f 6e 00 00  ........syscon..
0000aab0: 00 00 00 03 00 00 00 10 00 00 14 01 00 00 00 00  ................
0000aac0: ff 52 c0 00 00 00 00 00 00 00 00 20 00 00 00 03  .R......... ....
0000aad0: 00 00 00 04 00 00 13 95 00 00 00 17 00 00 00 02  ................
0000aae0: 00 00 00 01 71 6f 73 40 66 66 35 33 38 30 30 30  ....qos@ff538000
0000aaf0: 00 00 00 00 00 00 00 03 00 00 00 07 00 00 00 00  ................
0000ab00: 73 79 73 63 6f 6e 00 00 00 00 00 03 00 00 00 10  syscon..........
0000ab10: 00 00 14 01 00 00 00 00 ff 53 80 00 00 00 00 00  .........S......
0000ab20: 00 00 00 20 00 00 00 03 00 00 00 04 00 00 13 95  ... ............
0000ab30: 00 00 00 19 00 00 00 02 00 00 00 01 71 6f 73 40  ............qos@
0000ab40: 66 66 35 33 38 30 38 30 00 00 00 00 00 00 00 03  ff538080........
0000ab50: 00 00 00 07 00 00 00 00 73 79 73 63 6f 6e 00 00  ........syscon..
0000ab60: 00 00 00 03 00 00 00 10 00 00 14 01 00 00 00 00  ................
0000ab70: ff 53 80 80 00 00 00 00 00 00 00 20 00 00 00 03  .S......... ....
0000ab80: 00 00 00 04 00 00 13 95 00 00 00 1a 00 00 00 02  ................
0000ab90: 00 00 00 01 71 6f 73 40 66 66 35 33 38 31 30 30  ....qos@ff538100
0000aba0: 00 00 00 00 00 00 00 03 00 00 00 07 00 00 00 00  ................
0000abb0: 73 79 73 63 6f 6e 00 00 00 00 00 03 00 00 00 10  syscon..........
0000abc0: 00 00 14 01 00 00 00 00 ff 53 81 00 00 00 00 00  .........S......
0000abd0: 00 00 00 20 00 00 00 03 00 00 00 04 00 00 13 95  ... ............
0000abe0: 00 00 00 1b 00 00 00 02 00 00 00 01 71 6f 73 40  ............qos@
0000abf0: 66 66 35 33 38 31 38 30 00 00 00 00 00 00 00 03  ff538180........
0000ac00: 00 00 00 07 00 00 00 00 73 79 73 63 6f 6e 00 00  ........syscon..
0000ac10: 00 00 00 03 00 00 00 10 00 00 14 01 00 00 00 00  ................
0000ac20: ff 53 81 80 00 00 00 00 00 00 00 20 00 00 00 03  .S......... ....
0000ac30: 00 00 00 04 00 00 13 95 00 00 00 1c 00 00 00 02  ................
0000ac40: 00 00 00 01 71 6f 73 40 66 66 35 34 30 30 30 30  ....qos@ff540000
0000ac50: 00 00 00 00 00 00 00 03 00 00 00 07 00 00 00 00  ................
0000ac60: 73 79 73 63 6f 6e 00 00 00 00 00 03 00 00 00 10  syscon..........
0000ac70: 00 00 14 01 00 00 00 00 ff 54 00 00 00 00 00 00  .........T......
0000ac80: 00 00 00 20 00 00 00 03 00 00 00 04 00 00 13 95  ... ............
0000ac90: 00 00 00 15 00 00 00 02 00 00 00 01 71 6f 73 40  ............qos@
0000aca0: 66 66 35 34 30 30 38 30 00 00 00 00 00 00 00 03  ff540080........
0000acb0: 00 00 00 07 00 00 00 00 73 79 73 63 6f 6e 00 00  ........syscon..
0000acc0: 00 00 00 03 00 00 00 10 00 00 14 01 00 00 00 00  ................
0000acd0: ff 54 00 80 00 00 00 00 00 00 00 20 00 00 00 03  .T......... ....
0000ace0: 00 00 00 04 00 00 13 95 00 00 00 16 00 00 00 02  ................
0000acf0: 00 00 00 01 71 6f 73 40 66 66 35 34 38 30 30 30  ....qos@ff548000
0000ad00: 00 00 00 00 00 00 00 03 00 00 00 07 00 00 00 00  ................
0000ad10: 73 79 73 63 6f 6e 00 00 00 00 00 03 00 00 00 10  syscon..........
0000ad20: 00 00 14 01 00 00 00 00 ff 54 80 00 00 00 00 00  .........T......
0000ad30: 00 00 00 20 00 00 00 03 00 00 00 04 00 00 13 95  ... ............
0000ad40: 00 00 00 23 00 00 00 02 00 00 00 01 71 6f 73 40  ...#........qos@
0000ad50: 66 66 35 34 38 30 38 30 00 00 00 00 00 00 00 03  ff548080........
0000ad60: 00 00 00 07 00 00 00 00 73 79 73 63 6f 6e 00 00  ........syscon..
0000ad70: 00 00 00 03 00 00 00 10 00 00 14 01 00 00 00 00  ................
0000ad80: ff 54 80 80 00 00 00 00 00 00 00 20 00 00 00 03  .T......... ....
0000ad90: 00 00 00 04 00 00 13 95 00 00 00 24 00 00 00 02  ...........$....
0000ada0: 00 00 00 01 71 6f 73 40 66 66 35 34 38 31 30 30  ....qos@ff548100
0000adb0: 00 00 00 00 00 00 00 03 00 00 00 07 00 00 00 00  ................
0000adc0: 73 79 73 63 6f 6e 00 00 00 00 00 03 00 00 00 10  syscon..........
0000add0: 00 00 14 01 00 00 00 00 ff 54 81 00 00 00 00 00  .........T......
0000ade0: 00 00 00 20 00 00 00 03 00 00 00 04 00 00 13 95  ... ............
0000adf0: 00 00 00 25 00 00 00 02 00 00 00 01 71 6f 73 40  ...%........qos@
0000ae00: 66 66 35 34 38 31 38 30 00 00 00 00 00 00 00 03  ff548180........
0000ae10: 00 00 00 07 00 00 00 00 73 79 73 63 6f 6e 00 00  ........syscon..
0000ae20: 00 00 00 03 00 00 00 10 00 00 14 01 00 00 00 00  ................
0000ae30: ff 54 81 80 00 00 00 00 00 00 00 20 00 00 00 03  .T......... ....
0000ae40: 00 00 00 04 00 00 13 95 00 00 00 26 00 00 00 02  ...........&....
0000ae50: 00 00 00 01 71 6f 73 40 66 66 35 34 38 32 30 30  ....qos@ff548200
0000ae60: 00 00 00 00 00 00 00 03 00 00 00 07 00 00 00 00  ................
0000ae70: 73 79 73 63 6f 6e 00 00 00 00 00 03 00 00 00 10  syscon..........
0000ae80: 00 00 14 01 00 00 00 00 ff 54 82 00 00 00 00 00  .........T......
0000ae90: 00 00 00 20 00 00 00 03 00 00 00 04 00 00 13 95  ... ............
0000aea0: 00 00 00 27 00 00 00 02 00 00 00 01 71 6f 73 40  ...'........qos@
0000aeb0: 66 66 35 35 30 30 30 30 00 00 00 00 00 00 00 03  ff550000........
0000aec0: 00 00 00 07 00 00 00 00 73 79 73 63 6f 6e 00 00  ........syscon..
0000aed0: 00 00 00 03 00 00 00 10 00 00 14 01 00 00 00 00  ................
0000aee0: ff 55 00 00 00 00 00 00 00 00 00 20 00 00 00 03  .U......... ....
0000aef0: 00 00 00 04 00 00 13 95 00 00 00 1f 00 00 00 02  ................
0000af00: 00 00 00 01 71 6f 73 40 66 66 35 35 30 30 38 30  ....qos@ff550080
0000af10: 00 00 00 00 00 00 00 03 00 00 00 07 00 00 00 00  ................
0000af20: 73 79 73 63 6f 6e 00 00 00 00 00 03 00 00 00 10  syscon..........
0000af30: 00 00 14 01 00 00 00 00 ff 55 00 80 00 00 00 00  .........U......
0000af40: 00 00 00 20 00 00 00 03 00 00 00 04 00 00 13 95  ... ............
0000af50: 00 00 00 20 00 00 00 02 00 00 00 01 71 6f 73 40  ... ........qos@
0000af60: 66 66 35 35 30 31 30 30 00 00 00 00 00 00 00 03  ff550100........
0000af70: 00 00 00 07 00 00 00 00 73 79 73 63 6f 6e 00 00  ........syscon..
0000af80: 00 00 00 03 00 00 00 10 00 00 14 01 00 00 00 00  ................
0000af90: ff 55 01 00 00 00 00 00 00 00 00 20 00 00 00 03  .U......... ....
0000afa0: 00 00 00 04 00 00 13 95 00 00 00 21 00 00 00 02  ...........!....
0000afb0: 00 00 00 01 71 6f 73 40 66 66 35 35 30 31 38 30  ....qos@ff550180
0000afc0: 00 00 00 00 00 00 00 03 00 00 00 07 00 00 00 00  ................
0000afd0: 73 79 73 63 6f 6e 00 00 00 00 00 03 00 00 00 10  syscon..........
0000afe0: 00 00 14 01 00 00 00 00 ff 55 01 80 00 00 00 00  .........U......
0000aff0: 00 00 00 20 00 00 00 03 00 00 00 04 00 00 13 95  ... ............
0000b000: 00 00 00 22 00 00 00 02 00 00 00 01 71 6f 73 40  ..."........qos@
0000b010: 66 66 35 35 38 30 30 30 00 00 00 00 00 00 00 03  ff558000........
0000b020: 00 00 00 07 00 00 00 00 73 79 73 63 6f 6e 00 00  ........syscon..
0000b030: 00 00 00 03 00 00 00 10 00 00 14 01 00 00 00 00  ................
0000b040: ff 55 80 00 00 00 00 00 00 00 00 20 00 00 00 03  .U......... ....
0000b050: 00 00 00 04 00 00 13 95 00 00 00 1d 00 00 00 02  ................
0000b060: 00 00 00 01 71 6f 73 40 66 66 35 35 38 30 38 30  ....qos@ff558080
0000b070: 00 00 00 00 00 00 00 03 00 00 00 07 00 00 00 00  ................
0000b080: 73 79 73 63 6f 6e 00 00 00 00 00 03 00 00 00 10  syscon..........
0000b090: 00 00 14 01 00 00 00 00 ff 55 80 80 00 00 00 00  .........U......
0000b0a0: 00 00 00 20 00 00 00 03 00 00 00 04 00 00 13 95  ... ............
0000b0b0: 00 00 00 1e 00 00 00 02 00 00 00 01 64 66 69 40  ............dfi@
0000b0c0: 66 66 36 31 30 30 30 30 00 00 00 00 00 00 00 03  ff610000........
0000b0d0: 00 00 00 10 00 00 14 01 00 00 00 00 ff 61 00 00  .............a..
0000b0e0: 00 00 00 00 00 00 04 00 00 00 00 03 00 00 00 12  ................
0000b0f0: 00 00 00 00 72 6f 63 6b 63 68 69 70 2c 70 78 33  ....rockchip,px3
0000b100: 30 2d 64 66 69 00 00 00 00 00 00 03 00 00 00 04  0-dfi...........
0000b110: 00 00 23 91 00 00 00 ac 00 00 00 03 00 00 00 05  ..#.............
0000b120: 00 00 17 64 6f 6b 61 79 00 00 00 00 00 00 00 03  ...dokay........
0000b130: 00 00 00 04 00 00 13 95 00 00 00 ad 00 00 00 02  ................
0000b140: 00 00 00 01 64 6d 63 00 00 00 00 03 00 00 00 12  ....dmc.........
0000b150: 00 00 00 00 72 6f 63 6b 63 68 69 70 2c 70 78 33  ....rockchip,px3
0000b160: 30 2d 64 6d 63 00 00 00 00 00 00 03 00 00 00 0c  0-dmc...........
0000b170: 00 00 17 13 00 00 00 00 00 00 00 69 00 00 00 04  ...........i....
0000b180: 00 00 00 03 00 00 00 0d 00 00 1f d2 63 6f 6d 70  ............comp
0000b190: 6c 65 74 65 5f 69 72 71 00 00 00 00 00 00 00 03  lete_irq........
0000b1a0: 00 00 00 04 00 00 23 a1 00 00 00 ad 00 00 00 03  ......#.........
0000b1b0: 00 00 00 08 00 00 14 13 00 00 00 02 00 00 00 54  ...............T
0000b1c0: 00 00 00 03 00 00 00 08 00 00 17 6b 64 6d 63 5f  ...........kdmc_
0000b1d0: 63 6c 6b 00 00 00 00 03 00 00 00 04 00 00 14 43  clk............C
0000b1e0: 00 00 00 ae 00 00 00 03 00 00 00 04 00 00 23 b0  ..............#.
0000b1f0: 00 00 00 af 00 00 00 03 00 00 00 04 00 00 23 bb  ..............#.
0000b200: 00 00 00 28 00 00 00 03 00 00 00 04 00 00 23 c7  ...(..........#.
0000b210: 00 00 00 14 00 00 00 03 00 00 00 38 00 00 23 d8  ...........8..#.
0000b220: 00 00 00 01 00 08 0e 80 00 00 00 08 00 06 dd d0  ................
0000b230: 00 00 00 02 00 02 f5 d0 00 00 00 20 00 06 dd d0  ........... ....
0000b240: 00 00 10 00 00 08 0e 80 00 00 40 00 00 0a 29 90  ..........@...).
0000b250: 00 00 20 00 00 0a 29 90 00 00 00 03 00 00 00 04  .. ...).........
0000b260: 00 00 23 eb 00 05 01 40 00 00 00 03 00 00 00 04  ..#....@........
0000b270: 00 00 23 f9 00 00 00 01 00 00 00 03 00 00 00 04  ..#.............
0000b280: 00 00 14 1a 00 00 00 02 00 00 00 03 00 00 00 05  ................
0000b290: 00 00 17 64 6f 6b 61 79 00 00 00 00 00 00 00 03  ...dokay........
0000b2a0: 00 00 00 04 00 00 24 06 00 00 00 0e 00 00 00 03  ......$.........
0000b2b0: 00 00 00 04 00 00 13 95 00 00 00 ab 00 00 00 01  ................
0000b2c0: 64 64 72 5f 70 6f 77 65 72 5f 6d 6f 64 65 6c 00  ddr_power_model.
0000b2d0: 00 00 00 03 00 00 00 10 00 00 00 00 64 64 72 5f  ............ddr_
0000b2e0: 70 6f 77 65 72 5f 6d 6f 64 65 6c 00 00 00 00 03  power_model.....
0000b2f0: 00 00 00 04 00 00 14 29 00 00 00 78 00 00 00 03  .......)...x....
0000b300: 00 00 00 04 00 00 24 14 00 00 00 c8 00 00 00 03  ......$.........
0000b310: 00 00 00 10 00 00 17 1b 00 00 7d 00 00 00 12 5c  ..........}....\
0000b320: ff ff ff b0 00 00 00 02 00 00 00 03 00 00 00 0c  ................
0000b330: 00 00 16 83 73 6f 63 2d 74 68 65 72 6d 61 6c 00  ....soc-thermal.
0000b340: 00 00 00 03 00 00 00 04 00 00 13 95 00 00 01 13  ................
0000b350: 00 00 00 02 00 00 00 02 00 00 00 01 64 6d 63 2d  ............dmc-
0000b360: 6f 70 70 2d 74 61 62 6c 65 00 00 00 00 00 00 03  opp-table.......
0000b370: 00 00 00 14 00 00 00 00 6f 70 65 72 61 74 69 6e  ........operatin
0000b380: 67 2d 70 6f 69 6e 74 73 2d 76 32 00 00 00 00 03  g-points-v2.....
0000b390: 00 00 00 04 00 00 15 5b 00 11 8c 30 00 00 00 03  .......[...0....
0000b3a0: 00 00 00 04 00 00 15 6d 00 00 61 a8 00 00 00 03  .......m..a.....
0000b3b0: 00 00 00 30 00 00 15 b7 00 00 00 00 00 00 c3 50  ...0...........P
0000b3c0: 00 00 00 00 00 00 c3 51 00 00 d2 f0 00 00 00 01  .......Q........
0000b3d0: 00 00 d2 f1 00 00 ea 60 00 00 00 02 00 00 ea 61  .......`.......a
0000b3e0: 00 01 86 9f 00 00 00 03 00 00 00 03 00 00 00 08  ................
0000b3f0: 00 00 15 f7 00 00 00 00 00 00 00 00 00 00 00 03  ................
0000b400: 00 00 00 04 00 00 13 95 00 00 00 ae 00 00 00 01  ................
0000b410: 6f 70 70 2d 31 39 34 30 30 30 30 30 30 00 00 00  opp-194000000...
0000b420: 00 00 00 03 00 00 00 08 00 00 16 9d 00 00 00 00  ................
0000b430: 0b 90 34 80 00 00 00 03 00 00 00 04 00 00 16 a4  ..4.............
0000b440: 00 0e 7e f0 00 00 00 03 00 00 00 04 00 00 16 b2  ..~.............
0000b450: 00 0e 7e f0 00 00 00 03 00 00 00 04 00 00 16 c3  ..~.............
0000b460: 00 0e 7e f0 00 00 00 03 00 00 00 04 00 00 16 d4  ..~.............
0000b470: 00 0e 7e f0 00 00 00 03 00 00 00 04 00 00 16 e5  ..~.............
0000b480: 00 0e 7e f0 00 00 00 02 00 00 00 01 6f 70 70 2d  ..~.........opp-
0000b490: 33 32 38 30 30 30 30 30 30 00 00 00 00 00 00 03  328000000.......
0000b4a0: 00 00 00 08 00 00 16 9d 00 00 00 00 13 8c e2 00  ................
0000b4b0: 00 00 00 03 00 00 00 04 00 00 16 a4 00 0e 7e f0  ..............~.
0000b4c0: 00 00 00 03 00 00 00 04 00 00 16 b2 00 0e 7e f0  ..............~.
0000b4d0: 00 00 00 03 00 00 00 04 00 00 16 c3 00 0e 7e f0  ..............~.
0000b4e0: 00 00 00 03 00 00 00 04 00 00 16 d4 00 0e 7e f0  ..............~.
0000b4f0: 00 00 00 03 00 00 00 04 00 00 16 e5 00 0e 7e f0  ..............~.
0000b500: 00 00 00 02 00 00 00 01 6f 70 70 2d 34 35 30 30  ........opp-4500
0000b510: 30 30 30 30 30 00 00 00 00 00 00 03 00 00 00 08  00000...........
0000b520: 00 00 16 9d 00 00 00 00 1a d2 74 80 00 00 00 03  ..........t.....
0000b530: 00 00 00 04 00 00 16 a4 00 0e 7e f0 00 00 00 03  ..........~.....
0000b540: 00 00 00 04 00 00 16 b2 00 0e 7e f0 00 00 00 03  ..........~.....
0000b550: 00 00 00 04 00 00 16 c3 00 0e 7e f0 00 00 00 03  ..........~.....
0000b560: 00 00 00 04 00 00 16 d4 00 0e 7e f0 00 00 00 03  ..........~.....
0000b570: 00 00 00 04 00 00 16 e5 00 0e 7e f0 00 00 00 02  ..........~.....
0000b580: 00 00 00 01 6f 70 70 2d 35 32 38 30 30 30 30 30  ....opp-52800000
0000b590: 30 00 00 00 00 00 00 03 00 00 00 08 00 00 16 9d  0...............
0000b5a0: 00 00 00 00 1f 78 a4 00 00 00 00 03 00 00 00 04  .....x..........
0000b5b0: 00 00 16 a4 00 0e e0 98 00 00 00 03 00 00 00 04  ................
0000b5c0: 00 00 16 b2 00 0e e0 98 00 00 00 03 00 00 00 04  ................
0000b5d0: 00 00 16 c3 00 0e e0 98 00 00 00 03 00 00 00 04  ................
0000b5e0: 00 00 16 d4 00 0e 7e f0 00 00 00 03 00 00 00 04  ......~.........
0000b5f0: 00 00 16 e5 00 0e 7e f0 00 00 00 02 00 00 00 01  ......~.........
0000b600: 6f 70 70 2d 36 36 36 30 30 30 30 30 30 00 00 00  opp-666000000...
0000b610: 00 00 00 03 00 00 00 08 00 00 16 9d 00 00 00 00  ................
0000b620: 27 b2 5a 80 00 00 00 03 00 00 00 04 00 00 16 a4  '.Z.............
0000b630: 00 10 05 90 00 00 00 03 00 00 00 04 00 00 16 b2  ................
0000b640: 00 10 05 90 00 00 00 03 00 00 00 04 00 00 16 c3  ................
0000b650: 00 0f 42 40 00 00 00 03 00 00 00 04 00 00 16 d4  ..B@............
0000b660: 00 0e e0 98 00 00 00 03 00 00 00 04 00 00 16 e5  ................
0000b670: 00 0e 7e f0 00 00 00 02 00 00 00 01 6f 70 70 2d  ..~.........opp-
0000b680: 37 38 36 30 30 30 30 30 30 00 00 00 00 00 00 03  786000000.......
0000b690: 00 00 00 08 00 00 16 9d 00 00 00 00 2e d9 68 80  ..............h.
0000b6a0: 00 00 00 03 00 00 00 04 00 00 16 a4 00 10 c8 e0  ................
0000b6b0: 00 00 00 03 00 00 00 04 00 00 16 b2 00 10 c8 e0  ................
0000b6c0: 00 00 00 03 00 00 00 04 00 00 16 c3 00 10 05 90  ................
0000b6d0: 00 00 00 03 00 00 00 04 00 00 16 d4 00 0f a3 e8  ................
0000b6e0: 00 00 00 03 00 00 00 04 00 00 16 e5 00 0f 42 40  ..............B@
0000b6f0: 00 00 00 03 00 00 00 05 00 00 17 64 6f 6b 61 79  ...........dokay
0000b700: 00 00 00 00 00 00 00 02 00 00 00 01 6f 70 70 2d  ............opp-
0000b710: 39 32 34 30 30 30 30 30 30 00 00 00 00 00 00 03  924000000.......
0000b720: 00 00 00 08 00 00 16 9d 00 00 00 00 37 13 1f 00  ............7...
0000b730: 00 00 00 03 00 00 00 04 00 00 16 a4 00 11 8c 30  ...............0
0000b740: 00 00 00 03 00 00 00 04 00 00 16 b2 00 11 8c 30  ...............0
0000b750: 00 00 00 03 00 00 00 04 00 00 16 c3 00 11 8c 30  ...............0
0000b760: 00 00 00 03 00 00 00 04 00 00 16 d4 00 11 8c 30  ...............0
0000b770: 00 00 00 03 00 00 00 04 00 00 16 e5 00 11 8c 30  ...............0
0000b780: 00 00 00 02 00 00 00 01 6f 70 70 2d 31 30 34 30  ........opp-1040
0000b790: 30 30 30 30 30 30 00 00 00 00 00 03 00 00 00 08  000000..........
0000b7a0: 00 00 16 9d 00 00 00 00 3d fd 24 00 00 00 00 03  ........=.$.....
0000b7b0: 00 00 00 04 00 00 16 a4 00 12 4f 80 00 00 00 03  ..........O.....
0000b7c0: 00 00 00 04 00 00 16 b2 00 12 4f 80 00 00 00 03  ..........O.....
0000b7d0: 00 00 00 04 00 00 16 c3 00 12 4f 80 00 00 00 03  ..........O.....
0000b7e0: 00 00 00 04 00 00 16 d4 00 12 4f 80 00 00 00 03  ..........O.....
0000b7f0: 00 00 00 04 00 00 16 e5 00 12 4f 80 00 00 00 02  ..........O.....
0000b800: 00 00 00 02 00 00 00 01 72 6f 63 6b 63 68 69 70  ........rockchip
0000b810: 2d 73 79 73 74 65 6d 2d 6d 6f 6e 69 74 6f 72 00  -system-monitor.
0000b820: 00 00 00 03 00 00 00 18 00 00 00 00 72 6f 63 6b  ............rock
0000b830: 63 68 69 70 2c 73 79 73 74 65 6d 2d 6d 6f 6e 69  chip,system-moni
0000b840: 74 6f 72 00 00 00 00 03 00 00 00 0c 00 00 16 7a  tor............z
0000b850: 73 6f 63 2d 74 68 65 72 6d 61 6c 00 00 00 00 03  soc-thermal.....
0000b860: 00 00 00 04 00 00 24 2d 00 00 00 c8 00 00 00 03  ......$-........
0000b870: 00 00 00 04 00 00 13 95 00 00 01 14 00 00 00 02  ................
0000b880: 00 00 00 01 70 69 6e 63 74 72 6c 00 00 00 00 03  ....pinctrl.....
0000b890: 00 00 00 16 00 00 00 00 72 6f 63 6b 63 68 69 70  ........rockchip
0000b8a0: 2c 70 78 33 30 2d 70 69 6e 63 74 72 6c 00 00 00  ,px30-pinctrl...
0000b8b0: 00 00 00 03 00 00 00 04 00 00 19 44 00 00 00 2f  ...........D.../
0000b8c0: 00 00 00 03 00 00 00 04 00 00 24 44 00 00 00 ac  ..........$D....
0000b8d0: 00 00 00 03 00 00 00 04 00 00 00 1c 00 00 00 02  ................
0000b8e0: 00 00 00 03 00 00 00 04 00 00 00 2b 00 00 00 02  ...........+....
0000b8f0: 00 00 00 03 00 00 00 00 00 00 1d 95 00 00 00 03  ................
0000b900: 00 00 00 04 00 00 13 95 00 00 01 15 00 00 00 01  ................
0000b910: 67 70 69 6f 30 40 66 66 30 34 30 30 30 30 00 00  gpio0@ff040000..
0000b920: 00 00 00 03 00 00 00 13 00 00 00 00 72 6f 63 6b  ............rock
0000b930: 63 68 69 70 2c 67 70 69 6f 2d 62 61 6e 6b 00 00  chip,gpio-bank..
0000b940: 00 00 00 03 00 00 00 10 00 00 14 01 00 00 00 00  ................
0000b950: ff 04 00 00 00 00 00 00 00 00 01 00 00 00 00 03  ................
0000b960: 00 00 00 0c 00 00 17 13 00 00 00 00 00 00 00 03  ................
0000b970: 00 00 00 04 00 00 00 03 00 00 00 08 00 00 14 13  ................
0000b980: 00 00 00 2a 00 00 00 14 00 00 00 03 00 00 00 00  ...*............
0000b990: 00 00 1b 18 00 00 00 03 00 00 00 04 00 00 1b 28  ...............(
0000b9a0: 00 00 00 02 00 00 00 03 00 00 00 00 00 00 19 98  ................
0000b9b0: 00 00 00 03 00 00 00 04 00 00 19 87 00 00 00 02  ................
0000b9c0: 00 00 00 03 00 00 00 04 00 00 13 95 00 00 00 5e  ...............^
0000b9d0: 00 00 00 02 00 00 00 01 67 70 69 6f 31 40 66 66  ........gpio1@ff
0000b9e0: 32 35 30 30 30 30 00 00 00 00 00 03 00 00 00 13  250000..........
0000b9f0: 00 00 00 00 72 6f 63 6b 63 68 69 70 2c 67 70 69  ....rockchip,gpi
0000ba00: 6f 2d 62 61 6e 6b 00 00 00 00 00 03 00 00 00 10  o-bank..........
0000ba10: 00 00 14 01 00 00 00 00 ff 25 00 00 00 00 00 00  .........%......
0000ba20: 00 00 01 00 00 00 00 03 00 00 00 0c 00 00 17 13  ................
0000ba30: 00 00 00 00 00 00 00 04 00 00 00 04 00 00 00 03  ................
0000ba40: 00 00 00 08 00 00 14 13 00 00 00 02 00 00 01 5c  ...............\
0000ba50: 00 00 00 03 00 00 00 00 00 00 1b 18 00 00 00 03  ................
0000ba60: 00 00 00 04 00 00 1b 28 00 00 00 02 00 00 00 03  .......(........
0000ba70: 00 00 00 00 00 00 19 98 00 00 00 03 00 00 00 04  ................
0000ba80: 00 00 19 87 00 00 00 02 00 00 00 03 00 00 00 04  ................
0000ba90: 00 00 13 95 00 00 01 16 00 00 00 02 00 00 00 01  ................
0000baa0: 67 70 69 6f 32 40 66 66 32 36 30 30 30 30 00 00  gpio2@ff260000..
0000bab0: 00 00 00 03 00 00 00 13 00 00 00 00 72 6f 63 6b  ............rock
0000bac0: 63 68 69 70 2c 67 70 69 6f 2d 62 61 6e 6b 00 00  chip,gpio-bank..
0000bad0: 00 00 00 03 00 00 00 10 00 00 14 01 00 00 00 00  ................
0000bae0: ff 26 00 00 00 00 00 00 00 00 01 00 00 00 00 03  .&..............
0000baf0: 00 00 00 0c 00 00 17 13 00 00 00 00 00 00 00 05  ................
0000bb00: 00 00 00 04 00 00 00 03 00 00 00 08 00 00 14 13  ................
0000bb10: 00 00 00 02 00 00 01 5d 00 00 00 03 00 00 00 00  .......]........
0000bb20: 00 00 1b 18 00 00 00 03 00 00 00 04 00 00 1b 28  ...............(
0000bb30: 00 00 00 02 00 00 00 03 00 00 00 00 00 00 19 98  ................
0000bb40: 00 00 00 03 00 00 00 04 00 00 19 87 00 00 00 02  ................
0000bb50: 00 00 00 03 00 00 00 04 00 00 13 95 00 00 00 bd  ................
0000bb60: 00 00 00 02 00 00 00 01 67 70 69 6f 33 40 66 66  ........gpio3@ff
0000bb70: 32 37 30 30 30 30 00 00 00 00 00 03 00 00 00 13  270000..........
0000bb80: 00 00 00 00 72 6f 63 6b 63 68 69 70 2c 67 70 69  ....rockchip,gpi
0000bb90: 6f 2d 62 61 6e 6b 00 00 00 00 00 03 00 00 00 10  o-bank..........
0000bba0: 00 00 14 01 00 00 00 00 ff 27 00 00 00 00 00 00  .........'......
0000bbb0: 00 00 01 00 00 00 00 03 00 00 00 0c 00 00 17 13  ................
0000bbc0: 00 00 00 00 00 00 00 06 00 00 00 04 00 00 00 03  ................
0000bbd0: 00 00 00 08 00 00 14 13 00 00 00 02 00 00 01 5e  ...............^
0000bbe0: 00 00 00 03 00 00 00 00 00 00 1b 18 00 00 00 03  ................
0000bbf0: 00 00 00 04 00 00 1b 28 00 00 00 02 00 00 00 03  .......(........
0000bc00: 00 00 00 00 00 00 19 98 00 00 00 03 00 00 00 04  ................
0000bc10: 00 00 19 87 00 00 00 02 00 00 00 03 00 00 00 04  ................
0000bc20: 00 00 13 95 00 00 00 68 00 00 00 02 00 00 00 01  .......h........
0000bc30: 70 63 66 67 2d 70 75 6c 6c 2d 75 70 00 00 00 00  pcfg-pull-up....
0000bc40: 00 00 00 03 00 00 00 00 00 00 24 51 00 00 00 03  ..........$Q....
0000bc50: 00 00 00 04 00 00 13 95 00 00 00 b2 00 00 00 02  ................
0000bc60: 00 00 00 01 70 63 66 67 2d 70 75 6c 6c 2d 64 6f  ....pcfg-pull-do
0000bc70: 77 6e 00 00 00 00 00 03 00 00 00 00 00 00 24 5e  wn............$^
0000bc80: 00 00 00 03 00 00 00 04 00 00 13 95 00 00 01 17  ................
0000bc90: 00 00 00 02 00 00 00 01 70 63 66 67 2d 70 75 6c  ........pcfg-pul
0000bca0: 6c 2d 6e 6f 6e 65 00 00 00 00 00 03 00 00 00 00  l-none..........
0000bcb0: 00 00 24 6d 00 00 00 03 00 00 00 04 00 00 13 95  ..$m............
0000bcc0: 00 00 00 b1 00 00 00 02 00 00 00 01 70 63 66 67  ............pcfg
0000bcd0: 2d 70 75 6c 6c 2d 6e 6f 6e 65 2d 32 6d 61 00 00  -pull-none-2ma..
0000bce0: 00 00 00 03 00 00 00 00 00 00 24 6d 00 00 00 03  ..........$m....
0000bcf0: 00 00 00 04 00 00 24 7a 00 00 00 02 00 00 00 03  ......$z........
0000bd00: 00 00 00 04 00 00 13 95 00 00 01 18 00 00 00 02  ................
0000bd10: 00 00 00 01 70 63 66 67 2d 70 75 6c 6c 2d 75 70  ....pcfg-pull-up
0000bd20: 2d 32 6d 61 00 00 00 00 00 00 00 03 00 00 00 00  -2ma............
0000bd30: 00 00 24 51 00 00 00 03 00 00 00 04 00 00 24 7a  ..$Q..........$z
0000bd40: 00 00 00 02 00 00 00 03 00 00 00 04 00 00 13 95  ................
0000bd50: 00 00 01 19 00 00 00 02 00 00 00 01 70 63 66 67  ............pcfg
0000bd60: 2d 70 75 6c 6c 2d 75 70 2d 34 6d 61 00 00 00 00  -pull-up-4ma....
0000bd70: 00 00 00 03 00 00 00 00 00 00 24 51 00 00 00 03  ..........$Q....
0000bd80: 00 00 00 04 00 00 24 7a 00 00 00 04 00 00 00 03  ......$z........
0000bd90: 00 00 00 04 00 00 13 95 00 00 00 b3 00 00 00 02  ................
0000bda0: 00 00 00 01 70 63 66 67 2d 70 75 6c 6c 2d 6e 6f  ....pcfg-pull-no
0000bdb0: 6e 65 2d 34 6d 61 00 00 00 00 00 03 00 00 00 00  ne-4ma..........
0000bdc0: 00 00 24 6d 00 00 00 03 00 00 00 04 00 00 24 7a  ..$m..........$z
0000bdd0: 00 00 00 04 00 00 00 03 00 00 00 04 00 00 13 95  ................
0000bde0: 00 00 01 1a 00 00 00 02 00 00 00 01 70 63 66 67  ............pcfg
0000bdf0: 2d 70 75 6c 6c 2d 64 6f 77 6e 2d 34 6d 61 00 00  -pull-down-4ma..
0000be00: 00 00 00 03 00 00 00 00 00 00 24 5e 00 00 00 03  ..........$^....
0000be10: 00 00 00 04 00 00 24 7a 00 00 00 04 00 00 00 03  ......$z........
0000be20: 00 00 00 04 00 00 13 95 00 00 01 1b 00 00 00 02  ................
0000be30: 00 00 00 01 70 63 66 67 2d 70 75 6c 6c 2d 6e 6f  ....pcfg-pull-no
0000be40: 6e 65 2d 38 6d 61 00 00 00 00 00 03 00 00 00 00  ne-8ma..........
0000be50: 00 00 24 6d 00 00 00 03 00 00 00 04 00 00 24 7a  ..$m..........$z
0000be60: 00 00 00 08 00 00 00 03 00 00 00 04 00 00 13 95  ................
0000be70: 00 00 00 b6 00 00 00 02 00 00 00 01 70 63 66 67  ............pcfg
0000be80: 2d 70 75 6c 6c 2d 75 70 2d 38 6d 61 00 00 00 00  -pull-up-8ma....
0000be90: 00 00 00 03 00 00 00 00 00 00 24 51 00 00 00 03  ..........$Q....
0000bea0: 00 00 00 04 00 00 24 7a 00 00 00 08 00 00 00 03  ......$z........
0000beb0: 00 00 00 04 00 00 13 95 00 00 00 b4 00 00 00 02  ................
0000bec0: 00 00 00 01 70 63 66 67 2d 70 75 6c 6c 2d 6e 6f  ....pcfg-pull-no
0000bed0: 6e 65 2d 31 32 6d 61 00 00 00 00 03 00 00 00 00  ne-12ma.........
0000bee0: 00 00 24 6d 00 00 00 03 00 00 00 04 00 00 24 7a  ..$m..........$z
0000bef0: 00 00 00 0c 00 00 00 03 00 00 00 04 00 00 13 95  ................
0000bf00: 00 00 00 b8 00 00 00 02 00 00 00 01 70 63 66 67  ............pcfg
0000bf10: 2d 70 75 6c 6c 2d 75 70 2d 31 32 6d 61 00 00 00  -pull-up-12ma...
0000bf20: 00 00 00 03 00 00 00 00 00 00 24 51 00 00 00 03  ..........$Q....
0000bf30: 00 00 00 04 00 00 24 7a 00 00 00 0c 00 00 00 03  ......$z........
0000bf40: 00 00 00 04 00 00 13 95 00 00 00 b7 00 00 00 02  ................
0000bf50: 00 00 00 01 70 63 66 67 2d 70 75 6c 6c 2d 6e 6f  ....pcfg-pull-no
0000bf60: 6e 65 2d 73 6d 74 00 00 00 00 00 03 00 00 00 00  ne-smt..........
0000bf70: 00 00 24 6d 00 00 00 03 00 00 00 00 00 00 24 89  ..$m..........$.
0000bf80: 00 00 00 03 00 00 00 04 00 00 13 95 00 00 00 b0  ................
0000bf90: 00 00 00 02 00 00 00 01 70 63 66 67 2d 6f 75 74  ........pcfg-out
0000bfa0: 70 75 74 2d 68 69 67 68 00 00 00 00 00 00 00 03  put-high........
0000bfb0: 00 00 00 00 00 00 24 9e 00 00 00 03 00 00 00 04  ......$.........
0000bfc0: 00 00 13 95 00 00 01 1c 00 00 00 02 00 00 00 01  ................
0000bfd0: 70 63 66 67 2d 6f 75 74 70 75 74 2d 6c 6f 77 00  pcfg-output-low.
0000bfe0: 00 00 00 03 00 00 00 00 00 00 24 aa 00 00 00 03  ..........$.....
0000bff0: 00 00 00 04 00 00 13 95 00 00 00 b9 00 00 00 02  ................
0000c000: 00 00 00 01 70 63 66 67 2d 69 6e 70 75 74 2d 68  ....pcfg-input-h
0000c010: 69 67 68 00 00 00 00 03 00 00 00 00 00 00 24 51  igh...........$Q
0000c020: 00 00 00 03 00 00 00 00 00 00 24 b5 00 00 00 03  ..........$.....
0000c030: 00 00 00 04 00 00 13 95 00 00 00 b5 00 00 00 02  ................
0000c040: 00 00 00 01 70 63 66 67 2d 69 6e 70 75 74 00 00  ....pcfg-input..
0000c050: 00 00 00 03 00 00 00 00 00 00 24 b5 00 00 00 03  ..........$.....
0000c060: 00 00 00 04 00 00 13 95 00 00 01 1d 00 00 00 02  ................
0000c070: 00 00 00 01 69 32 63 30 00 00 00 00 00 00 00 01  ....i2c0........
0000c080: 69 32 63 30 2d 78 66 65 72 00 00 00 00 00 00 03  i2c0-xfer.......
0000c090: 00 00 00 20 00 00 24 c2 00 00 00 00 00 00 00 08  ... ..$.........
0000c0a0: 00 00 00 01 00 00 00 b0 00 00 00 00 00 00 00 09  ................
0000c0b0: 00 00 00 01 00 00 00 b0 00 00 00 03 00 00 00 04  ................
0000c0c0: 00 00 13 95 00 00 00 5d 00 00 00 02 00 00 00 02  .......]........
0000c0d0: 00 00 00 01 69 32 63 31 00 00 00 00 00 00 00 01  ....i2c1........
0000c0e0: 69 32 63 31 2d 78 66 65 72 00 00 00 00 00 00 03  i2c1-xfer.......
0000c0f0: 00 00 00 20 00 00 24 c2 00 00 00 00 00 00 00 12  ... ..$.........
0000c100: 00 00 00 01 00 00 00 b0 00 00 00 00 00 00 00 13  ................
0000c110: 00 00 00 01 00 00 00 b0 00 00 00 03 00 00 00 04  ................
0000c120: 00 00 13 95 00 00 00 6b 00 00 00 02 00 00 00 02  .......k........
0000c130: 00 00 00 01 69 32 63 32 00 00 00 00 00 00 00 01  ....i2c2........
0000c140: 69 32 63 32 2d 78 66 65 72 00 00 00 00 00 00 03  i2c2-xfer.......
0000c150: 00 00 00 20 00 00 24 c2 00 00 00 02 00 00 00 0f  ... ..$.........
0000c160: 00 00 00 02 00 00 00 b0 00 00 00 02 00 00 00 10  ................
0000c170: 00 00 00 02 00 00 00 b0 00 00 00 03 00 00 00 04  ................
0000c180: 00 00 13 95 00 00 00 6c 00 00 00 02 00 00 00 02  .......l........
0000c190: 00 00 00 01 69 32 63 33 00 00 00 00 00 00 00 01  ....i2c3........
0000c1a0: 69 32 63 33 2d 78 66 65 72 00 00 00 00 00 00 03  i2c3-xfer.......
0000c1b0: 00 00 00 20 00 00 24 c2 00 00 00 01 00 00 00 0c  ... ..$.........
0000c1c0: 00 00 00 04 00 00 00 b0 00 00 00 01 00 00 00 0d  ................
0000c1d0: 00 00 00 04 00 00 00 b0 00 00 00 03 00 00 00 04  ................
0000c1e0: 00 00 13 95 00 00 00 6d 00 00 00 02 00 00 00 02  .......m........
0000c1f0: 00 00 00 01 74 73 61 64 63 00 00 00 00 00 00 01  ....tsadc.......
0000c200: 74 73 61 64 63 2d 6f 74 70 2d 67 70 69 6f 00 00  tsadc-otp-gpio..
0000c210: 00 00 00 03 00 00 00 10 00 00 24 c2 00 00 00 00  ..........$.....
0000c220: 00 00 00 06 00 00 00 00 00 00 00 b1 00 00 00 03  ................
0000c230: 00 00 00 04 00 00 13 95 00 00 00 88 00 00 00 02  ................
0000c240: 00 00 00 01 74 73 61 64 63 2d 6f 74 70 2d 6f 75  ....tsadc-otp-ou
0000c250: 74 00 00 00 00 00 00 03 00 00 00 10 00 00 24 c2  t.............$.
0000c260: 00 00 00 00 00 00 00 06 00 00 00 01 00 00 00 b1  ................
0000c270: 00 00 00 03 00 00 00 04 00 00 13 95 00 00 00 89  ................
0000c280: 00 00 00 02 00 00 00 02 00 00 00 01 75 61 72 74  ............uart
0000c290: 30 00 00 00 00 00 00 01 75 61 72 74 30 2d 78 66  0.......uart0-xf
0000c2a0: 65 72 00 00 00 00 00 03 00 00 00 20 00 00 24 c2  er......... ..$.
0000c2b0: 00 00 00 00 00 00 00 0a 00 00 00 01 00 00 00 b2  ................
0000c2c0: 00 00 00 00 00 00 00 0b 00 00 00 01 00 00 00 b2  ................
0000c2d0: 00 00 00 03 00 00 00 04 00 00 13 95 00 00 00 2c  ...............,
0000c2e0: 00 00 00 02 00 00 00 01 75 61 72 74 30 2d 63 74  ........uart0-ct
0000c2f0: 73 00 00 00 00 00 00 03 00 00 00 10 00 00 24 c2  s.............$.
0000c300: 00 00 00 00 00 00 00 0c 00 00 00 01 00 00 00 b1  ................
0000c310: 00 00 00 03 00 00 00 04 00 00 13 95 00 00 00 2d  ...............-
0000c320: 00 00 00 02 00 00 00 01 75 61 72 74 30 2d 72 74  ........uart0-rt
0000c330: 73 00 00 00 00 00 00 03 00 00 00 10 00 00 24 c2  s.............$.
0000c340: 00 00 00 00 00 00 00 0d 00 00 00 01 00 00 00 b1  ................
0000c350: 00 00 00 03 00 00 00 04 00 00 13 95 00 00 00 2e  ................
0000c360: 00 00 00 02 00 00 00 01 75 61 72 74 30 2d 72 74  ........uart0-rt
0000c370: 73 2d 67 70 69 6f 00 00 00 00 00 03 00 00 00 10  s-gpio..........
0000c380: 00 00 24 c2 00 00 00 00 00 00 00 0d 00 00 00 00  ..$.............
0000c390: 00 00 00 b1 00 00 00 03 00 00 00 04 00 00 13 95  ................
0000c3a0: 00 00 01 1e 00 00 00 02 00 00 00 02 00 00 00 01  ................
0000c3b0: 75 61 72 74 31 00 00 00 00 00 00 01 75 61 72 74  uart1.......uart
0000c3c0: 31 2d 78 66 65 72 00 00 00 00 00 03 00 00 00 20  1-xfer......... 
0000c3d0: 00 00 24 c2 00 00 00 01 00 00 00 11 00 00 00 01  ..$.............
0000c3e0: 00 00 00 b2 00 00 00 01 00 00 00 10 00 00 00 01  ................
0000c3f0: 00 00 00 b2 00 00 00 03 00 00 00 04 00 00 13 95  ................
0000c400: 00 00 00 51 00 00 00 02 00 00 00 01 75 61 72 74  ...Q........uart
0000c410: 31 2d 63 74 73 00 00 00 00 00 00 03 00 00 00 10  1-cts...........
0000c420: 00 00 24 c2 00 00 00 01 00 00 00 12 00 00 00 01  ..$.............
0000c430: 00 00 00 b1 00 00 00 03 00 00 00 04 00 00 13 95  ................
0000c440: 00 00 00 52 00 00 00 02 00 00 00 01 75 61 72 74  ...R........uart
0000c450: 31 2d 72 74 73 00 00 00 00 00 00 03 00 00 00 10  1-rts...........
0000c460: 00 00 24 c2 00 00 00 01 00 00 00 13 00 00 00 01  ..$.............
0000c470: 00 00 00 b1 00 00 00 03 00 00 00 04 00 00 13 95  ................
0000c480: 00 00 01 1f 00 00 00 02 00 00 00 01 75 61 72 74  ............uart
0000c490: 31 2d 72 74 73 2d 67 70 69 6f 00 00 00 00 00 03  1-rts-gpio......
0000c4a0: 00 00 00 10 00 00 24 c2 00 00 00 01 00 00 00 13  ......$.........
0000c4b0: 00 00 00 00 00 00 00 b1 00 00 00 03 00 00 00 04  ................
0000c4c0: 00 00 13 95 00 00 01 20 00 00 00 02 00 00 00 02  ....... ........
0000c4d0: 00 00 00 01 75 61 72 74 32 2d 6d 30 00 00 00 00  ....uart2-m0....
0000c4e0: 00 00 00 01 75 61 72 74 32 6d 30 2d 78 66 65 72  ....uart2m0-xfer
0000c4f0: 00 00 00 00 00 00 00 03 00 00 00 20 00 00 24 c2  ........... ..$.
0000c500: 00 00 00 01 00 00 00 1a 00 00 00 02 00 00 00 b2  ................
0000c510: 00 00 00 01 00 00 00 1b 00 00 00 02 00 00 00 b2  ................
0000c520: 00 00 00 03 00 00 00 04 00 00 13 95 00 00 00 53  ...............S
0000c530: 00 00 00 02 00 00 00 02 00 00 00 01 75 61 72 74  ............uart
0000c540: 32 2d 6d 31 00 00 00 00 00 00 00 01 75 61 72 74  2-m1........uart
0000c550: 32 6d 31 2d 78 66 65 72 00 00 00 00 00 00 00 03  2m1-xfer........
0000c560: 00 00 00 20 00 00 24 c2 00 00 00 02 00 00 00 0c  ... ..$.........
0000c570: 00 00 00 02 00 00 00 b2 00 00 00 02 00 00 00 0e  ................
0000c580: 00 00 00 02 00 00 00 b2 00 00 00 03 00 00 00 04  ................
0000c590: 00 00 13 95 00 00 01 21 00 00 00 02 00 00 00 02  .......!........
0000c5a0: 00 00 00 01 75 61 72 74 33 2d 6d 30 00 00 00 00  ....uart3-m0....
0000c5b0: 00 00 00 01 75 61 72 74 33 6d 30 2d 78 66 65 72  ....uart3m0-xfer
0000c5c0: 00 00 00 00 00 00 00 03 00 00 00 20 00 00 24 c2  ........... ..$.
0000c5d0: 00 00 00 00 00 00 00 10 00 00 00 02 00 00 00 b2  ................
0000c5e0: 00 00 00 00 00 00 00 11 00 00 00 02 00 00 00 b2  ................
0000c5f0: 00 00 00 03 00 00 00 04 00 00 13 95 00 00 01 22  ..............."
0000c600: 00 00 00 02 00 00 00 01 75 61 72 74 33 6d 30 2d  ........uart3m0-
0000c610: 63 74 73 00 00 00 00 03 00 00 00 10 00 00 24 c2  cts...........$.
0000c620: 00 00 00 00 00 00 00 12 00 00 00 02 00 00 00 b1  ................
0000c630: 00 00 00 03 00 00 00 04 00 00 13 95 00 00 01 23  ...............#
0000c640: 00 00 00 02 00 00 00 01 75 61 72 74 33 6d 30 2d  ........uart3m0-
0000c650: 72 74 73 00 00 00 00 03 00 00 00 10 00 00 24 c2  rts...........$.
0000c660: 00 00 00 00 00 00 00 13 00 00 00 02 00 00 00 b1  ................
0000c670: 00 00 00 03 00 00 00 04 00 00 13 95 00 00 01 24  ...............$
0000c680: 00 00 00 02 00 00 00 01 75 61 72 74 33 6d 30 2d  ........uart3m0-
0000c690: 72 74 73 2d 67 70 69 6f 00 00 00 00 00 00 00 03  rts-gpio........
0000c6a0: 00 00 00 10 00 00 24 c2 00 00 00 00 00 00 00 13  ......$.........
0000c6b0: 00 00 00 00 00 00 00 b1 00 00 00 03 00 00 00 04  ................
0000c6c0: 00 00 13 95 00 00 01 25 00 00 00 02 00 00 00 02  .......%........
0000c6d0: 00 00 00 01 75 61 72 74 33 2d 6d 31 00 00 00 00  ....uart3-m1....
0000c6e0: 00 00 00 01 75 61 72 74 33 6d 31 2d 78 66 65 72  ....uart3m1-xfer
0000c6f0: 00 00 00 00 00 00 00 03 00 00 00 20 00 00 24 c2  ........... ..$.
0000c700: 00 00 00 01 00 00 00 0e 00 00 00 02 00 00 00 b2  ................
0000c710: 00 00 00 01 00 00 00 0f 00 00 00 02 00 00 00 b2  ................
0000c720: 00 00 00 03 00 00 00 04 00 00 13 95 00 00 00 54  ...............T
0000c730: 00 00 00 02 00 00 00 01 75 61 72 74 33 6d 31 2d  ........uart3m1-
0000c740: 63 74 73 00 00 00 00 03 00 00 00 10 00 00 24 c2  cts...........$.
0000c750: 00 00 00 01 00 00 00 0c 00 00 00 02 00 00 00 b1  ................
0000c760: 00 00 00 03 00 00 00 04 00 00 13 95 00 00 00 55  ...............U
0000c770: 00 00 00 02 00 00 00 01 75 61 72 74 33 6d 31 2d  ........uart3m1-
0000c780: 72 74 73 00 00 00 00 03 00 00 00 10 00 00 24 c2  rts...........$.
0000c790: 00 00 00 01 00 00 00 0d 00 00 00 02 00 00 00 b1  ................
0000c7a0: 00 00 00 03 00 00 00 04 00 00 13 95 00 00 00 56  ...............V
0000c7b0: 00 00 00 02 00 00 00 01 75 61 72 74 33 6d 31 2d  ........uart3m1-
0000c7c0: 72 74 73 2d 67 70 69 6f 00 00 00 00 00 00 00 03  rts-gpio........
0000c7d0: 00 00 00 10 00 00 24 c2 00 00 00 01 00 00 00 0d  ......$.........
0000c7e0: 00 00 00 00 00 00 00 b1 00 00 00 03 00 00 00 04  ................
0000c7f0: 00 00 13 95 00 00 01 26 00 00 00 02 00 00 00 02  .......&........
0000c800: 00 00 00 01 75 61 72 74 34 00 00 00 00 00 00 01  ....uart4.......
0000c810: 75 61 72 74 34 2d 78 66 65 72 00 00 00 00 00 03  uart4-xfer......
0000c820: 00 00 00 20 00 00 24 c2 00 00 00 01 00 00 00 1c  ... ..$.........
0000c830: 00 00 00 02 00 00 00 b2 00 00 00 01 00 00 00 1d  ................
0000c840: 00 00 00 02 00 00 00 b2 00 00 00 03 00 00 00 04  ................
0000c850: 00 00 13 95 00 00 00 57 00 00 00 02 00 00 00 01  .......W........
0000c860: 75 61 72 74 34 2d 63 74 73 00 00 00 00 00 00 03  uart4-cts.......
0000c870: 00 00 00 10 00 00 24 c2 00 00 00 01 00 00 00 1e  ......$.........
0000c880: 00 00 00 02 00 00 00 b1 00 00 00 03 00 00 00 04  ................
0000c890: 00 00 13 95 00 00 00 58 00 00 00 02 00 00 00 01  .......X........
0000c8a0: 75 61 72 74 34 2d 72 74 73 00 00 00 00 00 00 03  uart4-rts.......
0000c8b0: 00 00 00 10 00 00 24 c2 00 00 00 01 00 00 00 1f  ......$.........
0000c8c0: 00 00 00 02 00 00 00 b1 00 00 00 03 00 00 00 04  ................
0000c8d0: 00 00 13 95 00 00 00 59 00 00 00 02 00 00 00 02  .......Y........
0000c8e0: 00 00 00 01 75 61 72 74 35 00 00 00 00 00 00 01  ....uart5.......
0000c8f0: 75 61 72 74 35 2d 78 66 65 72 00 00 00 00 00 03  uart5-xfer......
0000c900: 00 00 00 20 00 00 24 c2 00 00 00 03 00 00 00 02  ... ..$.........
0000c910: 00 00 00 04 00 00 00 b2 00 00 00 03 00 00 00 01  ................
0000c920: 00 00 00 04 00 00 00 b2 00 00 00 03 00 00 00 04  ................
0000c930: 00 00 13 95 00 00 00 5a 00 00 00 02 00 00 00 01  .......Z........
0000c940: 75 61 72 74 35 2d 63 74 73 00 00 00 00 00 00 03  uart5-cts.......
0000c950: 00 00 00 10 00 00 24 c2 00 00 00 03 00 00 00 03  ......$.........
0000c960: 00 00 00 04 00 00 00 b1 00 00 00 03 00 00 00 04  ................
0000c970: 00 00 13 95 00 00 00 5b 00 00 00 02 00 00 00 01  .......[........
0000c980: 75 61 72 74 35 2d 72 74 73 00 00 00 00 00 00 03  uart5-rts.......
0000c990: 00 00 00 10 00 00 24 c2 00 00 00 03 00 00 00 05  ......$.........
0000c9a0: 00 00 00 04 00 00 00 b1 00 00 00 03 00 00 00 04  ................
0000c9b0: 00 00 13 95 00 00 00 5c 00 00 00 02 00 00 00 02  .......\........
0000c9c0: 00 00 00 01 73 70 69 30 00 00 00 00 00 00 00 01  ....spi0........
0000c9d0: 73 70 69 30 2d 63 6c 6b 00 00 00 00 00 00 00 03  spi0-clk........
0000c9e0: 00 00 00 10 00 00 24 c2 00 00 00 01 00 00 00 0f  ......$.........
0000c9f0: 00 00 00 03 00 00 00 b3 00 00 00 03 00 00 00 04  ................
0000ca00: 00 00 13 95 00 00 00 6e 00 00 00 02 00 00 00 01  .......n........
0000ca10: 73 70 69 30 2d 63 73 6e 00 00 00 00 00 00 00 03  spi0-csn........
0000ca20: 00 00 00 10 00 00 24 c2 00 00 00 01 00 00 00 0e  ......$.........
0000ca30: 00 00 00 03 00 00 00 b3 00 00 00 03 00 00 00 04  ................
0000ca40: 00 00 13 95 00 00 00 6f 00 00 00 02 00 00 00 01  .......o........
0000ca50: 73 70 69 30 2d 6d 69 73 6f 00 00 00 00 00 00 03  spi0-miso.......
0000ca60: 00 00 00 10 00 00 24 c2 00 00 00 01 00 00 00 0d  ......$.........
0000ca70: 00 00 00 03 00 00 00 b3 00 00 00 03 00 00 00 04  ................
0000ca80: 00 00 13 95 00 00 00 70 00 00 00 02 00 00 00 01  .......p........
0000ca90: 73 70 69 30 2d 6d 6f 73 69 00 00 00 00 00 00 03  spi0-mosi.......
0000caa0: 00 00 00 10 00 00 24 c2 00 00 00 01 00 00 00 0c  ......$.........
0000cab0: 00 00 00 03 00 00 00 b3 00 00 00 03 00 00 00 04  ................
0000cac0: 00 00 13 95 00 00 00 71 00 00 00 02 00 00 00 01  .......q........
0000cad0: 73 70 69 30 2d 63 6c 6b 2d 68 73 00 00 00 00 03  spi0-clk-hs.....
0000cae0: 00 00 00 10 00 00 24 c2 00 00 00 01 00 00 00 0f  ......$.........
0000caf0: 00 00 00 03 00 00 00 b4 00 00 00 03 00 00 00 04  ................
0000cb00: 00 00 13 95 00 00 00 72 00 00 00 02 00 00 00 01  .......r........
0000cb10: 73 70 69 30 2d 6d 69 73 6f 2d 68 73 00 00 00 00  spi0-miso-hs....
0000cb20: 00 00 00 03 00 00 00 10 00 00 24 c2 00 00 00 01  ..........$.....
0000cb30: 00 00 00 0d 00 00 00 03 00 00 00 b4 00 00 00 03  ................
0000cb40: 00 00 00 04 00 00 13 95 00 00 00 73 00 00 00 02  ...........s....
0000cb50: 00 00 00 01 73 70 69 30 2d 6d 6f 73 69 2d 68 73  ....spi0-mosi-hs
0000cb60: 00 00 00 00 00 00 00 03 00 00 00 10 00 00 24 c2  ..............$.
0000cb70: 00 00 00 01 00 00 00 0c 00 00 00 03 00 00 00 b4  ................
0000cb80: 00 00 00 03 00 00 00 04 00 00 13 95 00 00 00 74  ...............t
0000cb90: 00 00 00 02 00 00 00 02 00 00 00 01 73 70 69 31  ............spi1
0000cba0: 00 00 00 00 00 00 00 01 73 70 69 31 2d 63 6c 6b  ........spi1-clk
0000cbb0: 00 00 00 00 00 00 00 03 00 00 00 10 00 00 24 c2  ..............$.
0000cbc0: 00 00 00 03 00 00 00 0f 00 00 00 04 00 00 00 b3  ................
0000cbd0: 00 00 00 03 00 00 00 04 00 00 13 95 00 00 00 75  ...............u
0000cbe0: 00 00 00 02 00 00 00 01 73 70 69 31 2d 63 73 6e  ........spi1-csn
0000cbf0: 30 00 00 00 00 00 00 03 00 00 00 10 00 00 24 c2  0.............$.
0000cc00: 00 00 00 03 00 00 00 09 00 00 00 04 00 00 00 b3  ................
0000cc10: 00 00 00 03 00 00 00 04 00 00 13 95 00 00 00 76  ...............v
0000cc20: 00 00 00 02 00 00 00 01 73 70 69 31 2d 63 73 6e  ........spi1-csn
0000cc30: 31 00 00 00 00 00 00 03 00 00 00 10 00 00 24 c2  1.............$.
0000cc40: 00 00 00 03 00 00 00 0a 00 00 00 02 00 00 00 b3  ................
0000cc50: 00 00 00 03 00 00 00 04 00 00 13 95 00 00 00 77  ...............w
0000cc60: 00 00 00 02 00 00 00 01 73 70 69 31 2d 6d 69 73  ........spi1-mis
0000cc70: 6f 00 00 00 00 00 00 03 00 00 00 10 00 00 24 c2  o.............$.
0000cc80: 00 00 00 03 00 00 00 0e 00 00 00 04 00 00 00 b3  ................
0000cc90: 00 00 00 03 00 00 00 04 00 00 13 95 00 00 00 78  ...............x
0000cca0: 00 00 00 02 00 00 00 01 73 70 69 31 2d 6d 6f 73  ........spi1-mos
0000ccb0: 69 00 00 00 00 00 00 03 00 00 00 10 00 00 24 c2  i.............$.
0000ccc0: 00 00 00 03 00 00 00 0c 00 00 00 04 00 00 00 b3  ................
0000ccd0: 00 00 00 03 00 00 00 04 00 00 13 95 00 00 00 79  ...............y
0000cce0: 00 00 00 02 00 00 00 01 73 70 69 31 2d 63 6c 6b  ........spi1-clk
0000ccf0: 2d 68 73 00 00 00 00 03 00 00 00 10 00 00 24 c2  -hs...........$.
0000cd00: 00 00 00 03 00 00 00 0f 00 00 00 04 00 00 00 b4  ................
0000cd10: 00 00 00 03 00 00 00 04 00 00 13 95 00 00 00 7a  ...............z
0000cd20: 00 00 00 02 00 00 00 01 73 70 69 31 2d 6d 69 73  ........spi1-mis
0000cd30: 6f 2d 68 73 00 00 00 00 00 00 00 03 00 00 00 10  o-hs............
0000cd40: 00 00 24 c2 00 00 00 03 00 00 00 0e 00 00 00 04  ..$.............
0000cd50: 00 00 00 b4 00 00 00 03 00 00 00 04 00 00 13 95  ................
0000cd60: 00 00 00 7b 00 00 00 02 00 00 00 01 73 70 69 31  ...{........spi1
0000cd70: 2d 6d 6f 73 69 2d 68 73 00 00 00 00 00 00 00 03  -mosi-hs........
0000cd80: 00 00 00 10 00 00 24 c2 00 00 00 03 00 00 00 0c  ......$.........
0000cd90: 00 00 00 04 00 00 00 b4 00 00 00 03 00 00 00 04  ................
0000cda0: 00 00 13 95 00 00 00 7c 00 00 00 02 00 00 00 02  .......|........
0000cdb0: 00 00 00 01 70 64 6d 00 00 00 00 01 70 64 6d 2d  ....pdm.....pdm-
0000cdc0: 63 6c 6b 30 6d 30 00 00 00 00 00 03 00 00 00 10  clk0m0..........
0000cdd0: 00 00 24 c2 00 00 00 03 00 00 00 16 00 00 00 02  ..$.............
0000cde0: 00 00 00 b1 00 00 00 03 00 00 00 04 00 00 13 95  ................
0000cdf0: 00 00 00 44 00 00 00 02 00 00 00 01 70 64 6d 2d  ...D........pdm-
0000ce00: 63 6c 6b 30 6d 31 00 00 00 00 00 03 00 00 00 10  clk0m1..........
0000ce10: 00 00 24 c2 00 00 00 02 00 00 00 16 00 00 00 01  ..$.............
0000ce20: 00 00 00 b1 00 00 00 03 00 00 00 04 00 00 13 95  ................
0000ce30: 00 00 01 27 00 00 00 02 00 00 00 01 70 64 6d 2d  ...'........pdm-
0000ce40: 63 6c 6b 31 00 00 00 00 00 00 00 03 00 00 00 10  clk1............
0000ce50: 00 00 24 c2 00 00 00 03 00 00 00 17 00 00 00 02  ..$.............
0000ce60: 00 00 00 b1 00 00 00 03 00 00 00 04 00 00 13 95  ................
0000ce70: 00 00 00 45 00 00 00 02 00 00 00 01 70 64 6d 2d  ...E........pdm-
0000ce80: 73 64 69 30 6d 30 00 00 00 00 00 03 00 00 00 10  sdi0m0..........
0000ce90: 00 00 24 c2 00 00 00 03 00 00 00 1b 00 00 00 02  ..$.............
0000cea0: 00 00 00 b1 00 00 00 03 00 00 00 04 00 00 13 95  ................
0000ceb0: 00 00 00 46 00 00 00 02 00 00 00 01 70 64 6d 2d  ...F........pdm-
0000cec0: 73 64 69 30 6d 31 00 00 00 00 00 03 00 00 00 10  sdi0m1..........
0000ced0: 00 00 24 c2 00 00 00 02 00 00 00 15 00 00 00 02  ..$.............
0000cee0: 00 00 00 b1 00 00 00 03 00 00 00 04 00 00 13 95  ................
0000cef0: 00 00 01 28 00 00 00 02 00 00 00 01 70 64 6d 2d  ...(........pdm-
0000cf00: 73 64 69 31 00 00 00 00 00 00 00 03 00 00 00 10  sdi1............
0000cf10: 00 00 24 c2 00 00 00 03 00 00 00 18 00 00 00 02  ..$.............
0000cf20: 00 00 00 b1 00 00 00 03 00 00 00 04 00 00 13 95  ................
0000cf30: 00 00 00 47 00 00 00 02 00 00 00 01 70 64 6d 2d  ...G........pdm-
0000cf40: 73 64 69 32 00 00 00 00 00 00 00 03 00 00 00 10  sdi2............
0000cf50: 00 00 24 c2 00 00 00 03 00 00 00 19 00 00 00 02  ..$.............
0000cf60: 00 00 00 b1 00 00 00 03 00 00 00 04 00 00 13 95  ................
0000cf70: 00 00 00 48 00 00 00 02 00 00 00 01 70 64 6d 2d  ...H........pdm-
0000cf80: 73 64 69 33 00 00 00 00 00 00 00 03 00 00 00 10  sdi3............
0000cf90: 00 00 24 c2 00 00 00 03 00 00 00 1a 00 00 00 02  ..$.............
0000cfa0: 00 00 00 b1 00 00 00 03 00 00 00 04 00 00 13 95  ................
0000cfb0: 00 00 00 49 00 00 00 02 00 00 00 01 70 64 6d 2d  ...I........pdm-
0000cfc0: 63 6c 6b 30 6d 30 2d 73 6c 65 65 70 00 00 00 00  clk0m0-sleep....
0000cfd0: 00 00 00 03 00 00 00 10 00 00 24 c2 00 00 00 03  ..........$.....
0000cfe0: 00 00 00 16 00 00 00 00 00 00 00 b5 00 00 00 03  ................
0000cff0: 00 00 00 04 00 00 13 95 00 00 01 29 00 00 00 02  ...........)....
0000d000: 00 00 00 01 70 64 6d 2d 63 6c 6b 30 6d 31 2d 73  ....pdm-clk0m1-s
0000d010: 6c 65 65 70 00 00 00 00 00 00 00 03 00 00 00 10  leep............
0000d020: 00 00 24 c2 00 00 00 02 00 00 00 16 00 00 00 00  ..$.............
0000d030: 00 00 00 b5 00 00 00 03 00 00 00 04 00 00 13 95  ................
0000d040: 00 00 01 2a 00 00 00 02 00 00 00 01 70 64 6d 2d  ...*........pdm-
0000d050: 63 6c 6b 31 2d 73 6c 65 65 70 00 00 00 00 00 03  clk1-sleep......
0000d060: 00 00 00 10 00 00 24 c2 00 00 00 03 00 00 00 17  ......$.........
0000d070: 00 00 00 00 00 00 00 b5 00 00 00 03 00 00 00 04  ................
0000d080: 00 00 13 95 00 00 01 2b 00 00 00 02 00 00 00 01  .......+........
0000d090: 70 64 6d 2d 73 64 69 30 6d 30 2d 73 6c 65 65 70  pdm-sdi0m0-sleep
0000d0a0: 00 00 00 00 00 00 00 03 00 00 00 10 00 00 24 c2  ..............$.
0000d0b0: 00 00 00 03 00 00 00 1b 00 00 00 00 00 00 00 b5  ................
0000d0c0: 00 00 00 03 00 00 00 04 00 00 13 95 00 00 01 2c  ...............,
0000d0d0: 00 00 00 02 00 00 00 01 70 64 6d 2d 73 64 69 30  ........pdm-sdi0
0000d0e0: 6d 31 2d 73 6c 65 65 70 00 00 00 00 00 00 00 03  m1-sleep........
0000d0f0: 00 00 00 10 00 00 24 c2 00 00 00 02 00 00 00 15  ......$.........
0000d100: 00 00 00 00 00 00 00 b5 00 00 00 03 00 00 00 04  ................
0000d110: 00 00 13 95 00 00 01 2d 00 00 00 02 00 00 00 01  .......-........
0000d120: 70 64 6d 2d 73 64 69 31 2d 73 6c 65 65 70 00 00  pdm-sdi1-sleep..
0000d130: 00 00 00 03 00 00 00 10 00 00 24 c2 00 00 00 03  ..........$.....
0000d140: 00 00 00 18 00 00 00 00 00 00 00 b5 00 00 00 03  ................
0000d150: 00 00 00 04 00 00 13 95 00 00 01 2e 00 00 00 02  ................
0000d160: 00 00 00 01 70 64 6d 2d 73 64 69 32 2d 73 6c 65  ....pdm-sdi2-sle
0000d170: 65 70 00 00 00 00 00 03 00 00 00 10 00 00 24 c2  ep............$.
0000d180: 00 00 00 03 00 00 00 19 00 00 00 00 00 00 00 b5  ................
0000d190: 00 00 00 03 00 00 00 04 00 00 13 95 00 00 01 2f  .............../
0000d1a0: 00 00 00 02 00 00 00 01 70 64 6d 2d 73 64 69 33  ........pdm-sdi3
0000d1b0: 2d 73 6c 65 65 70 00 00 00 00 00 03 00 00 00 10  -sleep..........
0000d1c0: 00 00 24 c2 00 00 00 03 00 00 00 1a 00 00 00 00  ..$.............
0000d1d0: 00 00 00 b5 00 00 00 03 00 00 00 04 00 00 13 95  ................
0000d1e0: 00 00 01 30 00 00 00 02 00 00 00 02 00 00 00 01  ...0............
0000d1f0: 69 32 73 30 00 00 00 00 00 00 00 01 69 32 73 30  i2s0........i2s0
0000d200: 2d 38 63 68 2d 6d 63 6c 6b 00 00 00 00 00 00 03  -8ch-mclk.......
0000d210: 00 00 00 10 00 00 24 c2 00 00 00 03 00 00 00 11  ......$.........
0000d220: 00 00 00 02 00 00 00 b1 00 00 00 03 00 00 00 04  ................
0000d230: 00 00 13 95 00 00 01 31 00 00 00 02 00 00 00 01  .......1........
0000d240: 69 32 73 30 2d 38 63 68 2d 73 63 6c 6b 74 78 00  i2s0-8ch-sclktx.
0000d250: 00 00 00 03 00 00 00 10 00 00 24 c2 00 00 00 03  ..........$.....
0000d260: 00 00 00 13 00 00 00 02 00 00 00 b1 00 00 00 03  ................
0000d270: 00 00 00 04 00 00 13 95 00 00 00 30 00 00 00 02  ...........0....
0000d280: 00 00 00 01 69 32 73 30 2d 38 63 68 2d 73 63 6c  ....i2s0-8ch-scl
0000d290: 6b 72 78 00 00 00 00 03 00 00 00 10 00 00 24 c2  krx...........$.
0000d2a0: 00 00 00 03 00 00 00 0c 00 00 00 02 00 00 00 b1  ................
0000d2b0: 00 00 00 03 00 00 00 04 00 00 13 95 00 00 00 31  ...............1
0000d2c0: 00 00 00 02 00 00 00 01 69 32 73 30 2d 38 63 68  ........i2s0-8ch
0000d2d0: 2d 6c 72 63 6b 74 78 00 00 00 00 03 00 00 00 10  -lrcktx.........
0000d2e0: 00 00 24 c2 00 00 00 03 00 00 00 12 00 00 00 02  ..$.............
0000d2f0: 00 00 00 b1 00 00 00 03 00 00 00 04 00 00 13 95  ................
0000d300: 00 00 00 32 00 00 00 02 00 00 00 01 69 32 73 30  ...2........i2s0
0000d310: 2d 38 63 68 2d 6c 72 63 6b 72 78 00 00 00 00 03  -8ch-lrckrx.....
0000d320: 00 00 00 10 00 00 24 c2 00 00 00 03 00 00 00 0d  ......$.........
0000d330: 00 00 00 02 00 00 00 b1 00 00 00 03 00 00 00 04  ................
0000d340: 00 00 13 95 00 00 00 33 00 00 00 02 00 00 00 01  .......3........
0000d350: 69 32 73 30 2d 38 63 68 2d 73 64 6f 30 00 00 00  i2s0-8ch-sdo0...
0000d360: 00 00 00 03 00 00 00 10 00 00 24 c2 00 00 00 03  ..........$.....
0000d370: 00 00 00 14 00 00 00 02 00 00 00 b1 00 00 00 03  ................
0000d380: 00 00 00 04 00 00 13 95 00 00 00 38 00 00 00 02  ...........8....
0000d390: 00 00 00 01 69 32 73 30 2d 38 63 68 2d 73 64 6f  ....i2s0-8ch-sdo
0000d3a0: 31 00 00 00 00 00 00 03 00 00 00 10 00 00 24 c2  1.............$.
0000d3b0: 00 00 00 03 00 00 00 10 00 00 00 02 00 00 00 b1  ................
0000d3c0: 00 00 00 03 00 00 00 04 00 00 13 95 00 00 00 39  ...............9
0000d3d0: 00 00 00 02 00 00 00 01 69 32 73 30 2d 38 63 68  ........i2s0-8ch
0000d3e0: 2d 73 64 6f 32 00 00 00 00 00 00 03 00 00 00 10  -sdo2...........
0000d3f0: 00 00 24 c2 00 00 00 03 00 00 00 0f 00 00 00 02  ..$.............
0000d400: 00 00 00 b1 00 00 00 03 00 00 00 04 00 00 13 95  ................
0000d410: 00 00 00 3a 00 00 00 02 00 00 00 01 69 32 73 30  ...:........i2s0
0000d420: 2d 38 63 68 2d 73 64 6f 33 00 00 00 00 00 00 03  -8ch-sdo3.......
0000d430: 00 00 00 10 00 00 24 c2 00 00 00 03 00 00 00 0e  ......$.........
0000d440: 00 00 00 02 00 00 00 b1 00 00 00 03 00 00 00 04  ................
0000d450: 00 00 13 95 00 00 00 3b 00 00 00 02 00 00 00 01  .......;........
0000d460: 69 32 73 30 2d 38 63 68 2d 73 64 69 30 00 00 00  i2s0-8ch-sdi0...
0000d470: 00 00 00 03 00 00 00 10 00 00 24 c2 00 00 00 03  ..........$.....
0000d480: 00 00 00 15 00 00 00 02 00 00 00 b1 00 00 00 03  ................
0000d490: 00 00 00 04 00 00 13 95 00 00 00 34 00 00 00 02  ...........4....
0000d4a0: 00 00 00 01 69 32 73 30 2d 38 63 68 2d 73 64 69  ....i2s0-8ch-sdi
0000d4b0: 31 00 00 00 00 00 00 03 00 00 00 10 00 00 24 c2  1.............$.
0000d4c0: 00 00 00 03 00 00 00 0b 00 00 00 02 00 00 00 b1  ................
0000d4d0: 00 00 00 03 00 00 00 04 00 00 13 95 00 00 00 35  ...............5
0000d4e0: 00 00 00 02 00 00 00 01 69 32 73 30 2d 38 63 68  ........i2s0-8ch
0000d4f0: 2d 73 64 69 32 00 00 00 00 00 00 03 00 00 00 10  -sdi2...........
0000d500: 00 00 24 c2 00 00 00 03 00 00 00 09 00 00 00 02  ..$.............
0000d510: 00 00 00 b1 00 00 00 03 00 00 00 04 00 00 13 95  ................
0000d520: 00 00 00 36 00 00 00 02 00 00 00 01 69 32 73 30  ...6........i2s0
0000d530: 2d 38 63 68 2d 73 64 69 33 00 00 00 00 00 00 03  -8ch-sdi3.......
0000d540: 00 00 00 10 00 00 24 c2 00 00 00 03 00 00 00 08  ......$.........
0000d550: 00 00 00 02 00 00 00 b1 00 00 00 03 00 00 00 04  ................
0000d560: 00 00 13 95 00 00 00 37 00 00 00 02 00 00 00 02  .......7........
0000d570: 00 00 00 01 69 32 73 31 00 00 00 00 00 00 00 01  ....i2s1........
0000d580: 69 32 73 31 2d 32 63 68 2d 6d 63 6c 6b 00 00 00  i2s1-2ch-mclk...
0000d590: 00 00 00 03 00 00 00 10 00 00 24 c2 00 00 00 02  ..........$.....
0000d5a0: 00 00 00 13 00 00 00 01 00 00 00 b1 00 00 00 03  ................
0000d5b0: 00 00 00 04 00 00 13 95 00 00 00 6a 00 00 00 02  ...........j....
0000d5c0: 00 00 00 01 69 32 73 31 2d 32 63 68 2d 73 63 6c  ....i2s1-2ch-scl
0000d5d0: 6b 00 00 00 00 00 00 03 00 00 00 10 00 00 24 c2  k.............$.
0000d5e0: 00 00 00 02 00 00 00 12 00 00 00 01 00 00 00 b1  ................
0000d5f0: 00 00 00 03 00 00 00 04 00 00 13 95 00 00 00 3c  ...............<
0000d600: 00 00 00 02 00 00 00 01 69 32 73 31 2d 32 63 68  ........i2s1-2ch
0000d610: 2d 6c 72 63 6b 00 00 00 00 00 00 03 00 00 00 10  -lrck...........
0000d620: 00 00 24 c2 00 00 00 02 00 00 00 11 00 00 00 01  ..$.............
0000d630: 00 00 00 b1 00 00 00 03 00 00 00 04 00 00 13 95  ................
0000d640: 00 00 00 3d 00 00 00 02 00 00 00 01 69 32 73 31  ...=........i2s1
0000d650: 2d 32 63 68 2d 73 64 69 00 00 00 00 00 00 00 03  -2ch-sdi........
0000d660: 00 00 00 10 00 00 24 c2 00 00 00 02 00 00 00 15  ......$.........
0000d670: 00 00 00 01 00 00 00 b1 00 00 00 03 00 00 00 04  ................
0000d680: 00 00 13 95 00 00 00 3e 00 00 00 02 00 00 00 01  .......>........
0000d690: 69 32 73 31 2d 32 63 68 2d 73 64 6f 00 00 00 00  i2s1-2ch-sdo....
0000d6a0: 00 00 00 03 00 00 00 10 00 00 24 c2 00 00 00 02  ..........$.....
0000d6b0: 00 00 00 14 00 00 00 01 00 00 00 b1 00 00 00 03  ................
0000d6c0: 00 00 00 04 00 00 13 95 00 00 00 3f 00 00 00 02  ...........?....
0000d6d0: 00 00 00 02 00 00 00 01 69 32 73 32 00 00 00 00  ........i2s2....
0000d6e0: 00 00 00 01 69 32 73 32 2d 32 63 68 2d 6d 63 6c  ....i2s2-2ch-mcl
0000d6f0: 6b 00 00 00 00 00 00 03 00 00 00 10 00 00 24 c2  k.............$.
0000d700: 00 00 00 03 00 00 00 01 00 00 00 02 00 00 00 b1  ................
0000d710: 00 00 00 03 00 00 00 04 00 00 13 95 00 00 01 32  ...............2
0000d720: 00 00 00 02 00 00 00 01 69 32 73 32 2d 32 63 68  ........i2s2-2ch
0000d730: 2d 73 63 6c 6b 00 00 00 00 00 00 03 00 00 00 10  -sclk...........
0000d740: 00 00 24 c2 00 00 00 03 00 00 00 02 00 00 00 02  ..$.............
0000d750: 00 00 00 b1 00 00 00 03 00 00 00 04 00 00 13 95  ................
0000d760: 00 00 00 40 00 00 00 02 00 00 00 01 69 32 73 32  ...@........i2s2
0000d770: 2d 32 63 68 2d 6c 72 63 6b 00 00 00 00 00 00 03  -2ch-lrck.......
0000d780: 00 00 00 10 00 00 24 c2 00 00 00 03 00 00 00 03  ......$.........
0000d790: 00 00 00 02 00 00 00 b1 00 00 00 03 00 00 00 04  ................
0000d7a0: 00 00 13 95 00 00 00 41 00 00 00 02 00 00 00 01  .......A........
0000d7b0: 69 32 73 32 2d 32 63 68 2d 73 64 69 00 00 00 00  i2s2-2ch-sdi....
0000d7c0: 00 00 00 03 00 00 00 10 00 00 24 c2 00 00 00 03  ..........$.....
0000d7d0: 00 00 00 05 00 00 00 02 00 00 00 b1 00 00 00 03  ................
0000d7e0: 00 00 00 04 00 00 13 95 00 00 00 42 00 00 00 02  ...........B....
0000d7f0: 00 00 00 01 69 32 73 32 2d 32 63 68 2d 73 64 6f  ....i2s2-2ch-sdo
0000d800: 00 00 00 00 00 00 00 03 00 00 00 10 00 00 24 c2  ..............$.
0000d810: 00 00 00 03 00 00 00 07 00 00 00 02 00 00 00 b1  ................
0000d820: 00 00 00 03 00 00 00 04 00 00 13 95 00 00 00 43  ...............C
0000d830: 00 00 00 02 00 00 00 02 00 00 00 01 73 64 6d 6d  ............sdmm
0000d840: 63 00 00 00 00 00 00 01 73 64 6d 6d 63 2d 63 6c  c.......sdmmc-cl
0000d850: 6b 00 00 00 00 00 00 03 00 00 00 10 00 00 24 c2  k.............$.
0000d860: 00 00 00 01 00 00 00 1e 00 00 00 01 00 00 00 b6  ................
0000d870: 00 00 00 03 00 00 00 04 00 00 13 95 00 00 00 91  ................
0000d880: 00 00 00 02 00 00 00 01 73 64 6d 6d 63 2d 63 6d  ........sdmmc-cm
0000d890: 64 00 00 00 00 00 00 03 00 00 00 10 00 00 24 c2  d.............$.
0000d8a0: 00 00 00 01 00 00 00 1f 00 00 00 01 00 00 00 b4  ................
0000d8b0: 00 00 00 03 00 00 00 04 00 00 13 95 00 00 00 92  ................
0000d8c0: 00 00 00 02 00 00 00 01 73 64 6d 6d 63 2d 64 65  ........sdmmc-de
0000d8d0: 74 00 00 00 00 00 00 03 00 00 00 10 00 00 24 c2  t.............$.
0000d8e0: 00 00 00 00 00 00 00 03 00 00 00 01 00 00 00 b4  ................
0000d8f0: 00 00 00 03 00 00 00 04 00 00 13 95 00 00 00 93  ................
0000d900: 00 00 00 02 00 00 00 01 73 64 6d 6d 63 2d 62 75  ........sdmmc-bu
0000d910: 73 31 00 00 00 00 00 03 00 00 00 10 00 00 24 c2  s1............$.
0000d920: 00 00 00 01 00 00 00 1a 00 00 00 01 00 00 00 b4  ................
0000d930: 00 00 00 03 00 00 00 04 00 00 13 95 00 00 01 33  ...............3
0000d940: 00 00 00 02 00 00 00 01 73 64 6d 6d 63 2d 62 75  ........sdmmc-bu
0000d950: 73 34 00 00 00 00 00 03 00 00 00 40 00 00 24 c2  s4.........@..$.
0000d960: 00 00 00 01 00 00 00 1a 00 00 00 01 00 00 00 b4  ................
0000d970: 00 00 00 01 00 00 00 1b 00 00 00 01 00 00 00 b4  ................
0000d980: 00 00 00 01 00 00 00 1c 00 00 00 01 00 00 00 b4  ................
0000d990: 00 00 00 01 00 00 00 1d 00 00 00 01 00 00 00 b4  ................
0000d9a0: 00 00 00 03 00 00 00 04 00 00 13 95 00 00 00 94  ................
0000d9b0: 00 00 00 02 00 00 00 01 73 64 6d 6d 63 2d 67 70  ........sdmmc-gp
0000d9c0: 69 6f 00 00 00 00 00 03 00 00 00 60 00 00 24 c2  io.........`..$.
0000d9d0: 00 00 00 01 00 00 00 1a 00 00 00 00 00 00 00 b3  ................
0000d9e0: 00 00 00 01 00 00 00 1b 00 00 00 00 00 00 00 b3  ................
0000d9f0: 00 00 00 01 00 00 00 1c 00 00 00 00 00 00 00 b3  ................
0000da00: 00 00 00 01 00 00 00 1d 00 00 00 00 00 00 00 b3  ................
0000da10: 00 00 00 01 00 00 00 1e 00 00 00 00 00 00 00 b3  ................
0000da20: 00 00 00 01 00 00 00 1f 00 00 00 00 00 00 00 b3  ................
0000da30: 00 00 00 03 00 00 00 04 00 00 13 95 00 00 01 34  ...............4
0000da40: 00 00 00 02 00 00 00 02 00 00 00 01 73 64 69 6f  ............sdio
0000da50: 00 00 00 00 00 00 00 01 73 64 69 6f 2d 63 6c 6b  ........sdio-clk
0000da60: 00 00 00 00 00 00 00 03 00 00 00 10 00 00 24 c2  ..............$.
0000da70: 00 00 00 01 00 00 00 15 00 00 00 01 00 00 00 b1  ................
0000da80: 00 00 00 03 00 00 00 04 00 00 13 95 00 00 00 98  ................
0000da90: 00 00 00 02 00 00 00 01 73 64 69 6f 2d 63 6d 64  ........sdio-cmd
0000daa0: 00 00 00 00 00 00 00 03 00 00 00 10 00 00 24 c2  ..............$.
0000dab0: 00 00 00 01 00 00 00 14 00 00 00 01 00 00 00 b2  ................
0000dac0: 00 00 00 03 00 00 00 04 00 00 13 95 00 00 00 97  ................
0000dad0: 00 00 00 02 00 00 00 01 73 64 69 6f 2d 62 75 73  ........sdio-bus
0000dae0: 34 00 00 00 00 00 00 03 00 00 00 40 00 00 24 c2  4..........@..$.
0000daf0: 00 00 00 01 00 00 00 16 00 00 00 01 00 00 00 b2  ................
0000db00: 00 00 00 01 00 00 00 17 00 00 00 01 00 00 00 b2  ................
0000db10: 00 00 00 01 00 00 00 18 00 00 00 01 00 00 00 b2  ................
0000db20: 00 00 00 01 00 00 00 19 00 00 00 01 00 00 00 b2  ................
0000db30: 00 00 00 03 00 00 00 04 00 00 13 95 00 00 00 96  ................
0000db40: 00 00 00 02 00 00 00 01 73 64 69 6f 2d 67 70 69  ........sdio-gpi
0000db50: 6f 00 00 00 00 00 00 03 00 00 00 60 00 00 24 c2  o..........`..$.
0000db60: 00 00 00 01 00 00 00 16 00 00 00 00 00 00 00 b2  ................
0000db70: 00 00 00 01 00 00 00 17 00 00 00 00 00 00 00 b2  ................
0000db80: 00 00 00 01 00 00 00 18 00 00 00 00 00 00 00 b2  ................
0000db90: 00 00 00 01 00 00 00 19 00 00 00 00 00 00 00 b2  ................
0000dba0: 00 00 00 01 00 00 00 14 00 00 00 00 00 00 00 b2  ................
0000dbb0: 00 00 00 01 00 00 00 15 00 00 00 00 00 00 00 b2  ................
0000dbc0: 00 00 00 03 00 00 00 04 00 00 13 95 00 00 01 35  ...............5
0000dbd0: 00 00 00 02 00 00 00 02 00 00 00 01 65 6d 6d 63  ............emmc
0000dbe0: 00 00 00 00 00 00 00 01 65 6d 6d 63 2d 63 6c 6b  ........emmc-clk
0000dbf0: 00 00 00 00 00 00 00 03 00 00 00 10 00 00 24 c2  ..............$.
0000dc00: 00 00 00 01 00 00 00 09 00 00 00 02 00 00 00 b6  ................
0000dc10: 00 00 00 03 00 00 00 04 00 00 13 95 00 00 01 36  ...............6
0000dc20: 00 00 00 02 00 00 00 01 65 6d 6d 63 2d 63 6d 64  ........emmc-cmd
0000dc30: 00 00 00 00 00 00 00 03 00 00 00 10 00 00 24 c2  ..............$.
0000dc40: 00 00 00 01 00 00 00 0a 00 00 00 02 00 00 00 b4  ................
0000dc50: 00 00 00 03 00 00 00 04 00 00 13 95 00 00 01 37  ...............7
0000dc60: 00 00 00 02 00 00 00 01 65 6d 6d 63 2d 70 77 72  ........emmc-pwr
0000dc70: 65 6e 00 00 00 00 00 03 00 00 00 10 00 00 24 c2  en............$.
0000dc80: 00 00 00 01 00 00 00 08 00 00 00 02 00 00 00 b1  ................
0000dc90: 00 00 00 03 00 00 00 04 00 00 13 95 00 00 01 38  ...............8
0000dca0: 00 00 00 02 00 00 00 01 65 6d 6d 63 2d 72 73 74  ........emmc-rst
0000dcb0: 6e 6f 75 74 00 00 00 00 00 00 00 03 00 00 00 10  nout............
0000dcc0: 00 00 24 c2 00 00 00 01 00 00 00 0b 00 00 00 02  ..$.............
0000dcd0: 00 00 00 b1 00 00 00 03 00 00 00 04 00 00 13 95  ................
0000dce0: 00 00 01 39 00 00 00 02 00 00 00 01 65 6d 6d 63  ...9........emmc
0000dcf0: 2d 62 75 73 31 00 00 00 00 00 00 03 00 00 00 10  -bus1...........
0000dd00: 00 00 24 c2 00 00 00 01 00 00 00 00 00 00 00 02  ..$.............
0000dd10: 00 00 00 b4 00 00 00 03 00 00 00 04 00 00 13 95  ................
0000dd20: 00 00 01 3a 00 00 00 02 00 00 00 01 65 6d 6d 63  ...:........emmc
0000dd30: 2d 62 75 73 34 00 00 00 00 00 00 03 00 00 00 40  -bus4..........@
0000dd40: 00 00 24 c2 00 00 00 01 00 00 00 00 00 00 00 02  ..$.............
0000dd50: 00 00 00 b4 00 00 00 01 00 00 00 01 00 00 00 02  ................
0000dd60: 00 00 00 b4 00 00 00 01 00 00 00 02 00 00 00 02  ................
0000dd70: 00 00 00 b4 00 00 00 01 00 00 00 03 00 00 00 02  ................
0000dd80: 00 00 00 b4 00 00 00 03 00 00 00 04 00 00 13 95  ................
0000dd90: 00 00 01 3b 00 00 00 02 00 00 00 01 65 6d 6d 63  ...;........emmc
0000dda0: 2d 62 75 73 38 00 00 00 00 00 00 03 00 00 00 80  -bus8...........
0000ddb0: 00 00 24 c2 00 00 00 01 00 00 00 00 00 00 00 02  ..$.............
0000ddc0: 00 00 00 b4 00 00 00 01 00 00 00 01 00 00 00 02  ................
0000ddd0: 00 00 00 b4 00 00 00 01 00 00 00 02 00 00 00 02  ................
0000dde0: 00 00 00 b4 00 00 00 01 00 00 00 03 00 00 00 02  ................
0000ddf0: 00 00 00 b4 00 00 00 01 00 00 00 04 00 00 00 02  ................
0000de00: 00 00 00 b4 00 00 00 01 00 00 00 05 00 00 00 02  ................
0000de10: 00 00 00 b4 00 00 00 01 00 00 00 06 00 00 00 02  ................
0000de20: 00 00 00 b4 00 00 00 01 00 00 00 07 00 00 00 02  ................
0000de30: 00 00 00 b4 00 00 00 03 00 00 00 04 00 00 13 95  ................
0000de40: 00 00 01 3c 00 00 00 02 00 00 00 02 00 00 00 01  ...<............
0000de50: 66 6c 61 73 68 00 00 00 00 00 00 01 66 6c 61 73  flash.......flas
0000de60: 68 2d 63 73 30 00 00 00 00 00 00 03 00 00 00 10  h-cs0...........
0000de70: 00 00 24 c2 00 00 00 01 00 00 00 08 00 00 00 01  ..$.............
0000de80: 00 00 00 b1 00 00 00 03 00 00 00 04 00 00 13 95  ................
0000de90: 00 00 01 3d 00 00 00 02 00 00 00 01 66 6c 61 73  ...=........flas
0000dea0: 68 2d 72 64 79 00 00 00 00 00 00 03 00 00 00 10  h-rdy...........
0000deb0: 00 00 24 c2 00 00 00 01 00 00 00 09 00 00 00 01  ..$.............
0000dec0: 00 00 00 b1 00 00 00 03 00 00 00 04 00 00 13 95  ................
0000ded0: 00 00 01 3e 00 00 00 02 00 00 00 01 66 6c 61 73  ...>........flas
0000dee0: 68 2d 64 71 73 00 00 00 00 00 00 03 00 00 00 10  h-dqs...........
0000def0: 00 00 24 c2 00 00 00 01 00 00 00 0a 00 00 00 01  ..$.............
0000df00: 00 00 00 b1 00 00 00 03 00 00 00 04 00 00 13 95  ................
0000df10: 00 00 01 3f 00 00 00 02 00 00 00 01 66 6c 61 73  ...?........flas
0000df20: 68 2d 61 6c 65 00 00 00 00 00 00 03 00 00 00 10  h-ale...........
0000df30: 00 00 24 c2 00 00 00 01 00 00 00 0b 00 00 00 01  ..$.............
0000df40: 00 00 00 b1 00 00 00 03 00 00 00 04 00 00 13 95  ................
0000df50: 00 00 01 40 00 00 00 02 00 00 00 01 66 6c 61 73  ...@........flas
0000df60: 68 2d 63 6c 65 00 00 00 00 00 00 03 00 00 00 10  h-cle...........
0000df70: 00 00 24 c2 00 00 00 01 00 00 00 0c 00 00 00 01  ..$.............
0000df80: 00 00 00 b1 00 00 00 03 00 00 00 04 00 00 13 95  ................
0000df90: 00 00 01 41 00 00 00 02 00 00 00 01 66 6c 61 73  ...A........flas
0000dfa0: 68 2d 77 72 6e 00 00 00 00 00 00 03 00 00 00 10  h-wrn...........
0000dfb0: 00 00 24 c2 00 00 00 01 00 00 00 0d 00 00 00 01  ..$.............
0000dfc0: 00 00 00 b1 00 00 00 03 00 00 00 04 00 00 13 95  ................
0000dfd0: 00 00 01 42 00 00 00 02 00 00 00 01 66 6c 61 73  ...B........flas
0000dfe0: 68 2d 63 73 6c 00 00 00 00 00 00 03 00 00 00 10  h-csl...........
0000dff0: 00 00 24 c2 00 00 00 01 00 00 00 0e 00 00 00 01  ..$.............
0000e000: 00 00 00 b1 00 00 00 03 00 00 00 04 00 00 13 95  ................
0000e010: 00 00 01 43 00 00 00 02 00 00 00 01 66 6c 61 73  ...C........flas
0000e020: 68 2d 72 64 6e 00 00 00 00 00 00 03 00 00 00 10  h-rdn...........
0000e030: 00 00 24 c2 00 00 00 01 00 00 00 0f 00 00 00 01  ..$.............
0000e040: 00 00 00 b1 00 00 00 03 00 00 00 04 00 00 13 95  ................
0000e050: 00 00 01 44 00 00 00 02 00 00 00 01 66 6c 61 73  ...D........flas
0000e060: 68 2d 62 75 73 38 00 00 00 00 00 03 00 00 00 80  h-bus8..........
0000e070: 00 00 24 c2 00 00 00 01 00 00 00 00 00 00 00 01  ..$.............
0000e080: 00 00 00 b7 00 00 00 01 00 00 00 01 00 00 00 01  ................
0000e090: 00 00 00 b7 00 00 00 01 00 00 00 02 00 00 00 01  ................
0000e0a0: 00 00 00 b7 00 00 00 01 00 00 00 03 00 00 00 01  ................
0000e0b0: 00 00 00 b7 00 00 00 01 00 00 00 04 00 00 00 01  ................
0000e0c0: 00 00 00 b7 00 00 00 01 00 00 00 05 00 00 00 01  ................
0000e0d0: 00 00 00 b7 00 00 00 01 00 00 00 06 00 00 00 01  ................
0000e0e0: 00 00 00 b7 00 00 00 01 00 00 00 07 00 00 00 01  ................
0000e0f0: 00 00 00 b7 00 00 00 03 00 00 00 04 00 00 13 95  ................
0000e100: 00 00 01 45 00 00 00 02 00 00 00 02 00 00 00 01  ...E............
0000e110: 6c 63 64 63 00 00 00 00 00 00 00 01 6c 63 64 63  lcdc........lcdc
0000e120: 2d 6d 30 2d 72 67 62 2d 70 69 6e 73 00 00 00 00  -m0-rgb-pins....
0000e130: 00 00 00 03 00 00 01 c0 00 00 24 c2 00 00 00 03  ..........$.....
0000e140: 00 00 00 00 00 00 00 01 00 00 00 b6 00 00 00 03  ................
0000e150: 00 00 00 01 00 00 00 01 00 00 00 b6 00 00 00 03  ................
0000e160: 00 00 00 02 00 00 00 01 00 00 00 b6 00 00 00 03  ................
0000e170: 00 00 00 03 00 00 00 01 00 00 00 b6 00 00 00 03  ................
0000e180: 00 00 00 04 00 00 00 01 00 00 00 b6 00 00 00 03  ................
0000e190: 00 00 00 05 00 00 00 01 00 00 00 b6 00 00 00 03  ................
0000e1a0: 00 00 00 06 00 00 00 01 00 00 00 b6 00 00 00 03  ................
0000e1b0: 00 00 00 07 00 00 00 01 00 00 00 b6 00 00 00 03  ................
0000e1c0: 00 00 00 08 00 00 00 01 00 00 00 b6 00 00 00 03  ................
0000e1d0: 00 00 00 09 00 00 00 01 00 00 00 b6 00 00 00 03  ................
0000e1e0: 00 00 00 0a 00 00 00 01 00 00 00 b6 00 00 00 03  ................
0000e1f0: 00 00 00 0b 00 00 00 01 00 00 00 b6 00 00 00 03  ................
0000e200: 00 00 00 0c 00 00 00 01 00 00 00 b6 00 00 00 03  ................
0000e210: 00 00 00 0d 00 00 00 01 00 00 00 b6 00 00 00 03  ................
0000e220: 00 00 00 0e 00 00 00 01 00 00 00 b6 00 00 00 03  ................
0000e230: 00 00 00 0f 00 00 00 01 00 00 00 b6 00 00 00 03  ................
0000e240: 00 00 00 10 00 00 00 01 00 00 00 b6 00 00 00 03  ................
0000e250: 00 00 00 11 00 00 00 01 00 00 00 b6 00 00 00 03  ................
0000e260: 00 00 00 12 00 00 00 01 00 00 00 b6 00 00 00 03  ................
0000e270: 00 00 00 13 00 00 00 01 00 00 00 b6 00 00 00 03  ................
0000e280: 00 00 00 14 00 00 00 01 00 00 00 b6 00 00 00 03  ................
0000e290: 00 00 00 15 00 00 00 01 00 00 00 b6 00 00 00 03  ................
0000e2a0: 00 00 00 16 00 00 00 01 00 00 00 b6 00 00 00 03  ................
0000e2b0: 00 00 00 17 00 00 00 01 00 00 00 b6 00 00 00 03  ................
0000e2c0: 00 00 00 18 00 00 00 01 00 00 00 b6 00 00 00 03  ................
0000e2d0: 00 00 00 19 00 00 00 01 00 00 00 b6 00 00 00 03  ................
0000e2e0: 00 00 00 1a 00 00 00 01 00 00 00 b6 00 00 00 03  ................
0000e2f0: 00 00 00 1b 00 00 00 01 00 00 00 b6 00 00 00 03  ................
0000e300: 00 00 00 04 00 00 13 95 00 00 01 46 00 00 00 02  ...........F....
0000e310: 00 00 00 01 6c 63 64 63 2d 6d 30 2d 73 6c 65 65  ....lcdc-m0-slee
0000e320: 70 2d 70 69 6e 73 00 00 00 00 00 03 00 00 01 c0  p-pins..........
0000e330: 00 00 24 c2 00 00 00 03 00 00 00 00 00 00 00 00  ..$.............
0000e340: 00 00 00 b1 00 00 00 03 00 00 00 01 00 00 00 00  ................
0000e350: 00 00 00 b1 00 00 00 03 00 00 00 02 00 00 00 00  ................
0000e360: 00 00 00 b1 00 00 00 03 00 00 00 03 00 00 00 00  ................
0000e370: 00 00 00 b1 00 00 00 03 00 00 00 04 00 00 00 00  ................
0000e380: 00 00 00 b1 00 00 00 03 00 00 00 05 00 00 00 00  ................
0000e390: 00 00 00 b1 00 00 00 03 00 00 00 06 00 00 00 00  ................
0000e3a0: 00 00 00 b1 00 00 00 03 00 00 00 07 00 00 00 00  ................
0000e3b0: 00 00 00 b1 00 00 00 03 00 00 00 08 00 00 00 00  ................
0000e3c0: 00 00 00 b1 00 00 00 03 00 00 00 09 00 00 00 00  ................
0000e3d0: 00 00 00 b1 00 00 00 03 00 00 00 0a 00 00 00 00  ................
0000e3e0: 00 00 00 b1 00 00 00 03 00 00 00 0b 00 00 00 00  ................
0000e3f0: 00 00 00 b1 00 00 00 03 00 00 00 0c 00 00 00 00  ................
0000e400: 00 00 00 b1 00 00 00 03 00 00 00 0d 00 00 00 00  ................
0000e410: 00 00 00 b1 00 00 00 03 00 00 00 0e 00 00 00 00  ................
0000e420: 00 00 00 b1 00 00 00 03 00 00 00 0f 00 00 00 00  ................
0000e430: 00 00 00 b1 00 00 00 03 00 00 00 10 00 00 00 00  ................
0000e440: 00 00 00 b1 00 00 00 03 00 00 00 11 00 00 00 00  ................
0000e450: 00 00 00 b1 00 00 00 03 00 00 00 12 00 00 00 00  ................
0000e460: 00 00 00 b1 00 00 00 03 00 00 00 13 00 00 00 00  ................
0000e470: 00 00 00 b1 00 00 00 03 00 00 00 14 00 00 00 00  ................
0000e480: 00 00 00 b1 00 00 00 03 00 00 00 15 00 00 00 00  ................
0000e490: 00 00 00 b1 00 00 00 03 00 00 00 16 00 00 00 00  ................
0000e4a0: 00 00 00 b1 00 00 00 03 00 00 00 17 00 00 00 00  ................
0000e4b0: 00 00 00 b1 00 00 00 03 00 00 00 18 00 00 00 00  ................
0000e4c0: 00 00 00 b1 00 00 00 03 00 00 00 19 00 00 00 00  ................
0000e4d0: 00 00 00 b1 00 00 00 03 00 00 00 1a 00 00 00 00  ................
0000e4e0: 00 00 00 b1 00 00 00 03 00 00 00 1b 00 00 00 00  ................
0000e4f0: 00 00 00 b1 00 00 00 03 00 00 00 04 00 00 13 95  ................
0000e500: 00 00 01 47 00 00 00 02 00 00 00 01 6c 63 64 63  ...G........lcdc
0000e510: 2d 6d 31 2d 72 67 62 2d 70 69 6e 73 00 00 00 00  -m1-rgb-pins....
0000e520: 00 00 00 03 00 00 01 20 00 00 24 c2 00 00 00 03  ....... ..$.....
0000e530: 00 00 00 00 00 00 00 01 00 00 00 b6 00 00 00 03  ................
0000e540: 00 00 00 04 00 00 00 01 00 00 00 b6 00 00 00 03  ................
0000e550: 00 00 00 06 00 00 00 01 00 00 00 b6 00 00 00 03  ................
0000e560: 00 00 00 0a 00 00 00 01 00 00 00 b6 00 00 00 03  ................
0000e570: 00 00 00 0b 00 00 00 01 00 00 00 b6 00 00 00 03  ................
0000e580: 00 00 00 0d 00 00 00 01 00 00 00 b6 00 00 00 03  ................
0000e590: 00 00 00 10 00 00 00 01 00 00 00 b6 00 00 00 03  ................
0000e5a0: 00 00 00 11 00 00 00 01 00 00 00 b6 00 00 00 03  ................
0000e5b0: 00 00 00 12 00 00 00 01 00 00 00 b6 00 00 00 03  ................
0000e5c0: 00 00 00 13 00 00 00 01 00 00 00 b6 00 00 00 03  ................
0000e5d0: 00 00 00 14 00 00 00 01 00 00 00 b6 00 00 00 03  ................
0000e5e0: 00 00 00 15 00 00 00 01 00 00 00 b6 00 00 00 03  ................
0000e5f0: 00 00 00 16 00 00 00 01 00 00 00 b6 00 00 00 03  ................
0000e600: 00 00 00 17 00 00 00 01 00 00 00 b6 00 00 00 03  ................
0000e610: 00 00 00 18 00 00 00 01 00 00 00 b6 00 00 00 03  ................
0000e620: 00 00 00 19 00 00 00 01 00 00 00 b6 00 00 00 03  ................
0000e630: 00 00 00 1a 00 00 00 01 00 00 00 b6 00 00 00 03  ................
0000e640: 00 00 00 1b 00 00 00 01 00 00 00 b6 00 00 00 03  ................
0000e650: 00 00 00 04 00 00 13 95 00 00 00 4f 00 00 00 02  ...........O....
0000e660: 00 00 00 01 6c 63 64 63 2d 6d 31 2d 73 6c 65 65  ....lcdc-m1-slee
0000e670: 70 2d 70 69 6e 73 00 00 00 00 00 03 00 00 01 20  p-pins......... 
0000e680: 00 00 24 c2 00 00 00 03 00 00 00 00 00 00 00 00  ..$.............
0000e690: 00 00 00 b1 00 00 00 03 00 00 00 04 00 00 00 00  ................
0000e6a0: 00 00 00 b1 00 00 00 03 00 00 00 06 00 00 00 00  ................
0000e6b0: 00 00 00 b1 00 00 00 03 00 00 00 0a 00 00 00 00  ................
0000e6c0: 00 00 00 b1 00 00 00 03 00 00 00 0b 00 00 00 00  ................
0000e6d0: 00 00 00 b1 00 00 00 03 00 00 00 0d 00 00 00 00  ................
0000e6e0: 00 00 00 b1 00 00 00 03 00 00 00 10 00 00 00 00  ................
0000e6f0: 00 00 00 b1 00 00 00 03 00 00 00 11 00 00 00 00  ................
0000e700: 00 00 00 b1 00 00 00 03 00 00 00 12 00 00 00 00  ................
0000e710: 00 00 00 b1 00 00 00 03 00 00 00 13 00 00 00 00  ................
0000e720: 00 00 00 b1 00 00 00 03 00 00 00 14 00 00 00 00  ................
0000e730: 00 00 00 b1 00 00 00 03 00 00 00 15 00 00 00 00  ................
0000e740: 00 00 00 b1 00 00 00 03 00 00 00 16 00 00 00 00  ................
0000e750: 00 00 00 b1 00 00 00 03 00 00 00 17 00 00 00 00  ................
0000e760: 00 00 00 b1 00 00 00 03 00 00 00 18 00 00 00 00  ................
0000e770: 00 00 00 b1 00 00 00 03 00 00 00 19 00 00 00 00  ................
0000e780: 00 00 00 b1 00 00 00 03 00 00 00 1a 00 00 00 00  ................
0000e790: 00 00 00 b1 00 00 00 03 00 00 00 1b 00 00 00 00  ................
0000e7a0: 00 00 00 b1 00 00 00 03 00 00 00 04 00 00 13 95  ................
0000e7b0: 00 00 00 50 00 00 00 02 00 00 00 02 00 00 00 01  ...P............
0000e7c0: 70 77 6d 30 00 00 00 00 00 00 00 01 70 77 6d 30  pwm0........pwm0
0000e7d0: 2d 70 69 6e 00 00 00 00 00 00 00 03 00 00 00 10  -pin............
0000e7e0: 00 00 24 c2 00 00 00 00 00 00 00 0f 00 00 00 01  ..$.............
0000e7f0: 00 00 00 b1 00 00 00 03 00 00 00 04 00 00 13 95  ................
0000e800: 00 00 00 7d 00 00 00 02 00 00 00 02 00 00 00 01  ...}............
0000e810: 70 77 6d 31 00 00 00 00 00 00 00 01 70 77 6d 31  pwm1........pwm1
0000e820: 2d 70 69 6e 00 00 00 00 00 00 00 03 00 00 00 10  -pin............
0000e830: 00 00 24 c2 00 00 00 00 00 00 00 10 00 00 00 01  ..$.............
0000e840: 00 00 00 b1 00 00 00 03 00 00 00 04 00 00 13 95  ................
0000e850: 00 00 00 7e 00 00 00 02 00 00 00 02 00 00 00 01  ...~............
0000e860: 70 77 6d 32 00 00 00 00 00 00 00 01 70 77 6d 32  pwm2........pwm2
0000e870: 2d 70 69 6e 00 00 00 00 00 00 00 03 00 00 00 10  -pin............
0000e880: 00 00 24 c2 00 00 00 02 00 00 00 0d 00 00 00 01  ..$.............
0000e890: 00 00 00 b1 00 00 00 03 00 00 00 04 00 00 13 95  ................
0000e8a0: 00 00 00 7f 00 00 00 02 00 00 00 02 00 00 00 01  ................
0000e8b0: 70 77 6d 33 00 00 00 00 00 00 00 01 70 77 6d 33  pwm3........pwm3
0000e8c0: 2d 70 69 6e 00 00 00 00 00 00 00 03 00 00 00 10  -pin............
0000e8d0: 00 00 24 c2 00 00 00 00 00 00 00 11 00 00 00 01  ..$.............
0000e8e0: 00 00 00 b1 00 00 00 03 00 00 00 04 00 00 13 95  ................
0000e8f0: 00 00 00 80 00 00 00 02 00 00 00 02 00 00 00 01  ................
0000e900: 70 77 6d 34 00 00 00 00 00 00 00 01 70 77 6d 34  pwm4........pwm4
0000e910: 2d 70 69 6e 00 00 00 00 00 00 00 03 00 00 00 10  -pin............
0000e920: 00 00 24 c2 00 00 00 03 00 00 00 12 00 00 00 03  ..$.............
0000e930: 00 00 00 b1 00 00 00 03 00 00 00 04 00 00 13 95  ................
0000e940: 00 00 00 81 00 00 00 02 00 00 00 02 00 00 00 01  ................
0000e950: 70 77 6d 35 00 00 00 00 00 00 00 01 70 77 6d 35  pwm5........pwm5
0000e960: 2d 70 69 6e 00 00 00 00 00 00 00 03 00 00 00 10  -pin............
0000e970: 00 00 24 c2 00 00 00 03 00 00 00 13 00 00 00 03  ..$.............
0000e980: 00 00 00 b1 00 00 00 03 00 00 00 04 00 00 13 95  ................
0000e990: 00 00 00 82 00 00 00 02 00 00 00 02 00 00 00 01  ................
0000e9a0: 70 77 6d 36 00 00 00 00 00 00 00 01 70 77 6d 36  pwm6........pwm6
0000e9b0: 2d 70 69 6e 00 00 00 00 00 00 00 03 00 00 00 10  -pin............
0000e9c0: 00 00 24 c2 00 00 00 03 00 00 00 14 00 00 00 03  ..$.............
0000e9d0: 00 00 00 b1 00 00 00 03 00 00 00 04 00 00 13 95  ................
0000e9e0: 00 00 00 83 00 00 00 02 00 00 00 02 00 00 00 01  ................
0000e9f0: 70 77 6d 37 00 00 00 00 00 00 00 01 70 77 6d 37  pwm7........pwm7
0000ea00: 2d 70 69 6e 00 00 00 00 00 00 00 03 00 00 00 10  -pin............
0000ea10: 00 00 24 c2 00 00 00 03 00 00 00 15 00 00 00 03  ..$.............
0000ea20: 00 00 00 b1 00 00 00 03 00 00 00 04 00 00 13 95  ................
0000ea30: 00 00 00 84 00 00 00 02 00 00 00 02 00 00 00 01  ................
0000ea40: 67 6d 61 63 00 00 00 00 00 00 00 01 72 6d 69 69  gmac........rmii
0000ea50: 2d 70 69 6e 73 00 00 00 00 00 00 03 00 00 00 90  -pins...........
0000ea60: 00 00 24 c2 00 00 00 02 00 00 00 00 00 00 00 02  ..$.............
0000ea70: 00 00 00 b8 00 00 00 02 00 00 00 01 00 00 00 02  ................
0000ea80: 00 00 00 b8 00 00 00 02 00 00 00 02 00 00 00 02  ................
0000ea90: 00 00 00 b8 00 00 00 02 00 00 00 03 00 00 00 02  ................
0000eaa0: 00 00 00 b1 00 00 00 02 00 00 00 04 00 00 00 02  ................
0000eab0: 00 00 00 b1 00 00 00 02 00 00 00 05 00 00 00 02  ................
0000eac0: 00 00 00 b1 00 00 00 02 00 00 00 06 00 00 00 02  ................
0000ead0: 00 00 00 b1 00 00 00 02 00 00 00 07 00 00 00 02  ................
0000eae0: 00 00 00 b1 00 00 00 02 00 00 00 09 00 00 00 02  ................
0000eaf0: 00 00 00 b1 00 00 00 03 00 00 00 04 00 00 13 95  ................
0000eb00: 00 00 00 8f 00 00 00 02 00 00 00 01 6d 61 63 2d  ............mac-
0000eb10: 72 65 66 63 6c 6b 2d 31 32 6d 61 00 00 00 00 03  refclk-12ma.....
0000eb20: 00 00 00 10 00 00 24 c2 00 00 00 02 00 00 00 0a  ......$.........
0000eb30: 00 00 00 02 00 00 00 b8 00 00 00 03 00 00 00 04  ................
0000eb40: 00 00 13 95 00 00 00 90 00 00 00 02 00 00 00 01  ................
0000eb50: 6d 61 63 2d 72 65 66 63 6c 6b 00 00 00 00 00 03  mac-refclk......
0000eb60: 00 00 00 10 00 00 24 c2 00 00 00 02 00 00 00 0a  ......$.........
0000eb70: 00 00 00 02 00 00 00 b1 00 00 00 03 00 00 00 04  ................
0000eb80: 00 00 13 95 00 00 01 48 00 00 00 02 00 00 00 02  .......H........
0000eb90: 00 00 00 01 63 69 66 2d 6d 30 00 00 00 00 00 01  ....cif-m0......
0000eba0: 63 69 66 2d 63 6c 6b 6f 75 74 2d 6d 30 00 00 00  cif-clkout-m0...
0000ebb0: 00 00 00 03 00 00 00 10 00 00 24 c2 00 00 00 02  ..........$.....
0000ebc0: 00 00 00 0b 00 00 00 01 00 00 00 b8 00 00 00 03  ................
0000ebd0: 00 00 00 04 00 00 13 95 00 00 00 a7 00 00 00 02  ................
0000ebe0: 00 00 00 01 64 76 70 2d 64 32 64 39 2d 6d 30 00  ....dvp-d2d9-m0.
0000ebf0: 00 00 00 03 00 00 00 c0 00 00 24 c2 00 00 00 02  ..........$.....
0000ec00: 00 00 00 00 00 00 00 01 00 00 00 b1 00 00 00 02  ................
0000ec10: 00 00 00 01 00 00 00 01 00 00 00 b1 00 00 00 02  ................
0000ec20: 00 00 00 02 00 00 00 01 00 00 00 b1 00 00 00 02  ................
0000ec30: 00 00 00 03 00 00 00 01 00 00 00 b1 00 00 00 02  ................
0000ec40: 00 00 00 04 00 00 00 01 00 00 00 b1 00 00 00 02  ................
0000ec50: 00 00 00 05 00 00 00 01 00 00 00 b1 00 00 00 02  ................
0000ec60: 00 00 00 06 00 00 00 01 00 00 00 b1 00 00 00 02  ................
0000ec70: 00 00 00 07 00 00 00 01 00 00 00 b1 00 00 00 02  ................
0000ec80: 00 00 00 08 00 00 00 01 00 00 00 b1 00 00 00 02  ................
0000ec90: 00 00 00 09 00 00 00 01 00 00 00 b1 00 00 00 02  ................
0000eca0: 00 00 00 0a 00 00 00 01 00 00 00 b1 00 00 00 02  ................
0000ecb0: 00 00 00 0b 00 00 00 01 00 00 00 b1 00 00 00 03  ................
0000ecc0: 00 00 00 04 00 00 13 95 00 00 00 a5 00 00 00 02  ................
0000ecd0: 00 00 00 01 64 76 70 2d 64 30 64 31 2d 6d 30 00  ....dvp-d0d1-m0.
0000ece0: 00 00 00 03 00 00 00 20 00 00 24 c2 00 00 00 02  ....... ..$.....
0000ecf0: 00 00 00 0c 00 00 00 01 00 00 00 b1 00 00 00 02  ................
0000ed00: 00 00 00 0e 00 00 00 01 00 00 00 b1 00 00 00 03  ................
0000ed10: 00 00 00 04 00 00 13 95 00 00 00 a9 00 00 00 02  ................
0000ed20: 00 00 00 01 64 31 30 2d 64 31 31 2d 6d 30 00 00  ....d10-d11-m0..
0000ed30: 00 00 00 03 00 00 00 20 00 00 24 c2 00 00 00 02  ....... ..$.....
0000ed40: 00 00 00 0f 00 00 00 01 00 00 00 b1 00 00 00 02  ................
0000ed50: 00 00 00 10 00 00 00 01 00 00 00 b1 00 00 00 03  ................
0000ed60: 00 00 00 04 00 00 13 95 00 00 00 a8 00 00 00 02  ................
0000ed70: 00 00 00 02 00 00 00 01 63 69 66 2d 6d 31 00 00  ........cif-m1..
0000ed80: 00 00 00 01 63 69 66 2d 63 6c 6b 6f 75 74 2d 6d  ....cif-clkout-m
0000ed90: 31 00 00 00 00 00 00 03 00 00 00 10 00 00 24 c2  1.............$.
0000eda0: 00 00 00 03 00 00 00 18 00 00 00 03 00 00 00 b1  ................
0000edb0: 00 00 00 03 00 00 00 04 00 00 13 95 00 00 01 49  ...............I
0000edc0: 00 00 00 02 00 00 00 01 64 76 70 2d 64 32 64 39  ........dvp-d2d9
0000edd0: 2d 6d 31 00 00 00 00 03 00 00 00 c0 00 00 24 c2  -m1...........$.
0000ede0: 00 00 00 03 00 00 00 03 00 00 00 03 00 00 00 b1  ................
0000edf0: 00 00 00 03 00 00 00 05 00 00 00 03 00 00 00 b1  ................
0000ee00: 00 00 00 03 00 00 00 07 00 00 00 03 00 00 00 b1  ................
0000ee10: 00 00 00 03 00 00 00 08 00 00 00 03 00 00 00 b1  ................
0000ee20: 00 00 00 03 00 00 00 09 00 00 00 03 00 00 00 b1  ................
0000ee30: 00 00 00 03 00 00 00 0c 00 00 00 03 00 00 00 b1  ................
0000ee40: 00 00 00 03 00 00 00 0e 00 00 00 03 00 00 00 b1  ................
0000ee50: 00 00 00 03 00 00 00 0f 00 00 00 03 00 00 00 b1  ................
0000ee60: 00 00 00 03 00 00 00 19 00 00 00 03 00 00 00 b1  ................
0000ee70: 00 00 00 03 00 00 00 1a 00 00 00 03 00 00 00 b1  ................
0000ee80: 00 00 00 03 00 00 00 1b 00 00 00 03 00 00 00 b1  ................
0000ee90: 00 00 00 03 00 00 00 18 00 00 00 03 00 00 00 b1  ................
0000eea0: 00 00 00 03 00 00 00 04 00 00 13 95 00 00 01 4a  ...............J
0000eeb0: 00 00 00 02 00 00 00 01 64 76 70 2d 64 30 64 31  ........dvp-d0d1
0000eec0: 2d 6d 31 00 00 00 00 03 00 00 00 20 00 00 24 c2  -m1........ ..$.
0000eed0: 00 00 00 03 00 00 00 01 00 00 00 03 00 00 00 b1  ................
0000eee0: 00 00 00 03 00 00 00 02 00 00 00 03 00 00 00 b1  ................
0000eef0: 00 00 00 03 00 00 00 04 00 00 13 95 00 00 01 4b  ...............K
0000ef00: 00 00 00 02 00 00 00 01 64 31 30 2d 64 31 31 2d  ........d10-d11-
0000ef10: 6d 31 00 00 00 00 00 03 00 00 00 20 00 00 24 c2  m1......... ..$.
0000ef20: 00 00 00 03 00 00 00 16 00 00 00 03 00 00 00 b1  ................
0000ef30: 00 00 00 03 00 00 00 17 00 00 00 03 00 00 00 b1  ................
0000ef40: 00 00 00 03 00 00 00 04 00 00 13 95 00 00 01 4c  ...............L
0000ef50: 00 00 00 02 00 00 00 02 00 00 00 01 69 73 70 00  ............isp.
0000ef60: 00 00 00 01 69 73 70 2d 70 72 65 6c 69 67 68 74  ....isp-prelight
0000ef70: 00 00 00 00 00 00 00 03 00 00 00 10 00 00 24 c2  ..............$.
0000ef80: 00 00 00 03 00 00 00 19 00 00 00 04 00 00 00 b1  ................
0000ef90: 00 00 00 03 00 00 00 04 00 00 13 95 00 00 01 4d  ...............M
0000efa0: 00 00 00 02 00 00 00 02 00 00 00 01 70 6d 69 63  ............pmic
0000efb0: 00 00 00 00 00 00 00 01 70 6d 69 63 5f 69 6e 74  ........pmic_int
0000efc0: 00 00 00 00 00 00 00 03 00 00 00 10 00 00 24 c2  ..............$.
0000efd0: 00 00 00 00 00 00 00 0a 00 00 00 00 00 00 00 b2  ................
0000efe0: 00 00 00 03 00 00 00 04 00 00 13 95 00 00 00 5f  ..............._
0000eff0: 00 00 00 02 00 00 00 01 73 6f 63 5f 73 6c 70 70  ........soc_slpp
0000f000: 69 6e 5f 67 70 69 6f 00 00 00 00 03 00 00 00 10  in_gpio.........
0000f010: 00 00 24 c2 00 00 00 00 00 00 00 04 00 00 00 00  ..$.............
0000f020: 00 00 00 b9 00 00 00 03 00 00 00 04 00 00 13 95  ................
0000f030: 00 00 00 62 00 00 00 02 00 00 00 01 73 6f 63 5f  ...b........soc_
0000f040: 73 6c 70 70 69 6e 5f 73 6c 70 00 00 00 00 00 03  slppin_slp......
0000f050: 00 00 00 10 00 00 24 c2 00 00 00 00 00 00 00 04  ......$.........
0000f060: 00 00 00 01 00 00 00 b1 00 00 00 03 00 00 00 04  ................
0000f070: 00 00 13 95 00 00 00 60 00 00 00 02 00 00 00 01  .......`........
0000f080: 73 6f 63 5f 73 6c 70 70 69 6e 5f 72 73 74 00 00  soc_slppin_rst..
0000f090: 00 00 00 03 00 00 00 10 00 00 24 c2 00 00 00 00  ..........$.....
0000f0a0: 00 00 00 04 00 00 00 02 00 00 00 b1 00 00 00 03  ................
0000f0b0: 00 00 00 04 00 00 13 95 00 00 00 64 00 00 00 02  ...........d....
0000f0c0: 00 00 00 02 00 00 00 01 62 74 6e 73 00 00 00 00  ........btns....
0000f0d0: 00 00 00 01 62 74 6e 2d 70 69 6e 73 00 00 00 00  ....btn-pins....
0000f0e0: 00 00 00 03 00 00 01 10 00 00 24 c2 00 00 00 03  ..........$.....
0000f0f0: 00 00 00 16 00 00 00 00 00 00 00 b2 00 00 00 03  ................
0000f100: 00 00 00 17 00 00 00 00 00 00 00 b2 00 00 00 03  ................
0000f110: 00 00 00 14 00 00 00 00 00 00 00 b2 00 00 00 03  ................
0000f120: 00 00 00 15 00 00 00 00 00 00 00 b2 00 00 00 03  ................
0000f130: 00 00 00 10 00 00 00 00 00 00 00 b2 00 00 00 03  ................
0000f140: 00 00 00 11 00 00 00 00 00 00 00 b2 00 00 00 03  ................
0000f150: 00 00 00 13 00 00 00 00 00 00 00 b2 00 00 00 03  ................
0000f160: 00 00 00 12 00 00 00 00 00 00 00 b2 00 00 00 02  ................
0000f170: 00 00 00 0e 00 00 00 00 00 00 00 b2 00 00 00 02  ................
0000f180: 00 00 00 0d 00 00 00 00 00 00 00 b2 00 00 00 03  ................
0000f190: 00 00 00 0a 00 00 00 00 00 00 00 b2 00 00 00 03  ................
0000f1a0: 00 00 00 0d 00 00 00 00 00 00 00 b2 00 00 00 03  ................
0000f1b0: 00 00 00 0b 00 00 00 00 00 00 00 b2 00 00 00 03  ................
0000f1c0: 00 00 00 18 00 00 00 00 00 00 00 b2 00 00 00 03  ................
0000f1d0: 00 00 00 0c 00 00 00 00 00 00 00 b2 00 00 00 03  ................
0000f1e0: 00 00 00 0e 00 00 00 00 00 00 00 b2 00 00 00 03  ................
0000f1f0: 00 00 00 19 00 00 00 00 00 00 00 b2 00 00 00 03  ................
0000f200: 00 00 00 04 00 00 13 95 00 00 00 bc 00 00 00 02  ................
0000f210: 00 00 00 02 00 00 00 01 68 65 61 64 70 68 6f 6e  ........headphon
0000f220: 65 00 00 00 00 00 00 01 68 70 2d 64 65 74 00 00  e.......hp-det..
0000f230: 00 00 00 03 00 00 00 10 00 00 24 c2 00 00 00 02  ..........$.....
0000f240: 00 00 00 16 00 00 00 00 00 00 00 b2 00 00 00 03  ................
0000f250: 00 00 00 04 00 00 13 95 00 00 00 bf 00 00 00 02  ................
0000f260: 00 00 00 02 00 00 00 02 00 00 00 01 63 68 6f 73  ............chos
0000f270: 65 6e 00 00 00 00 00 03 00 00 00 01 00 00 24 d0  en............$.
0000f280: 00 00 00 00 00 00 00 02 00 00 00 01 66 69 71 2d  ............fiq-
0000f290: 64 65 62 75 67 67 65 72 00 00 00 00 00 00 00 03  debugger........
0000f2a0: 00 00 00 16 00 00 00 00 72 6f 63 6b 63 68 69 70  ........rockchip
0000f2b0: 2c 66 69 71 2d 64 65 62 75 67 67 65 72 00 00 00  ,fiq-debugger...
0000f2c0: 00 00 00 03 00 00 00 04 00 00 24 d9 00 00 00 05  ..........$.....
0000f2d0: 00 00 00 03 00 00 00 04 00 00 24 ec 00 00 00 00  ..........$.....
0000f2e0: 00 00 00 03 00 00 00 04 00 00 24 fe 00 00 00 01  ..........$.....
0000f2f0: 00 00 00 03 00 00 00 04 00 00 25 17 00 16 e3 60  ..........%....`
0000f300: 00 00 00 03 00 00 00 0c 00 00 17 13 00 00 00 00  ................
0000f310: 00 00 00 7f 00 00 00 08 00 00 00 03 00 00 00 08  ................
0000f320: 00 00 19 02 64 65 66 61 75 6c 74 00 00 00 00 03  ....default.....
0000f330: 00 00 00 04 00 00 19 10 00 00 00 5a 00 00 00 03  ...........Z....
0000f340: 00 00 00 05 00 00 17 64 6f 6b 61 79 00 00 00 00  .......dokay....
0000f350: 00 00 00 02 00 00 00 01 72 61 6d 6f 6f 70 73 00  ........ramoops.
0000f360: 00 00 00 03 00 00 00 08 00 00 00 00 72 61 6d 6f  ............ramo
0000f370: 6f 70 73 00 00 00 00 03 00 00 00 08 00 00 25 29  ops...........%)
0000f380: 00 00 00 00 00 02 00 00 00 00 00 03 00 00 00 08  ................
0000f390: 00 00 25 35 00 00 00 00 00 08 00 00 00 00 00 03  ..%5............
0000f3a0: 00 00 00 08 00 00 25 42 00 00 00 00 00 00 00 00  ......%B........
0000f3b0: 00 00 00 03 00 00 00 08 00 00 25 4e 00 00 00 00  ..........%N....
0000f3c0: 00 00 00 00 00 00 00 03 00 00 00 04 00 00 17 8d  ................
0000f3d0: 00 00 00 ba 00 00 00 02 00 00 00 01 72 65 73 65  ............rese
0000f3e0: 72 76 65 64 2d 6d 65 6d 6f 72 79 00 00 00 00 03  rved-memory.....
0000f3f0: 00 00 00 04 00 00 00 1c 00 00 00 02 00 00 00 03  ................
0000f400: 00 00 00 04 00 00 00 2b 00 00 00 02 00 00 00 03  .......+........
0000f410: 00 00 00 00 00 00 1d 95 00 00 00 01 64 72 6d 2d  ............drm-
0000f420: 6c 6f 67 6f 40 30 30 30 30 30 30 30 30 00 00 00  logo@00000000...
0000f430: 00 00 00 03 00 00 00 12 00 00 00 00 72 6f 63 6b  ............rock
0000f440: 63 68 69 70 2c 64 72 6d 2d 6c 6f 67 6f 00 00 00  chip,drm-logo...
0000f450: 00 00 00 03 00 00 00 10 00 00 14 01 00 00 00 00  ................
0000f460: 00 00 00 00 00 00 00 00 00 00 00 00 00 00 00 03  ................
0000f470: 00 00 00 04 00 00 13 95 00 00 00 11 00 00 00 02  ................
0000f480: 00 00 00 01 72 65 67 69 6f 6e 40 31 31 30 30 30  ....region@11000
0000f490: 30 00 00 00 00 00 00 03 00 00 00 10 00 00 14 01  0...............
0000f4a0: 00 00 00 00 00 11 00 00 00 00 00 00 00 0f 00 00  ................
0000f4b0: 00 00 00 03 00 00 00 0c 00 00 23 0e 72 61 6d 6f  ..........#.ramo
0000f4c0: 6f 70 73 5f 6d 65 6d 00 00 00 00 03 00 00 00 04  ops_mem.........
0000f4d0: 00 00 13 95 00 00 00 ba 00 00 00 02 00 00 00 02  ................
0000f4e0: 00 00 00 01 72 67 33 35 31 2d 6b 65 79 73 00 00  ....rg351-keys..
0000f4f0: 00 00 00 03 00 00 00 0d 00 00 00 00 72 6f 63 6b  ............rock
0000f500: 63 68 69 70 2c 6b 65 79 00 00 00 00 00 00 00 03  chip,key........
0000f510: 00 00 00 08 00 00 25 58 00 00 00 bb 00 00 00 02  ......%X........
0000f520: 00 00 00 03 00 00 00 04 00 00 25 64 00 00 00 32  ..........%d...2
0000f530: 00 00 00 03 00 00 00 00 00 00 25 72 00 00 00 03  ..........%r....
0000f540: 00 00 00 04 00 00 25 7d 00 00 01 2c 00 00 00 03  ......%}...,....
0000f550: 00 00 00 04 00 00 25 8d 00 00 00 28 00 00 00 03  ......%....(....
0000f560: 00 00 00 04 00 00 13 95 00 00 01 4e 00 00 00 01  ...........N....
0000f570: 76 6f 6c 2d 64 6f 77 6e 2d 6b 65 79 00 00 00 00  vol-down-key....
0000f580: 00 00 00 03 00 00 00 04 00 00 25 9e 00 00 00 72  ..........%....r
0000f590: 00 00 00 03 00 00 00 0c 00 00 25 a9 76 6f 6c 75  ..........%.volu
0000f5a0: 6d 65 20 64 6f 77 6e 00 00 00 00 03 00 00 00 04  me down.........
0000f5b0: 00 00 25 af 00 00 00 a6 00 00 00 02 00 00 00 01  ..%.............
0000f5c0: 76 6f 6c 2d 75 70 2d 6b 65 79 00 00 00 00 00 03  vol-up-key......
0000f5d0: 00 00 00 04 00 00 25 9e 00 00 00 73 00 00 00 03  ......%....s....
0000f5e0: 00 00 00 0a 00 00 25 a9 76 6f 6c 75 6d 65 20 75  ......%.volume u
0000f5f0: 70 00 00 00 00 00 00 03 00 00 00 04 00 00 25 af  p.............%.
0000f600: 00 00 00 09 00 00 00 02 00 00 00 02 00 00 00 01  ................
0000f610: 6f 64 72 6f 69 64 67 6f 33 2d 6a 6f 79 70 61 64  odroidgo3-joypad
0000f620: 00 00 00 00 00 00 00 03 00 00 00 11 00 00 00 00  ................
0000f630: 6f 64 72 6f 69 64 67 6f 33 2d 6a 6f 79 70 61 64  odroidgo3-joypad
0000f640: 00 00 00 00 00 00 00 03 00 00 00 11 00 00 25 c2  ..............%.
0000f650: 47 4f 2d 53 75 70 65 72 20 47 61 6d 65 70 61 64  GO-Super Gamepad
0000f660: 00 00 00 00 00 00 00 03 00 00 00 04 00 00 25 ce  ..............%.
0000f670: 00 00 11 00 00 00 00 03 00 00 00 04 00 00 25 dd  ..............%.
0000f680: 00 00 01 00 00 00 00 03 00 00 00 05 00 00 17 64  ...............d
0000f690: 6f 6b 61 79 00 00 00 00 00 00 00 03 00 00 00 08  okay............
0000f6a0: 00 00 19 02 64 65 66 61 75 6c 74 00 00 00 00 03  ....default.....
0000f6b0: 00 00 00 04 00 00 19 10 00 00 00 bc 00 00 00 03  ................
0000f6c0: 00 00 00 09 00 00 25 ed 61 6d 75 78 5f 61 64 63  ......%.amux_adc
0000f6d0: 00 00 00 00 00 00 00 03 00 00 00 08 00 00 25 58  ..............%X
0000f6e0: 00 00 00 bb 00 00 00 01 00 00 00 03 00 00 00 04  ................
0000f6f0: 00 00 25 fe 00 00 00 04 00 00 00 03 00 00 00 10  ..%.............
0000f700: 00 00 26 09 00 00 00 02 00 00 00 03 00 00 00 01  ..&.............
0000f710: 00 00 00 00 00 00 00 03 00 00 00 0c 00 00 26 1e  ..............&.
0000f720: 00 00 00 bd 00 00 00 10 00 00 00 01 00 00 00 03  ................
0000f730: 00 00 00 0c 00 00 26 2b 00 00 00 bd 00 00 00 0f  ......&+........
0000f740: 00 00 00 01 00 00 00 03 00 00 00 0c 00 00 26 38  ..............&8
0000f750: 00 00 00 bd 00 00 00 0c 00 00 00 01 00 00 00 03  ................
0000f760: 00 00 00 04 00 00 26 46 00 00 00 02 00 00 00 03  ......&F........
0000f770: 00 00 00 04 00 00 26 57 00 00 00 40 00 00 00 03  ......&W...@....
0000f780: 00 00 00 04 00 00 26 6b 00 00 00 20 00 00 00 03  ......&k... ....
0000f790: 00 00 00 04 00 00 26 7b 00 00 00 20 00 00 00 03  ......&{... ....
0000f7a0: 00 00 00 04 00 00 26 8b 00 00 00 c8 00 00 00 03  ......&.........
0000f7b0: 00 00 00 04 00 00 26 9a 00 00 00 c8 00 00 00 03  ......&.........
0000f7c0: 00 00 00 04 00 00 26 a9 00 00 00 c8 00 00 00 03  ......&.........
0000f7d0: 00 00 00 04 00 00 26 b8 00 00 00 c8 00 00 00 03  ......&.........
0000f7e0: 00 00 00 04 00 00 26 c7 00 00 00 c8 00 00 00 03  ......&.........
0000f7f0: 00 00 00 04 00 00 26 d7 00 00 00 c8 00 00 00 03  ......&.........
0000f800: 00 00 00 04 00 00 26 e7 00 00 00 c8 00 00 00 03  ......&.........
0000f810: 00 00 00 04 00 00 26 f7 00 00 00 c8 00 00 00 03  ......&.........
0000f820: 00 00 00 04 00 00 25 64 00 00 00 0a 00 00 00 03  ......%d........
0000f830: 00 00 00 00 00 00 27 07 00 00 00 03 00 00 00 00  ......'.........
0000f840: 00 00 27 13 00 00 00 03 00 00 00 00 00 00 27 1f  ..'...........'.
0000f850: 00 00 00 03 00 00 00 00 00 00 27 2c 00 00 00 03  ..........',....
0000f860: 00 00 00 04 00 00 13 95 00 00 01 4f 00 00 00 01  ...........O....
0000f870: 73 77 31 00 00 00 00 03 00 00 00 0c 00 00 20 ad  sw1........... .
0000f880: 00 00 00 68 00 00 00 16 00 00 00 01 00 00 00 03  ...h............
0000f890: 00 00 00 0d 00 00 25 a9 47 50 49 4f 20 44 50 41  ......%.GPIO DPA
0000f8a0: 44 2d 55 50 00 00 00 00 00 00 00 03 00 00 00 04  D-UP............
0000f8b0: 00 00 25 9e 00 00 02 20 00 00 00 02 00 00 00 01  ..%.... ........
0000f8c0: 73 77 32 00 00 00 00 03 00 00 00 0c 00 00 20 ad  sw2........... .
0000f8d0: 00 00 00 68 00 00 00 17 00 00 00 01 00 00 00 03  ...h............
0000f8e0: 00 00 00 0f 00 00 25 a9 47 50 49 4f 20 44 50 41  ......%.GPIO DPA
0000f8f0: 44 2d 44 4f 57 4e 00 00 00 00 00 03 00 00 00 04  D-DOWN..........
0000f900: 00 00 25 9e 00 00 02 21 00 00 00 02 00 00 00 01  ..%....!........
0000f910: 73 77 33 00 00 00 00 03 00 00 00 0c 00 00 20 ad  sw3........... .
0000f920: 00 00 00 68 00 00 00 14 00 00 00 01 00 00 00 03  ...h............
0000f930: 00 00 00 0f 00 00 25 a9 47 50 49 4f 20 44 50 41  ......%.GPIO DPA
0000f940: 44 2d 4c 45 46 54 00 00 00 00 00 03 00 00 00 04  D-LEFT..........
0000f950: 00 00 25 9e 00 00 02 22 00 00 00 02 00 00 00 01  ..%...."........
0000f960: 73 77 34 00 00 00 00 03 00 00 00 0c 00 00 20 ad  sw4........... .
0000f970: 00 00 00 68 00 00 00 15 00 00 00 01 00 00 00 03  ...h............
0000f980: 00 00 00 10 00 00 25 a9 47 50 49 4f 20 44 50 41  ......%.GPIO DPA
0000f990: 44 2d 52 49 47 48 54 00 00 00 00 03 00 00 00 04  D-RIGHT.........
0000f9a0: 00 00 25 9e 00 00 02 23 00 00 00 02 00 00 00 01  ..%....#........
0000f9b0: 73 77 35 00 00 00 00 03 00 00 00 0c 00 00 20 ad  sw5........... .
0000f9c0: 00 00 00 68 00 00 00 10 00 00 00 01 00 00 00 03  ...h............
0000f9d0: 00 00 00 0b 00 00 25 a9 47 50 49 4f 20 42 54 4e  ......%.GPIO BTN
0000f9e0: 2d 41 00 00 00 00 00 03 00 00 00 04 00 00 25 9e  -A............%.
0000f9f0: 00 00 01 31 00 00 00 02 00 00 00 01 73 77 36 00  ...1........sw6.
0000fa00: 00 00 00 03 00 00 00 0c 00 00 20 ad 00 00 00 68  .......... ....h
0000fa10: 00 00 00 11 00 00 00 01 00 00 00 03 00 00 00 0b  ................
0000fa20: 00 00 25 a9 47 50 49 4f 20 42 54 4e 2d 42 00 00  ..%.GPIO BTN-B..
0000fa30: 00 00 00 03 00 00 00 04 00 00 25 9e 00 00 01 30  ..........%....0
0000fa40: 00 00 00 02 00 00 00 01 73 77 37 00 00 00 00 03  ........sw7.....
0000fa50: 00 00 00 0c 00 00 20 ad 00 00 00 68 00 00 00 13  ...... ....h....
0000fa60: 00 00 00 01 00 00 00 03 00 00 00 0b 00 00 25 a9  ..............%.
0000fa70: 47 50 49 4f 20 42 54 4e 2d 59 00 00 00 00 00 03  GPIO BTN-Y......
0000fa80: 00 00 00 04 00 00 25 9e 00 00 01 34 00 00 00 02  ......%....4....
0000fa90: 00 00 00 01 73 77 38 00 00 00 00 03 00 00 00 0c  ....sw8.........
0000faa0: 00 00 20 ad 00 00 00 68 00 00 00 12 00 00 00 01  .. ....h........
0000fab0: 00 00 00 03 00 00 00 0b 00 00 25 a9 47 50 49 4f  ..........%.GPIO
0000fac0: 20 42 54 4e 2d 58 00 00 00 00 00 03 00 00 00 04   BTN-X..........
0000fad0: 00 00 25 9e 00 00 01 33 00 00 00 02 00 00 00 01  ..%....3........
0000fae0: 73 77 31 31 00 00 00 00 00 00 00 03 00 00 00 0c  sw11............
0000faf0: 00 00 20 ad 00 00 00 bd 00 00 00 0e 00 00 00 01  .. .............
0000fb00: 00 00 00 03 00 00 00 0b 00 00 25 a9 42 54 4e 5f  ..........%.BTN_
0000fb10: 54 48 55 4d 42 52 00 00 00 00 00 03 00 00 00 04  THUMBR..........
0000fb20: 00 00 25 9e 00 00 02 c3 00 00 00 02 00 00 00 01  ..%.............
0000fb30: 73 77 31 32 00 00 00 00 00 00 00 03 00 00 00 0c  sw12............
0000fb40: 00 00 20 ad 00 00 00 bd 00 00 00 0d 00 00 00 01  .. .............
0000fb50: 00 00 00 03 00 00 00 0b 00 00 25 a9 42 54 4e 5f  ..........%.BTN_
0000fb60: 54 48 55 4d 42 4c 00 00 00 00 00 03 00 00 00 04  THUMBL..........
0000fb70: 00 00 25 9e 00 00 02 c2 00 00 00 02 00 00 00 01  ..%.............
0000fb80: 73 77 31 33 00 00 00 00 00 00 00 03 00 00 00 0c  sw13............
0000fb90: 00 00 20 ad 00 00 00 68 00 00 00 0a 00 00 00 01  .. ....h........
0000fba0: 00 00 00 03 00 00 00 0b 00 00 25 a9 47 50 49 4f  ..........%.GPIO
0000fbb0: 20 42 54 4e 5f 46 00 00 00 00 00 03 00 00 00 04   BTN_F..........
0000fbc0: 00 00 25 9e 00 00 02 c4 00 00 00 02 00 00 00 01  ..%.............
0000fbd0: 73 77 31 35 00 00 00 00 00 00 00 03 00 00 00 0c  sw15............
0000fbe0: 00 00 20 ad 00 00 00 68 00 00 00 0d 00 00 00 01  .. ....h........
0000fbf0: 00 00 00 03 00 00 00 0c 00 00 25 a9 47 50 49 4f  ..........%.GPIO
0000fc00: 20 42 54 4e 5f 54 4c 00 00 00 00 03 00 00 00 04   BTN_TL.........
0000fc10: 00 00 25 9e 00 00 01 36 00 00 00 02 00 00 00 01  ..%....6........
0000fc20: 73 77 31 36 00 00 00 00 00 00 00 03 00 00 00 0c  sw16............
0000fc30: 00 00 20 ad 00 00 00 68 00 00 00 0b 00 00 00 01  .. ....h........
0000fc40: 00 00 00 03 00 00 00 0c 00 00 25 a9 47 50 49 4f  ..........%.GPIO
0000fc50: 20 42 54 4e 5f 54 52 00 00 00 00 03 00 00 00 04   BTN_TR.........
0000fc60: 00 00 25 9e 00 00 01 37 00 00 00 02 00 00 00 01  ..%....7........
0000fc70: 73 77 31 39 00 00 00 00 00 00 00 03 00 00 00 0c  sw19............
0000fc80: 00 00 20 ad 00 00 00 68 00 00 00 18 00 00 00 01  .. ....h........
0000fc90: 00 00 00 03 00 00 00 0b 00 00 25 a9 42 54 4e 5f  ..........%.BTN_
0000fca0: 53 45 4c 45 43 54 00 00 00 00 00 03 00 00 00 04  SELECT..........
0000fcb0: 00 00 25 9e 00 00 02 c0 00 00 00 02 00 00 00 01  ..%.............
0000fcc0: 73 77 32 30 00 00 00 00 00 00 00 03 00 00 00 0c  sw20............
0000fcd0: 00 00 20 ad 00 00 00 68 00 00 00 0c 00 00 00 01  .. ....h........
0000fce0: 00 00 00 03 00 00 00 0d 00 00 25 a9 47 50 49 4f  ..........%.GPIO
0000fcf0: 20 42 54 4e 5f 54 52 32 00 00 00 00 00 00 00 03   BTN_TR2........
0000fd00: 00 00 00 04 00 00 25 9e 00 00 01 39 00 00 00 02  ......%....9....
0000fd10: 00 00 00 01 73 77 32 31 00 00 00 00 00 00 00 03  ....sw21........
0000fd20: 00 00 00 0c 00 00 20 ad 00 00 00 68 00 00 00 0e  ...... ....h....
0000fd30: 00 00 00 01 00 00 00 03 00 00 00 0d 00 00 25 a9  ..............%.
0000fd40: 47 50 49 4f 20 42 54 4e 5f 54 4c 32 00 00 00 00  GPIO BTN_TL2....
0000fd50: 00 00 00 03 00 00 00 04 00 00 25 9e 00 00 01 38  ..........%....8
0000fd60: 00 00 00 02 00 00 00 01 73 77 32 32 00 00 00 00  ........sw22....
0000fd70: 00 00 00 03 00 00 00 0c 00 00 20 ad 00 00 00 68  .......... ....h
0000fd80: 00 00 00 19 00 00 00 01 00 00 00 03 00 00 00 0a  ................
0000fd90: 00 00 25 a9 42 54 4e 5f 53 54 41 52 54 00 00 00  ..%.BTN_START...
0000fda0: 00 00 00 03 00 00 00 04 00 00 25 9e 00 00 02 c1  ..........%.....
0000fdb0: 00 00 00 02 00 00 00 02 00 00 00 01 62 61 63 6b  ............back
0000fdc0: 6c 69 67 68 74 00 00 00 00 00 00 03 00 00 00 0e  light...........
0000fdd0: 00 00 00 00 70 77 6d 2d 62 61 63 6b 6c 69 67 68  ....pwm-backligh
0000fde0: 74 00 00 00 00 00 00 03 00 00 00 10 00 00 27 39  t.............'9
0000fdf0: 00 00 00 be 00 00 00 00 00 00 61 a8 00 00 00 00  ..........a.....
0000fe00: 00 00 00 03 00 00 04 00 00 00 27 3e 00 00 00 00  ..........'>....
0000fe10: 00 00 00 01 00 00 00 02 00 00 00 03 00 00 00 04  ................
0000fe20: 00 00 00 05 00 00 00 06 00 00 00 07 00 00 00 08  ................
0000fe30: 00 00 00 09 00 00 00 0a 00 00 00 0b 00 00 00 0c  ................
0000fe40: 00 00 00 0d 00 00 00 0e 00 00 00 0f 00 00 00 10  ................
0000fe50: 00 00 00 11 00 00 00 12 00 00 00 13 00 00 00 14  ................
0000fe60: 00 00 00 15 00 00 00 16 00 00 00 17 00 00 00 18  ................
0000fe70: 00 00 00 19 00 00 00 1a 00 00 00 1b 00 00 00 1c  ................
0000fe80: 00 00 00 1d 00 00 00 1e 00 00 00 1f 00 00 00 20  ............... 
0000fe90: 00 00 00 21 00 00 00 22 00 00 00 23 00 00 00 24  ...!..."...#...$
0000fea0: 00 00 00 25 00 00 00 26 00 00 00 27 00 00 00 28  ...%...&...'...(
0000feb0: 00 00 00 29 00 00 00 2a 00 00 00 2b 00 00 00 2c  ...)...*...+...,
0000fec0: 00 00 00 2d 00 00 00 2e 00 00 00 2f 00 00 00 30  ...-......./...0
0000fed0: 00 00 00 31 00 00 00 32 00 00 00 33 00 00 00 34  ...1...2...3...4
0000fee0: 00 00 00 35 00 00 00 36 00 00 00 37 00 00 00 38  ...5...6...7...8
0000fef0: 00 00 00 39 00 00 00 3a 00 00 00 3b 00 00 00 3c  ...9...:...;...<
0000ff00: 00 00 00 3d 00 00 00 3e 00 00 00 3f 00 00 00 40  ...=...>...?...@
0000ff10: 00 00 00 41 00 00 00 42 00 00 00 43 00 00 00 44  ...A...B...C...D
0000ff20: 00 00 00 45 00 00 00 46 00 00 00 47 00 00 00 48  ...E...F...G...H
0000ff30: 00 00 00 49 00 00 00 4a 00 00 00 4b 00 00 00 4c  ...I...J...K...L
0000ff40: 00 00 00 4d 00 00 00 4e 00 00 00 4f 00 00 00 50  ...M...N...O...P
0000ff50: 00 00 00 51 00 00 00 52 00 00 00 53 00 00 00 54  ...Q...R...S...T
0000ff60: 00 00 00 55 00 00 00 56 00 00 00 57 00 00 00 58  ...U...V...W...X
0000ff70: 00 00 00 59 00 00 00 5a 00 00 00 5b 00 00 00 5c  ...Y...Z...[...\
0000ff80: 00 00 00 5d 00 00 00 5e 00 00 00 5f 00 00 00 60  ...]...^..._...`
0000ff90: 00 00 00 61 00 00 00 62 00 00 00 63 00 00 00 64  ...a...b...c...d
0000ffa0: 00 00 00 65 00 00 00 66 00 00 00 67 00 00 00 68  ...e...f...g...h
0000ffb0: 00 00 00 69 00 00 00 6a 00 00 00 6b 00 00 00 6c  ...i...j...k...l
0000ffc0: 00 00 00 6d 00 00 00 6e 00 00 00 6f 00 00 00 70  ...m...n...o...p
0000ffd0: 00 00 00 71 00 00 00 72 00 00 00 73 00 00 00 74  ...q...r...s...t
0000ffe0: 00 00 00 75 00 00 00 76 00 00 00 77 00 00 00 78  ...u...v...w...x
0000fff0: 00 00 00 79 00 00 00 7a 00 00 00 7b 00 00 00 7c  ...y...z...{...|
00010000: 00 00 00 7d 00 00 00 7e 00 00 00 7f 00 00 00 80  ...}...~........
00010010: 00 00 00 81 00 00 00 82 00 00 00 83 00 00 00 84  ................
00010020: 00 00 00 85 00 00 00 86 00 00 00 87 00 00 00 88  ................
00010030: 00 00 00 89 00 00 00 8a 00 00 00 8b 00 00 00 8c  ................
00010040: 00 00 00 8d 00 00 00 8e 00 00 00 8f 00 00 00 90  ................
00010050: 00 00 00 91 00 00 00 92 00 00 00 93 00 00 00 94  ................
00010060: 00 00 00 95 00 00 00 96 00 00 00 97 00 00 00 98  ................
00010070: 00 00 00 99 00 00 00 9a 00 00 00 9b 00 00 00 9c  ................
00010080: 00 00 00 9d 00 00 00 9e 00 00 00 9f 00 00 00 a0  ................
00010090: 00 00 00 a1 00 00 00 a2 00 00 00 a3 00 00 00 a4  ................
000100a0: 00 00 00 a5 00 00 00 a6 00 00 00 a7 00 00 00 a8  ................
000100b0: 00 00 00 a9 00 00 00 aa 00 00 00 ab 00 00 00 ac  ................
000100c0: 00 00 00 ad 00 00 00 ae 00 00 00 af 00 00 00 b0  ................
000100d0: 00 00 00 b1 00 00 00 b2 00 00 00 b3 00 00 00 b4  ................
000100e0: 00 00 00 b5 00 00 00 b6 00 00 00 b7 00 00 00 b8  ................
000100f0: 00 00 00 b9 00 00 00 ba 00 00 00 bb 00 00 00 bc  ................
00010100: 00 00 00 bd 00 00 00 be 00 00 00 bf 00 00 00 c0  ................
00010110: 00 00 00 c1 00 00 00 c2 00 00 00 c3 00 00 00 c4  ................
00010120: 00 00 00 c5 00 00 00 c6 00 00 00 c7 00 00 00 c8  ................
00010130: 00 00 00 c9 00 00 00 ca 00 00 00 cb 00 00 00 cc  ................
00010140: 00 00 00 cd 00 00 00 ce 00 00 00 cf 00 00 00 d0  ................
00010150: 00 00 00 d1 00 00 00 d2 00 00 00 d3 00 00 00 d4  ................
00010160: 00 00 00 d5 00 00 00 d6 00 00 00 d7 00 00 00 d8  ................
00010170: 00 00 00 d9 00 00 00 da 00 00 00 db 00 00 00 dc  ................
00010180: 00 00 00 dd 00 00 00 de 00 00 00 df 00 00 00 e0  ................
00010190: 00 00 00 e1 00 00 00 e2 00 00 00 e3 00 00 00 e4  ................
000101a0: 00 00 00 e5 00 00 00 e6 00 00 00 e7 00 00 00 e8  ................
000101b0: 00 00 00 e9 00 00 00 ea 00 00 00 eb 00 00 00 ec  ................
000101c0: 00 00 00 ed 00 00 00 ee 00 00 00 ef 00 00 00 f0  ................
000101d0: 00 00 00 f1 00 00 00 f2 00 00 00 f3 00 00 00 f4  ................
000101e0: 00 00 00 f5 00 00 00 f6 00 00 00 f7 00 00 00 f8  ................
000101f0: 00 00 00 f9 00 00 00 fa 00 00 00 fb 00 00 00 fc  ................
00010200: 00 00 00 fd 00 00 00 fe 00 00 00 ff 00 00 00 03  ................
00010210: 00 00 00 04 00 00 27 50 00 00 00 c8 00 00 00 03  ......'P........
00010220: 00 00 00 04 00 00 13 95 00 00 00 9f 00 00 00 02  ................
00010230: 00 00 00 01 61 72 6b 6f 73 34 63 6c 6f 6e 65 2d  ....arkos4clone-
00010240: 6c 65 64 73 00 00 00 00 00 00 00 03 00 00 00 10  leds............
00010250: 00 00 00 00 61 72 6b 6f 73 34 63 6c 6f 6e 65 2d  ....arkos4clone-
00010260: 6c 65 64 00 00 00 00 03 00 00 00 0c 00 00 27 69  led...........'i
00010270: 00 00 00 5e 00 00 00 11 00 00 00 00 00 00 00 03  ...^............
00010280: 00 00 00 0c 00 00 27 71 00 00 00 5e 00 00 00 00  ......'q...^....
00010290: 00 00 00 00 00 00 00 03 00 00 00 04 00 00 13 95  ................
000102a0: 00 00 01 50 00 00 00 02 00 00 00 01 72 6b 38 31  ...P........rk81
000102b0: 37 2d 73 6f 75 6e 64 00 00 00 00 03 00 00 00 12  7-sound.........
000102c0: 00 00 00 00 73 69 6d 70 6c 65 2d 61 75 64 69 6f  ....simple-audio
000102d0: 2d 63 61 72 64 00 00 00 00 00 00 03 00 00 00 04  -card...........
000102e0: 00 00 27 7a 69 32 73 00 00 00 00 03 00 00 00 15  ..'zi2s.........
000102f0: 00 00 27 93 72 6f 63 6b 63 68 69 70 2c 72 6b 38  ..'.rockchip,rk8
00010300: 31 37 2d 63 6f 64 65 63 00 00 00 00 00 00 00 03  17-codec........
00010310: 00 00 00 04 00 00 27 aa 00 00 01 00 00 00 00 03  ......'.........
00010320: 00 00 00 2d 00 00 27 c4 4d 69 63 72 6f 70 68 6f  ...-..'.Micropho
00010330: 6e 65 00 4d 69 63 20 4a 61 63 6b 00 48 65 61 64  ne.Mic Jack.Head
00010340: 70 68 6f 6e 65 00 48 65 61 64 70 68 6f 6e 65 20  phone.Headphone 
00010350: 4a 61 63 6b 00 00 00 00 00 00 00 03 00 00 00 38  Jack...........8
00010360: 00 00 27 de 4d 49 43 5f 49 4e 00 4d 69 63 20 4a  ..'.MIC_IN.Mic J
00010370: 61 63 6b 00 48 65 61 64 70 68 6f 6e 65 20 4a 61  ack.Headphone Ja
00010380: 63 6b 00 48 50 4f 4c 00 48 65 61 64 70 68 6f 6e  ck.HPOL.Headphon
00010390: 65 20 4a 61 63 6b 00 48 50 4f 52 00 00 00 00 03  e Jack.HPOR.....
000103a0: 00 00 00 0c 00 00 27 f8 00 00 00 bd 00 00 00 16  ......'.........
000103b0: 00 00 00 01 00 00 00 03 00 00 00 08 00 00 19 02  ................
000103c0: 64 65 66 61 75 6c 74 00 00 00 00 03 00 00 00 04  default.........
000103d0: 00 00 19 10 00 00 00 bf 00 00 00 01 73 69 6d 70  ............simp
000103e0: 6c 65 2d 61 75 64 69 6f 2d 63 61 72 64 2c 63 70  le-audio-card,cp
000103f0: 75 00 00 00 00 00 00 03 00 00 00 04 00 00 28 16  u.............(.
00010400: 00 00 00 c0 00 00 00 02 00 00 00 01 73 69 6d 70  ............simp
00010410: 6c 65 2d 61 75 64 69 6f 2d 63 61 72 64 2c 63 6f  le-audio-card,co
00010420: 64 65 63 00 00 00 00 03 00 00 00 04 00 00 28 16  dec...........(.
00010430: 00 00 00 c1 00 00 00 02 00 00 00 02 00 00 00 01  ................
00010440: 76 63 63 73 79 73 00 00 00 00 00 03 00 00 00 10  vccsys..........
00010450: 00 00 00 00 72 65 67 75 6c 61 74 6f 72 2d 66 69  ....regulator-fi
00010460: 78 65 64 00 00 00 00 03 00 00 00 0b 00 00 1b c4  xed.............
00010470: 76 63 63 35 76 30 5f 73 79 73 00 00 00 00 00 03  vcc5v0_sys......
00010480: 00 00 00 00 00 00 1b 42 00 00 00 03 00 00 00 00  .......B........
00010490: 00 00 1b 56 00 00 00 03 00 00 00 04 00 00 1b 68  ...V...........h
000104a0: 00 4c 4b 40 00 00 00 03 00 00 00 04 00 00 1b 80  .LK@............
000104b0: 00 4c 4b 40 00 00 00 03 00 00 00 04 00 00 13 95  .LK@............
000104c0: 00 00 00 66 00 00 00 02 00 00 00 01 76 62 75 73  ...f........vbus
000104d0: 5f 68 6f 73 74 00 00 00 00 00 00 03 00 00 00 10  _host...........
000104e0: 00 00 00 00 72 65 67 75 6c 61 74 6f 72 2d 66 69  ....regulator-fi
000104f0: 78 65 64 00 00 00 00 03 00 00 00 0a 00 00 1b c4  xed.............
00010500: 76 62 75 73 5f 68 6f 73 74 00 00 00 00 00 00 03  vbus_host.......
00010510: 00 00 00 0c 00 00 1d 5b 00 00 00 68 00 00 00 04  .......[...h....
00010520: 00 00 00 00 00 00 00 03 00 00 00 00 00 00 28 20  ..............( 
00010530: 00 00 00 03 00 00 00 00 00 00 1b 42 00 00 00 03  ...........B....
00010540: 00 00 00 04 00 00 28 33 00 00 00 66 00 00 00 03  ......(3...f....
00010550: 00 00 00 04 00 00 13 95 00 00 00 8d 00 00 00 02  ................
00010560: 00 00 00 01 63 68 61 72 67 65 2d 61 6e 69 6d 61  ....charge-anima
00010570: 74 69 6f 6e 00 00 00 00 00 00 00 03 00 00 00 16  tion............
00010580: 00 00 00 00 72 6f 63 6b 63 68 69 70 2c 75 62 6f  ....rockchip,ubo
00010590: 6f 74 2d 63 68 61 72 67 65 00 00 00 00 00 00 03  ot-charge.......
000105a0: 00 00 00 05 00 00 17 64 6f 6b 61 79 00 00 00 00  .......dokay....
000105b0: 00 00 00 03 00 00 00 04 00 00 28 3e 00 00 00 01  ..........(>....
000105c0: 00 00 00 03 00 00 00 04 00 00 28 57 00 00 00 00  ..........(W....
000105d0: 00 00 00 03 00 00 00 04 00 00 28 72 00 00 00 00  ..........(r....
000105e0: 00 00 00 03 00 00 00 04 00 00 28 93 00 00 0c da  ..........(.....
000105f0: 00 00 00 03 00 00 00 04 00 00 28 b6 00 00 0c ad  ..........(.....
00010600: 00 00 00 03 00 00 00 04 00 00 28 d1 00 00 0c b7  ..........(.....
00010610: 00 00 00 03 00 00 00 04 00 00 28 f2 00 00 00 00  ..........(.....
00010620: 00 00 00 03 00 00 00 04 00 00 29 0a 00 00 00 1e  ..........).....
00010630: 00 00 00 03 00 00 00 04 00 00 29 2c 00 00 00 00  ..........),....
00010640: 00 00 00 03 00 00 00 04 00 00 29 4a 00 00 00 01  ..........)J....
00010650: 00 00 00 02 00 00 00 01 5f 5f 73 79 6d 62 6f 6c  ........__symbol
00010660: 73 5f 5f 00 00 00 00 03 00 00 00 0c 00 00 23 b0  s__...........#.
00010670: 2f 64 64 72 5f 74 69 6d 69 6e 67 00 00 00 00 03  /ddr_timing.....
00010680: 00 00 00 0c 00 00 29 6d 2f 63 70 75 73 2f 63 70  ......)m/cpus/cp
00010690: 75 40 30 00 00 00 00 03 00 00 00 0c 00 00 29 72  u@0...........)r
000106a0: 2f 63 70 75 73 2f 63 70 75 40 31 00 00 00 00 03  /cpus/cpu@1.....
000106b0: 00 00 00 0c 00 00 29 77 2f 63 70 75 73 2f 63 70  ......)w/cpus/cp
000106c0: 75 40 32 00 00 00 00 03 00 00 00 0c 00 00 29 7c  u@2...........)|
000106d0: 2f 63 70 75 73 2f 63 70 75 40 33 00 00 00 00 03  /cpus/cpu@3.....
000106e0: 00 00 00 1c 00 00 29 81 2f 63 70 75 73 2f 69 64  ......)./cpus/id
000106f0: 6c 65 2d 73 74 61 74 65 73 2f 63 70 75 2d 73 6c  le-states/cpu-sl
00010700: 65 65 70 00 00 00 00 03 00 00 00 20 00 00 29 8b  eep........ ..).
00010710: 2f 63 70 75 73 2f 69 64 6c 65 2d 73 74 61 74 65  /cpus/idle-state
00010720: 73 2f 63 6c 75 73 74 65 72 2d 73 6c 65 65 70 00  s/cluster-sleep.
00010730: 00 00 00 03 00 00 00 10 00 00 29 99 2f 63 70 75  ..........)./cpu
00010740: 30 2d 6f 70 70 2d 74 61 62 6c 65 00 00 00 00 03  0-opp-table.....
00010750: 00 00 00 09 00 00 29 a8 2f 62 75 73 2d 73 6f 63  ......)./bus-soc
00010760: 00 00 00 00 00 00 00 03 00 00 00 0a 00 00 29 b0  ..............).
00010770: 2f 62 75 73 2d 61 70 6c 6c 00 00 00 00 00 00 03  /bus-apll.......
00010780: 00 00 00 14 00 00 29 b9 2f 62 75 73 2d 61 70 6c  ......)./bus-apl
00010790: 6c 2d 6f 70 70 2d 74 61 62 6c 65 00 00 00 00 03  l-opp-table.....
000107a0: 00 00 00 13 00 00 29 cc 2f 64 69 73 70 6c 61 79  ......)./display
000107b0: 2d 73 75 62 73 79 73 74 65 6d 00 00 00 00 00 03  -subsystem......
000107c0: 00 00 00 24 00 00 29 de 2f 64 69 73 70 6c 61 79  ...$..)./display
000107d0: 2d 73 75 62 73 79 73 74 65 6d 2f 72 6f 75 74 65  -subsystem/route
000107e0: 2f 72 6f 75 74 65 2d 6c 76 64 73 00 00 00 00 03  /route-lvds.....
000107f0: 00 00 00 23 00 00 29 e9 2f 64 69 73 70 6c 61 79  ...#..)./display
00010800: 2d 73 75 62 73 79 73 74 65 6d 2f 72 6f 75 74 65  -subsystem/route
00010810: 2f 72 6f 75 74 65 2d 64 73 69 00 00 00 00 00 03  /route-dsi......
00010820: 00 00 00 23 00 00 29 f3 2f 64 69 73 70 6c 61 79  ...#..)./display
00010830: 2d 73 75 62 73 79 73 74 65 6d 2f 72 6f 75 74 65  -subsystem/route
00010840: 2f 72 6f 75 74 65 2d 72 67 62 00 00 00 00 00 03  /route-rgb......
00010850: 00 00 00 15 00 00 29 fd 2f 65 78 74 65 72 6e 61  ......)./externa
00010860: 6c 2d 67 6d 61 63 2d 63 6c 6f 63 6b 00 00 00 00  l-gmac-clock....
00010870: 00 00 00 03 00 00 00 12 00 00 2a 08 2f 72 6f 63  ..........*./roc
00010880: 6b 63 68 69 70 2d 73 75 73 70 65 6e 64 00 00 00  kchip-suspend...
00010890: 00 00 00 03 00 00 00 08 00 00 2a 19 2f 78 69 6e  ..........*./xin
000108a0: 32 34 6d 00 00 00 00 03 00 00 00 08 00 00 2a 20  24m...........* 
000108b0: 2f 78 69 6e 33 32 6b 00 00 00 00 03 00 00 00 1b  /xin32k.........
000108c0: 00 00 24 4d 2f 70 6f 77 65 72 2d 6d 61 6e 61 67  ..$M/power-manag
000108d0: 65 6d 65 6e 74 40 66 66 30 30 30 30 30 30 00 00  ement@ff000000..
000108e0: 00 00 00 03 00 00 00 2c 00 00 1c dc 2f 70 6f 77  .......,..../pow
000108f0: 65 72 2d 6d 61 6e 61 67 65 6d 65 6e 74 40 66 66  er-management@ff
00010900: 30 30 30 30 30 30 2f 70 6f 77 65 72 2d 63 6f 6e  000000/power-con
00010910: 74 72 6f 6c 6c 65 72 00 00 00 00 03 00 00 00 11  troller.........
00010920: 00 00 23 9a 2f 73 79 73 63 6f 6e 40 66 66 30 31  ..#./syscon@ff01
00010930: 30 30 30 30 00 00 00 00 00 00 00 03 00 00 00 1c  0000............
00010940: 00 00 2a 27 2f 73 79 73 63 6f 6e 40 66 66 30 31  ..*'/syscon@ff01
00010950: 30 30 30 30 2f 69 6f 2d 64 6f 6d 61 69 6e 73 00  0000/io-domains.
00010960: 00 00 00 03 00 00 00 1a 00 00 2a 36 2f 73 79 73  ..........*6/sys
00010970: 63 6f 6e 40 66 66 30 31 30 30 30 30 2f 70 6d 75  con@ff010000/pmu
00010980: 2d 70 76 74 6d 00 00 00 00 00 00 03 00 00 00 11  -pvtm...........
00010990: 00 00 2a 3f 2f 73 65 72 69 61 6c 40 66 66 30 33  ..*?/serial@ff03
000109a0: 30 30 30 30 00 00 00 00 00 00 00 03 00 00 00 0e  0000............
000109b0: 00 00 2a 45 2f 69 32 73 40 66 66 30 36 30 30 30  ..*E/i2s@ff06000
000109c0: 30 00 00 00 00 00 00 03 00 00 00 0e 00 00 2a 4e  0.............*N
000109d0: 2f 69 32 73 40 66 66 30 37 30 30 30 30 00 00 00  /i2s@ff070000...
000109e0: 00 00 00 03 00 00 00 0e 00 00 2a 57 2f 69 32 73  ..........*W/i2s
000109f0: 40 66 66 30 38 30 30 30 30 00 00 00 00 00 00 03  @ff080000.......
00010a00: 00 00 00 0e 00 00 2a 60 2f 70 64 6d 40 66 66 30  ......*`/pdm@ff0
00010a10: 61 30 30 30 30 00 00 00 00 00 00 03 00 00 00 11  a0000...........
00010a20: 00 00 2a 64 2f 63 72 79 70 74 6f 40 66 66 30 62  ..*d/crypto@ff0b
00010a30: 30 30 30 30 00 00 00 00 00 00 00 03 00 00 00 0e  0000............
00010a40: 00 00 2a 6b 2f 72 6e 67 40 66 66 30 62 30 30 30  ..*k/rng@ff0b000
00010a50: 30 00 00 00 00 00 00 03 00 00 00 1f 00 00 2a 6f  0.............*o
00010a60: 2f 69 6e 74 65 72 72 75 70 74 2d 63 6f 6e 74 72  /interrupt-contr
00010a70: 6f 6c 6c 65 72 40 66 66 31 33 31 30 30 30 00 00  oller@ff131000..
00010a80: 00 00 00 03 00 00 00 11 00 00 19 4d 2f 73 79 73  ...........M/sys
00010a90: 63 6f 6e 40 66 66 31 34 30 30 30 30 00 00 00 00  con@ff140000....
00010aa0: 00 00 00 03 00 00 00 1c 00 00 2a 2b 2f 73 79 73  ..........*+/sys
00010ab0: 63 6f 6e 40 66 66 31 34 30 30 30 30 2f 69 6f 2d  con@ff140000/io-
00010ac0: 64 6f 6d 61 69 6e 73 00 00 00 00 03 00 00 00 16  domains.........
00010ad0: 00 00 29 e4 2f 73 79 73 63 6f 6e 40 66 66 31 34  ..)./syscon@ff14
00010ae0: 30 30 30 30 2f 6c 76 64 73 00 00 00 00 00 00 03  0000/lvds.......
00010af0: 00 00 00 2e 00 00 2a 73 2f 73 79 73 63 6f 6e 40  ......*s/syscon@
00010b00: 66 66 31 34 30 30 30 30 2f 6c 76 64 73 2f 70 6f  ff140000/lvds/po
00010b10: 72 74 73 2f 70 6f 72 74 40 30 2f 65 6e 64 70 6f  rts/port@0/endpo
00010b20: 69 6e 74 40 30 00 00 00 00 00 00 03 00 00 00 15  int@0...........
00010b30: 00 00 29 f9 2f 73 79 73 63 6f 6e 40 66 66 31 34  ..)./syscon@ff14
00010b40: 30 30 30 30 2f 72 67 62 00 00 00 00 00 00 00 03  0000/rgb........
00010b50: 00 00 00 2d 00 00 2a 80 2f 73 79 73 63 6f 6e 40  ...-..*./syscon@
00010b60: 66 66 31 34 30 30 30 30 2f 72 67 62 2f 70 6f 72  ff140000/rgb/por
00010b70: 74 73 2f 70 6f 72 74 40 30 2f 65 6e 64 70 6f 69  ts/port@0/endpoi
00010b80: 6e 74 40 30 00 00 00 00 00 00 00 03 00 00 00 11  nt@0............
00010b90: 00 00 2a 8c 2f 73 79 73 63 6f 6e 40 66 66 31 34  ..*./syscon@ff14
00010ba0: 38 30 30 30 00 00 00 00 00 00 00 03 00 00 00 16  8000............
00010bb0: 00 00 2a 3a 2f 73 79 73 63 6f 6e 40 66 66 31 34  ..*:/syscon@ff14
00010bc0: 38 30 30 30 2f 70 76 74 6d 00 00 00 00 00 00 03  8000/pvtm.......
00010bd0: 00 00 00 11 00 00 2a 95 2f 73 65 72 69 61 6c 40  ......*./serial@
00010be0: 66 66 31 35 38 30 30 30 00 00 00 00 00 00 00 03  ff158000........
00010bf0: 00 00 00 11 00 00 2a 9b 2f 73 65 72 69 61 6c 40  ......*./serial@
00010c00: 66 66 31 36 30 30 30 30 00 00 00 00 00 00 00 03  ff160000........
00010c10: 00 00 00 11 00 00 2a a1 2f 73 65 72 69 61 6c 40  ......*./serial@
00010c20: 66 66 31 36 38 30 30 30 00 00 00 00 00 00 00 03  ff168000........
00010c30: 00 00 00 11 00 00 2a a7 2f 73 65 72 69 61 6c 40  ......*./serial@
00010c40: 66 66 31 37 30 30 30 30 00 00 00 00 00 00 00 03  ff170000........
00010c50: 00 00 00 11 00 00 2a ad 2f 73 65 72 69 61 6c 40  ......*./serial@
00010c60: 66 66 31 37 38 30 30 30 00 00 00 00 00 00 00 03  ff178000........
00010c70: 00 00 00 0e 00 00 13 a7 2f 69 32 63 40 66 66 31  ......../i2c@ff1
00010c80: 38 30 30 30 30 00 00 00 00 00 00 03 00 00 00 16  80000...........
00010c90: 00 00 2a b3 2f 69 32 63 40 66 66 31 38 30 30 30  ..*./i2c@ff18000
00010ca0: 30 2f 70 6d 69 63 40 32 30 00 00 00 00 00 00 03  0/pmic@20.......
00010cb0: 00 00 00 24 00 00 2a b9 2f 69 32 63 40 66 66 31  ...$..*./i2c@ff1
00010cc0: 38 30 30 30 30 2f 70 6d 69 63 40 32 30 2f 70 69  80000/pmic@20/pi
00010cd0: 6e 63 74 72 6c 5f 72 6b 38 78 78 00 00 00 00 03  nctrl_rk8xx.....
00010ce0: 00 00 00 33 00 00 2a c7 2f 69 32 63 40 66 66 31  ...3..*./i2c@ff1
00010cf0: 38 30 30 30 30 2f 70 6d 69 63 40 32 30 2f 70 69  80000/pmic@20/pi
00010d00: 6e 63 74 72 6c 5f 72 6b 38 78 78 2f 72 6b 38 31  nctrl_rk8xx/rk81
00010d10: 37 5f 74 73 5f 67 70 69 6f 31 00 00 00 00 00 03  7_ts_gpio1......
00010d20: 00 00 00 33 00 00 2a d6 2f 69 32 63 40 66 66 31  ...3..*./i2c@ff1
00010d30: 38 30 30 30 30 2f 70 6d 69 63 40 32 30 2f 70 69  80000/pmic@20/pi
00010d40: 6e 63 74 72 6c 5f 72 6b 38 78 78 2f 72 6b 38 31  nctrl_rk8xx/rk81
00010d50: 37 5f 67 74 5f 67 70 69 6f 32 00 00 00 00 00 03  7_gt_gpio2......
00010d60: 00 00 00 31 00 00 2a e5 2f 69 32 63 40 66 66 31  ...1..*./i2c@ff1
00010d70: 38 30 30 30 30 2f 70 6d 69 63 40 32 30 2f 70 69  80000/pmic@20/pi
00010d80: 6e 63 74 72 6c 5f 72 6b 38 78 78 2f 72 6b 38 31  nctrl_rk8xx/rk81
00010d90: 37 5f 70 69 6e 5f 74 73 00 00 00 00 00 00 00 03  7_pin_ts........
00010da0: 00 00 00 31 00 00 2a f2 2f 69 32 63 40 66 66 31  ...1..*./i2c@ff1
00010db0: 38 30 30 30 30 2f 70 6d 69 63 40 32 30 2f 70 69  80000/pmic@20/pi
00010dc0: 6e 63 74 72 6c 5f 72 6b 38 78 78 2f 72 6b 38 31  nctrl_rk8xx/rk81
00010dd0: 37 5f 70 69 6e 5f 67 74 00 00 00 00 00 00 00 03  7_pin_gt........
00010de0: 00 00 00 36 00 00 2a ff 2f 69 32 63 40 66 66 31  ...6..*./i2c@ff1
00010df0: 38 30 30 30 30 2f 70 6d 69 63 40 32 30 2f 70 69  80000/pmic@20/pi
00010e00: 6e 63 74 72 6c 5f 72 6b 38 78 78 2f 72 6b 38 31  nctrl_rk8xx/rk81
00010e10: 37 5f 73 6c 70 70 69 6e 5f 6e 75 6c 6c 00 00 00  7_slppin_null...
00010e20: 00 00 00 03 00 00 00 35 00 00 2b 11 2f 69 32 63  .......5..+./i2c
00010e30: 40 66 66 31 38 30 30 30 30 2f 70 6d 69 63 40 32  @ff180000/pmic@2
00010e40: 30 2f 70 69 6e 63 74 72 6c 5f 72 6b 38 78 78 2f  0/pinctrl_rk8xx/
00010e50: 72 6b 38 31 37 5f 73 6c 70 70 69 6e 5f 73 6c 70  rk817_slppin_slp
00010e60: 00 00 00 00 00 00 00 03 00 00 00 37 00 00 2b 22  ...........7..+"
00010e70: 2f 69 32 63 40 66 66 31 38 30 30 30 30 2f 70 6d  /i2c@ff180000/pm
00010e80: 69 63 40 32 30 2f 70 69 6e 63 74 72 6c 5f 72 6b  ic@20/pinctrl_rk
00010e90: 38 78 78 2f 72 6b 38 31 37 5f 73 6c 70 70 69 6e  8xx/rk817_slppin
00010ea0: 5f 70 77 72 64 6e 00 00 00 00 00 03 00 00 00 35  _pwrdn.........5
00010eb0: 00 00 2b 35 2f 69 32 63 40 66 66 31 38 30 30 30  ..+5/i2c@ff18000
00010ec0: 30 2f 70 6d 69 63 40 32 30 2f 70 69 6e 63 74 72  0/pmic@20/pinctr
00010ed0: 6c 5f 72 6b 38 78 78 2f 72 6b 38 31 37 5f 73 6c  l_rk8xx/rk817_sl
00010ee0: 70 70 69 6e 5f 72 73 74 00 00 00 00 00 00 00 03  ppin_rst........
00010ef0: 00 00 00 2b 00 00 2b 46 2f 69 32 63 40 66 66 31  ...+..+F/i2c@ff1
00010f00: 38 30 30 30 30 2f 70 6d 69 63 40 32 30 2f 72 65  80000/pmic@20/re
00010f10: 67 75 6c 61 74 6f 72 73 2f 44 43 44 43 5f 52 45  gulators/DCDC_RE
00010f20: 47 31 00 00 00 00 00 03 00 00 00 2b 00 00 2b 50  G1.........+..+P
00010f30: 2f 69 32 63 40 66 66 31 38 30 30 30 30 2f 70 6d  /i2c@ff180000/pm
00010f40: 69 63 40 32 30 2f 72 65 67 75 6c 61 74 6f 72 73  ic@20/regulators
00010f50: 2f 44 43 44 43 5f 52 45 47 32 00 00 00 00 00 03  /DCDC_REG2......
00010f60: 00 00 00 2b 00 00 2b 58 2f 69 32 63 40 66 66 31  ...+..+X/i2c@ff1
00010f70: 38 30 30 30 30 2f 70 6d 69 63 40 32 30 2f 72 65  80000/pmic@20/re
00010f80: 67 75 6c 61 74 6f 72 73 2f 44 43 44 43 5f 52 45  gulators/DCDC_RE
00010f90: 47 33 00 00 00 00 00 03 00 00 00 2b 00 00 2b 60  G3.........+..+`
00010fa0: 2f 69 32 63 40 66 66 31 38 30 30 30 30 2f 70 6d  /i2c@ff180000/pm
00010fb0: 69 63 40 32 30 2f 72 65 67 75 6c 61 74 6f 72 73  ic@20/regulators
00010fc0: 2f 44 43 44 43 5f 52 45 47 34 00 00 00 00 00 03  /DCDC_REG4......
00010fd0: 00 00 00 2a 00 00 2b 68 2f 69 32 63 40 66 66 31  ...*..+h/i2c@ff1
00010fe0: 38 30 30 30 30 2f 70 6d 69 63 40 32 30 2f 72 65  80000/pmic@20/re
00010ff0: 67 75 6c 61 74 6f 72 73 2f 4c 44 4f 5f 52 45 47  gulators/LDO_REG
00011000: 31 00 00 00 00 00 00 03 00 00 00 2a 00 00 2b 70  1..........*..+p
00011010: 2f 69 32 63 40 66 66 31 38 30 30 30 30 2f 70 6d  /i2c@ff180000/pm
00011020: 69 63 40 32 30 2f 72 65 67 75 6c 61 74 6f 72 73  ic@20/regulators
00011030: 2f 4c 44 4f 5f 52 45 47 32 00 00 00 00 00 00 03  /LDO_REG2.......
00011040: 00 00 00 2a 00 00 2b 7b 2f 69 32 63 40 66 66 31  ...*..+{/i2c@ff1
00011050: 38 30 30 30 30 2f 70 6d 69 63 40 32 30 2f 72 65  80000/pmic@20/re
00011060: 67 75 6c 61 74 6f 72 73 2f 4c 44 4f 5f 52 45 47  gulators/LDO_REG
00011070: 33 00 00 00 00 00 00 03 00 00 00 2a 00 00 2b 86  3..........*..+.
00011080: 2f 69 32 63 40 66 66 31 38 30 30 30 30 2f 70 6d  /i2c@ff180000/pm
00011090: 69 63 40 32 30 2f 72 65 67 75 6c 61 74 6f 72 73  ic@20/regulators
000110a0: 2f 4c 44 4f 5f 52 45 47 34 00 00 00 00 00 00 03  /LDO_REG4.......
000110b0: 00 00 00 2a 00 00 2b 91 2f 69 32 63 40 66 66 31  ...*..+./i2c@ff1
000110c0: 38 30 30 30 30 2f 70 6d 69 63 40 32 30 2f 72 65  80000/pmic@20/re
000110d0: 67 75 6c 61 74 6f 72 73 2f 4c 44 4f 5f 52 45 47  gulators/LDO_REG
000110e0: 35 00 00 00 00 00 00 03 00 00 00 2a 00 00 2b 9a  5..........*..+.
000110f0: 2f 69 32 63 40 66 66 31 38 30 30 30 30 2f 70 6d  /i2c@ff180000/pm
00011100: 69 63 40 32 30 2f 72 65 67 75 6c 61 74 6f 72 73  ic@20/regulators
00011110: 2f 4c 44 4f 5f 52 45 47 36 00 00 00 00 00 00 03  /LDO_REG6.......
00011120: 00 00 00 2a 00 00 2b a1 2f 69 32 63 40 66 66 31  ...*..+./i2c@ff1
00011130: 38 30 30 30 30 2f 70 6d 69 63 40 32 30 2f 72 65  80000/pmic@20/re
00011140: 67 75 6c 61 74 6f 72 73 2f 4c 44 4f 5f 52 45 47  gulators/LDO_REG
00011150: 37 00 00 00 00 00 00 03 00 00 00 2a 00 00 2b ac  7..........*..+.
00011160: 2f 69 32 63 40 66 66 31 38 30 30 30 30 2f 70 6d  /i2c@ff180000/pm
00011170: 69 63 40 32 30 2f 72 65 67 75 6c 61 74 6f 72 73  ic@20/regulators
00011180: 2f 4c 44 4f 5f 52 45 47 38 00 00 00 00 00 00 03  /LDO_REG8.......
00011190: 00 00 00 2a 00 00 2b b4 2f 69 32 63 40 66 66 31  ...*..+./i2c@ff1
000111a0: 38 30 30 30 30 2f 70 6d 69 63 40 32 30 2f 72 65  80000/pmic@20/re
000111b0: 67 75 6c 61 74 6f 72 73 2f 4c 44 4f 5f 52 45 47  gulators/LDO_REG
000111c0: 39 00 00 00 00 00 00 03 00 00 00 27 00 00 1e 8e  9..........'....
000111d0: 2f 69 32 63 40 66 66 31 38 30 30 30 30 2f 70 6d  /i2c@ff180000/pm
000111e0: 69 63 40 32 30 2f 72 65 67 75 6c 61 74 6f 72 73  ic@20/regulators
000111f0: 2f 42 4f 4f 53 54 00 00 00 00 00 03 00 00 00 1c  /BOOST..........
00011200: 00 00 2b bf 2f 69 32 63 40 66 66 31 38 30 30 30  ..+./i2c@ff18000
00011210: 30 2f 70 6d 69 63 40 32 30 2f 63 6f 64 65 63 00  0/pmic@20/codec.
00011220: 00 00 00 03 00 00 00 0e 00 00 13 ac 2f 69 32 63  ............/i2c
00011230: 40 66 66 31 39 30 30 30 30 00 00 00 00 00 00 03  @ff190000.......
00011240: 00 00 00 0e 00 00 13 b1 2f 69 32 63 40 66 66 31  ......../i2c@ff1
00011250: 61 30 30 30 30 00 00 00 00 00 00 03 00 00 00 0e  a0000...........
00011260: 00 00 13 b6 2f 69 32 63 40 66 66 31 62 30 30 30  ..../i2c@ff1b000
00011270: 30 00 00 00 00 00 00 03 00 00 00 0e 00 00 13 eb  0...............
00011280: 2f 73 70 69 40 66 66 31 64 30 30 30 30 00 00 00  /spi@ff1d0000...
00011290: 00 00 00 03 00 00 00 0e 00 00 13 f0 2f 73 70 69  ............/spi
000112a0: 40 66 66 31 64 38 30 30 30 00 00 00 00 00 00 03  @ff1d8000.......
000112b0: 00 00 00 13 00 00 2b cb 2f 77 61 74 63 68 64 6f  ......+./watchdo
000112c0: 67 40 66 66 31 65 30 30 30 30 00 00 00 00 00 03  g@ff1e0000......
000112d0: 00 00 00 0e 00 00 2b cf 2f 70 77 6d 40 66 66 32  ......+./pwm@ff2
000112e0: 30 30 30 30 30 00 00 00 00 00 00 03 00 00 00 0e  00000...........
000112f0: 00 00 2b d4 2f 70 77 6d 40 66 66 32 30 30 30 31  ..+./pwm@ff20001
00011300: 30 00 00 00 00 00 00 03 00 00 00 0e 00 00 2b d9  0.............+.
00011310: 2f 70 77 6d 40 66 66 32 30 30 30 32 30 00 00 00  /pwm@ff200020...
00011320: 00 00 00 03 00 00 00 0e 00 00 2b de 2f 70 77 6d  ..........+./pwm
00011330: 40 66 66 32 30 30 30 33 30 00 00 00 00 00 00 03  @ff200030.......
00011340: 00 00 00 0e 00 00 2b e3 2f 70 77 6d 40 66 66 32  ......+./pwm@ff2
00011350: 30 38 30 30 30 00 00 00 00 00 00 03 00 00 00 0e  08000...........
00011360: 00 00 2b e8 2f 70 77 6d 40 66 66 32 30 38 30 31  ..+./pwm@ff20801
00011370: 30 00 00 00 00 00 00 03 00 00 00 0e 00 00 2b ed  0.............+.
00011380: 2f 70 77 6d 40 66 66 32 30 38 30 32 30 00 00 00  /pwm@ff208020...
00011390: 00 00 00 03 00 00 00 0e 00 00 2b f2 2f 70 77 6d  ..........+./pwm
000113a0: 40 66 66 32 30 38 30 33 30 00 00 00 00 00 00 03  @ff208030.......
000113b0: 00 00 00 12 00 00 2b f7 2f 72 6b 74 69 6d 65 72  ......+./rktimer
000113c0: 40 66 66 32 31 30 30 30 30 00 00 00 00 00 00 03  @ff210000.......
000113d0: 00 00 00 14 00 00 2b ff 2f 61 6d 62 61 2f 64 6d  ......+./amba/dm
000113e0: 61 63 40 66 66 32 34 30 30 30 30 00 00 00 00 03  ac@ff240000.....
000113f0: 00 00 00 0f 00 00 2c 04 2f 74 68 65 72 6d 61 6c  ......,./thermal
00011400: 2d 7a 6f 6e 65 73 00 00 00 00 00 03 00 00 00 1b  -zones..........
00011410: 00 00 2c 12 2f 74 68 65 72 6d 61 6c 2d 7a 6f 6e  ..,./thermal-zon
00011420: 65 73 2f 73 6f 63 2d 74 68 65 72 6d 61 6c 00 00  es/soc-thermal..
00011430: 00 00 00 03 00 00 00 2e 00 00 1f 53 2f 74 68 65  ...........S/the
00011440: 72 6d 61 6c 2d 7a 6f 6e 65 73 2f 73 6f 63 2d 74  rmal-zones/soc-t
00011450: 68 65 72 6d 61 6c 2f 74 72 69 70 73 2f 74 72 69  hermal/trips/tri
00011460: 70 2d 70 6f 69 6e 74 2d 30 00 00 00 00 00 00 03  p-point-0.......
00011470: 00 00 00 2e 00 00 2c 1e 2f 74 68 65 72 6d 61 6c  ......,./thermal
00011480: 2d 7a 6f 6e 65 73 2f 73 6f 63 2d 74 68 65 72 6d  -zones/soc-therm
00011490: 61 6c 2f 74 72 69 70 73 2f 74 72 69 70 2d 70 6f  al/trips/trip-po
000114a0: 69 6e 74 2d 31 00 00 00 00 00 00 03 00 00 00 2a  int-1..........*
000114b0: 00 00 2c 25 2f 74 68 65 72 6d 61 6c 2d 7a 6f 6e  ..,%/thermal-zon
000114c0: 65 73 2f 73 6f 63 2d 74 68 65 72 6d 61 6c 2f 74  es/soc-thermal/t
000114d0: 72 69 70 73 2f 73 6f 63 2d 63 72 69 74 00 00 00  rips/soc-crit...
000114e0: 00 00 00 03 00 00 00 1b 00 00 2c 2e 2f 74 68 65  ..........,./the
000114f0: 72 6d 61 6c 2d 7a 6f 6e 65 73 2f 67 70 75 2d 74  rmal-zones/gpu-t
00011500: 68 65 72 6d 61 6c 00 00 00 00 00 03 00 00 00 10  hermal..........
00011510: 00 00 2c 3a 2f 74 73 61 64 63 40 66 66 32 38 30  ..,:/tsadc@ff280
00011520: 30 30 30 00 00 00 00 03 00 00 00 11 00 00 2c 40  000...........,@
00011530: 2f 73 61 72 61 64 63 40 66 66 32 38 38 30 30 30  /saradc@ff288000
00011540: 00 00 00 00 00 00 00 03 00 00 00 0e 00 00 2c 47  ..............,G
00011550: 2f 6f 74 70 40 66 66 32 39 30 30 30 30 00 00 00  /otp@ff290000...
00011560: 00 00 00 03 00 00 00 13 00 00 2c 4b 2f 6f 74 70  ..........,K/otp
00011570: 40 66 66 32 39 30 30 30 30 2f 69 64 40 37 00 00  @ff290000/id@7..
00011580: 00 00 00 03 00 00 00 1d 00 00 2c 52 2f 6f 74 70  ..........,R/otp
00011590: 40 66 66 32 39 30 30 30 30 2f 63 70 75 2d 6c 65  @ff290000/cpu-le
000115a0: 61 6b 61 67 65 40 31 37 00 00 00 00 00 00 00 03  akage@17........
000115b0: 00 00 00 1d 00 00 2c 5e 2f 6f 74 70 40 66 66 32  ......,^/otp@ff2
000115c0: 39 30 30 30 30 2f 70 65 72 66 6f 72 6d 61 6e 63  90000/performanc
000115d0: 65 40 31 65 00 00 00 00 00 00 00 03 00 00 00 1b  e@1e............
000115e0: 00 00 19 40 2f 63 6c 6f 63 6b 2d 63 6f 6e 74 72  ...@/clock-contr
000115f0: 6f 6c 6c 65 72 40 66 66 32 62 30 30 30 30 00 00  oller@ff2b0000..
00011600: 00 00 00 03 00 00 00 14 00 00 2c 6a 2f 63 70 75  ..........,j/cpu
00011610: 2d 62 6f 6f 73 74 40 66 66 32 62 38 30 30 30 00  -boost@ff2b8000.
00011620: 00 00 00 03 00 00 00 1f 00 00 2c 74 2f 70 6d 75  ..........,t/pmu
00011630: 2d 63 6c 6f 63 6b 2d 63 6f 6e 74 72 6f 6c 6c 65  -clock-controlle
00011640: 72 40 66 66 32 62 63 30 30 30 00 00 00 00 00 03  r@ff2bc000......
00011650: 00 00 00 11 00 00 2c 7b 2f 73 79 73 63 6f 6e 40  ......,{/syscon@
00011660: 66 66 32 63 30 30 30 30 00 00 00 00 00 00 00 03  ff2c0000........
00011670: 00 00 00 1e 00 00 2c 87 2f 73 79 73 63 6f 6e 40  ......,./syscon@
00011680: 66 66 32 63 30 30 30 30 2f 75 73 62 32 2d 70 68  ff2c0000/usb2-ph
00011690: 79 40 31 30 30 00 00 00 00 00 00 03 00 00 00 28  y@100..........(
000116a0: 00 00 2c 8d 2f 73 79 73 63 6f 6e 40 66 66 32 63  ..,./syscon@ff2c
000116b0: 30 30 30 30 2f 75 73 62 32 2d 70 68 79 40 31 30  0000/usb2-phy@10
000116c0: 30 2f 68 6f 73 74 2d 70 6f 72 74 00 00 00 00 03  0/host-port.....
000116d0: 00 00 00 27 00 00 2c 98 2f 73 79 73 63 6f 6e 40  ...'..,./syscon@
000116e0: 66 66 32 63 30 30 30 30 2f 75 73 62 32 2d 70 68  ff2c0000/usb2-ph
000116f0: 79 40 31 30 30 2f 6f 74 67 2d 70 6f 72 74 00 00  y@100/otg-port..
00011700: 00 00 00 03 00 00 00 14 00 00 2c a2 2f 76 69 64  ..........,./vid
00011710: 65 6f 2d 70 68 79 40 66 66 32 65 30 30 30 30 00  eo-phy@ff2e0000.
00011720: 00 00 00 03 00 00 00 18 00 00 2c ac 2f 6d 69 70  ..........,./mip
00011730: 69 2d 64 70 68 79 2d 72 78 30 40 66 66 32 66 30  i-dphy-rx0@ff2f0
00011740: 30 30 30 00 00 00 00 03 00 00 00 0e 00 00 2c ba  000...........,.
00011750: 2f 75 73 62 40 66 66 33 30 30 30 30 30 00 00 00  /usb@ff300000...
00011760: 00 00 00 03 00 00 00 0e 00 00 2c c4 2f 75 73 62  ..........,./usb
00011770: 40 66 66 33 34 30 30 30 30 00 00 00 00 00 00 03  @ff340000.......
00011780: 00 00 00 0e 00 00 2c d3 2f 75 73 62 40 66 66 33  ......,./usb@ff3
00011790: 35 30 30 30 30 00 00 00 00 00 00 03 00 00 00 13  50000...........
000117a0: 00 00 2c e2 2f 65 74 68 65 72 6e 65 74 40 66 66  ..,./ethernet@ff
000117b0: 33 36 30 30 30 30 00 00 00 00 00 03 00 00 00 10  360000..........
000117c0: 00 00 2c e7 2f 64 77 6d 6d 63 40 66 66 33 37 30  ..,./dwmmc@ff370
000117d0: 30 30 30 00 00 00 00 03 00 00 00 10 00 00 2c ed  000...........,.
000117e0: 2f 64 77 6d 6d 63 40 66 66 33 38 30 30 30 30 00  /dwmmc@ff380000.
000117f0: 00 00 00 03 00 00 00 10 00 00 2c f2 2f 64 77 6d  ..........,./dwm
00011800: 6d 63 40 66 66 33 39 30 30 30 30 00 00 00 00 03  mc@ff390000.....
00011810: 00 00 00 10 00 00 2c f7 2f 6e 61 6e 64 63 40 66  ......,./nandc@f
00011820: 66 33 62 30 30 30 30 00 00 00 00 03 00 00 00 0e  f3b0000.........
00011830: 00 00 2c fe 2f 73 66 63 40 66 66 33 61 30 30 30  ..,./sfc@ff3a000
00011840: 30 00 00 00 00 00 00 03 00 00 00 0e 00 00 2d 02  0.............-.
00011850: 2f 67 70 75 40 66 66 34 30 30 30 30 30 00 00 00  /gpu@ff400000...
00011860: 00 00 00 03 00 00 00 0f 00 00 2d 06 2f 67 70 75  ..........-./gpu
00011870: 2d 6f 70 70 2d 74 61 62 6c 65 00 00 00 00 00 03  -opp-table......
00011880: 00 00 00 17 00 00 2d 14 2f 68 65 76 63 5f 73 65  ......-./hevc_se
00011890: 72 76 69 63 65 40 66 66 34 34 30 30 30 30 00 00  rvice@ff440000..
000118a0: 00 00 00 03 00 00 00 16 00 00 2d 19 2f 76 70 75  ..........-./vpu
000118b0: 5f 73 65 72 76 69 63 65 40 66 66 34 34 32 30 30  _service@ff44200
000118c0: 30 00 00 00 00 00 00 03 00 00 00 0b 00 00 2d 1d  0.............-.
000118d0: 2f 76 70 75 5f 63 6f 6d 62 6f 00 00 00 00 00 03  /vpu_combo......
000118e0: 00 00 00 10 00 00 2d 27 2f 69 6f 6d 6d 75 40 66  ......-'/iommu@f
000118f0: 66 34 34 30 34 34 30 00 00 00 00 03 00 00 00 10  f440440.........
00011900: 00 00 2d 30 2f 69 6f 6d 6d 75 40 66 66 34 34 32  ..-0/iommu@ff442
00011910: 38 30 30 00 00 00 00 03 00 00 00 0e 00 00 29 ef  800...........).
00011920: 2f 64 73 69 40 66 66 34 35 30 30 30 30 00 00 00  /dsi@ff450000...
00011930: 00 00 00 03 00 00 00 26 00 00 2d 38 2f 64 73 69  .......&..-8/dsi
00011940: 40 66 66 34 35 30 30 30 30 2f 70 6f 72 74 73 2f  @ff450000/ports/
00011950: 70 6f 72 74 40 30 2f 65 6e 64 70 6f 69 6e 74 40  port@0/endpoint@
00011960: 30 00 00 00 00 00 00 03 00 00 00 2d 00 00 2d 44  0..........-..-D
00011970: 2f 64 73 69 40 66 66 34 35 30 30 30 30 2f 70 61  /dsi@ff450000/pa
00011980: 6e 65 6c 40 30 2f 64 69 73 70 6c 61 79 2d 74 69  nel@0/display-ti
00011990: 6d 69 6e 67 73 2f 61 64 6a 75 73 74 00 00 00 00  mings/adjust....
000119a0: 00 00 00 03 00 00 00 2d 00 00 2d 4c 2f 64 73 69  .......-..-L/dsi
000119b0: 40 66 66 34 35 30 30 30 30 2f 70 61 6e 65 6c 40  @ff450000/panel@
000119c0: 30 2f 64 69 73 70 6c 61 79 2d 74 69 6d 69 6e 67  0/display-timing
000119d0: 73 2f 6f 72 69 67 69 6e 00 00 00 00 00 00 00 03  s/origin........
000119e0: 00 00 00 0e 00 00 2a 7b 2f 76 6f 70 40 66 66 34  ......*{/vop@ff4
000119f0: 36 30 30 30 30 00 00 00 00 00 00 03 00 00 00 13  60000...........
00011a00: 00 00 2d 54 2f 76 6f 70 40 66 66 34 36 30 30 30  ..-T/vop@ff46000
00011a10: 30 2f 70 6f 72 74 00 00 00 00 00 03 00 00 00 1e  0/port..........
00011a20: 00 00 2d 5d 2f 76 6f 70 40 66 66 34 36 30 30 30  ..-]/vop@ff46000
00011a30: 30 2f 70 6f 72 74 2f 65 6e 64 70 6f 69 6e 74 40  0/port/endpoint@
00011a40: 30 00 00 00 00 00 00 03 00 00 00 1e 00 00 2d 6b  0.............-k
00011a50: 2f 76 6f 70 40 66 66 34 36 30 30 30 30 2f 70 6f  /vop@ff460000/po
00011a60: 72 74 2f 65 6e 64 70 6f 69 6e 74 40 31 00 00 00  rt/endpoint@1...
00011a70: 00 00 00 03 00 00 00 1e 00 00 2d 78 2f 76 6f 70  ..........-x/vop
00011a80: 40 66 66 34 36 30 30 30 30 2f 70 6f 72 74 2f 65  @ff460000/port/e
00011a90: 6e 64 70 6f 69 6e 74 40 32 00 00 00 00 00 00 03  ndpoint@2.......
00011aa0: 00 00 00 10 00 00 2d 85 2f 69 6f 6d 6d 75 40 66  ......-./iommu@f
00011ab0: 66 34 36 30 66 30 30 00 00 00 00 03 00 00 00 11  f460f00.........
00011ac0: 00 00 2d 8e 2f 72 6b 5f 72 67 61 40 66 66 34 38  ..-./rk_rga@ff48
00011ad0: 30 30 30 30 00 00 00 00 00 00 00 03 00 00 00 0e  0000............
00011ae0: 00 00 2d 95 2f 63 69 66 40 66 66 34 39 30 30 30  ..-./cif@ff49000
00011af0: 30 00 00 00 00 00 00 03 00 00 00 12 00 00 2d 99  0.............-.
00011b00: 2f 63 69 66 2d 6e 65 77 40 66 66 34 39 30 30 30  /cif-new@ff49000
00011b10: 30 00 00 00 00 00 00 03 00 00 00 10 00 00 2d a1  0.............-.
00011b20: 2f 69 6f 6d 6d 75 40 66 66 34 39 30 38 30 30 00  /iommu@ff490800.
00011b30: 00 00 00 03 00 00 00 11 00 00 2d a9 2f 72 6b 5f  ..........-./rk_
00011b40: 69 73 70 40 66 66 34 61 30 30 30 30 00 00 00 00  isp@ff4a0000....
00011b50: 00 00 00 03 00 00 00 11 00 00 2d b0 2f 72 6b 69  ..........-./rki
00011b60: 73 70 31 40 66 66 34 61 30 30 30 30 00 00 00 00  sp1@ff4a0000....
00011b70: 00 00 00 03 00 00 00 10 00 00 2d b7 2f 69 6f 6d  ..........-./iom
00011b80: 6d 75 40 66 66 34 61 38 30 30 30 00 00 00 00 03  mu@ff4a8000.....
00011b90: 00 00 00 0e 00 00 2d bf 2f 71 6f 73 40 66 66 35  ......-./qos@ff5
00011ba0: 31 38 30 30 30 00 00 00 00 00 00 03 00 00 00 0e  18000...........
00011bb0: 00 00 2d c8 2f 71 6f 73 40 66 66 35 32 30 30 30  ..-./qos@ff52000
00011bc0: 30 00 00 00 00 00 00 03 00 00 00 0e 00 00 2d d0  0.............-.
00011bd0: 2f 71 6f 73 40 66 66 35 32 63 30 30 30 00 00 00  /qos@ff52c000...
00011be0: 00 00 00 03 00 00 00 0e 00 00 2d da 2f 71 6f 73  ..........-./qos
00011bf0: 40 66 66 35 33 38 30 30 30 00 00 00 00 00 00 03  @ff538000.......
00011c00: 00 00 00 0e 00 00 2d e3 2f 71 6f 73 40 66 66 35  ......-./qos@ff5
00011c10: 33 38 30 38 30 00 00 00 00 00 00 03 00 00 00 0e  38080...........
00011c20: 00 00 2d ec 2f 71 6f 73 40 66 66 35 33 38 31 30  ..-./qos@ff53810
00011c30: 30 00 00 00 00 00 00 03 00 00 00 0e 00 00 2d f5  0.............-.
00011c40: 2f 71 6f 73 40 66 66 35 33 38 31 38 30 00 00 00  /qos@ff538180...
00011c50: 00 00 00 03 00 00 00 0e 00 00 2d fd 2f 71 6f 73  ..........-./qos
00011c60: 40 66 66 35 34 30 30 30 30 00 00 00 00 00 00 03  @ff540000.......
00011c70: 00 00 00 0e 00 00 2e 0a 2f 71 6f 73 40 66 66 35  ......../qos@ff5
00011c80: 34 30 30 38 30 00 00 00 00 00 00 03 00 00 00 0e  40080...........
00011c90: 00 00 2e 16 2f 71 6f 73 40 66 66 35 34 38 30 30  ..../qos@ff54800
00011ca0: 30 00 00 00 00 00 00 03 00 00 00 0e 00 00 2e 22  0.............."
00011cb0: 2f 71 6f 73 40 66 66 35 34 38 30 38 30 00 00 00  /qos@ff548080...
00011cc0: 00 00 00 03 00 00 00 0e 00 00 2e 2d 2f 71 6f 73  ...........-/qos
00011cd0: 40 66 66 35 34 38 31 30 30 00 00 00 00 00 00 03  @ff548100.......
00011ce0: 00 00 00 0e 00 00 2e 38 2f 71 6f 73 40 66 66 35  .......8/qos@ff5
00011cf0: 34 38 31 38 30 00 00 00 00 00 00 03 00 00 00 0e  48180...........
00011d00: 00 00 2e 43 2f 71 6f 73 40 66 66 35 34 38 32 30  ...C/qos@ff54820
00011d10: 30 00 00 00 00 00 00 03 00 00 00 0e 00 00 2e 4b  0..............K
00011d20: 2f 71 6f 73 40 66 66 35 35 30 30 30 30 00 00 00  /qos@ff550000...
00011d30: 00 00 00 03 00 00 00 0e 00 00 2e 56 2f 71 6f 73  ...........V/qos
00011d40: 40 66 66 35 35 30 30 38 30 00 00 00 00 00 00 03  @ff550080.......
00011d50: 00 00 00 0e 00 00 2e 61 2f 71 6f 73 40 66 66 35  .......a/qos@ff5
00011d60: 35 30 31 30 30 00 00 00 00 00 00 03 00 00 00 0e  50100...........
00011d70: 00 00 2e 6c 2f 71 6f 73 40 66 66 35 35 30 31 38  ...l/qos@ff55018
00011d80: 30 00 00 00 00 00 00 03 00 00 00 0e 00 00 2e 77  0..............w
00011d90: 2f 71 6f 73 40 66 66 35 35 38 30 30 30 00 00 00  /qos@ff558000...
00011da0: 00 00 00 03 00 00 00 0e 00 00 2e 7f 2f 71 6f 73  ............/qos
00011db0: 40 66 66 35 35 38 30 38 30 00 00 00 00 00 00 03  @ff558080.......
00011dc0: 00 00 00 0e 00 00 2e 8c 2f 64 66 69 40 66 66 36  ......../dfi@ff6
00011dd0: 31 30 30 30 30 00 00 00 00 00 00 03 00 00 00 05  10000...........
00011de0: 00 00 2e 90 2f 64 6d 63 00 00 00 00 00 00 00 03  ..../dmc........
00011df0: 00 00 00 15 00 00 2e 94 2f 64 6d 63 2f 64 64 72  ......../dmc/ddr
00011e00: 5f 70 6f 77 65 72 5f 6d 6f 64 65 6c 00 00 00 00  _power_model....
00011e10: 00 00 00 03 00 00 00 0f 00 00 2e a4 2f 64 6d 63  ............/dmc
00011e20: 2d 6f 70 70 2d 74 61 62 6c 65 00 00 00 00 00 03  -opp-table......
00011e30: 00 00 00 19 00 00 2e b2 2f 72 6f 63 6b 63 68 69  ......../rockchi
00011e40: 70 2d 73 79 73 74 65 6d 2d 6d 6f 6e 69 74 6f 72  p-system-monitor
00011e50: 00 00 00 00 00 00 00 03 00 00 00 09 00 00 2e ca  ................
00011e60: 2f 70 69 6e 63 74 72 6c 00 00 00 00 00 00 00 03  /pinctrl........
00011e70: 00 00 00 18 00 00 2e d2 2f 70 69 6e 63 74 72 6c  ......../pinctrl
00011e80: 2f 67 70 69 6f 30 40 66 66 30 34 30 30 30 30 00  /gpio0@ff040000.
00011e90: 00 00 00 03 00 00 00 18 00 00 2a d0 2f 70 69 6e  ..........*./pin
00011ea0: 63 74 72 6c 2f 67 70 69 6f 31 40 66 66 32 35 30  ctrl/gpio1@ff250
00011eb0: 30 30 30 00 00 00 00 03 00 00 00 18 00 00 2a df  000...........*.
00011ec0: 2f 70 69 6e 63 74 72 6c 2f 67 70 69 6f 32 40 66  /pinctrl/gpio2@f
00011ed0: 66 32 36 30 30 30 30 00 00 00 00 03 00 00 00 18  f260000.........
00011ee0: 00 00 2e d8 2f 70 69 6e 63 74 72 6c 2f 67 70 69  ..../pinctrl/gpi
00011ef0: 6f 33 40 66 66 32 37 30 30 30 30 00 00 00 00 03  o3@ff270000.....
00011f00: 00 00 00 16 00 00 2e de 2f 70 69 6e 63 74 72 6c  ......../pinctrl
00011f10: 2f 70 63 66 67 2d 70 75 6c 6c 2d 75 70 00 00 00  /pcfg-pull-up...
00011f20: 00 00 00 03 00 00 00 18 00 00 2e eb 2f 70 69 6e  ............/pin
00011f30: 63 74 72 6c 2f 70 63 66 67 2d 70 75 6c 6c 2d 64  ctrl/pcfg-pull-d
00011f40: 6f 77 6e 00 00 00 00 03 00 00 00 18 00 00 2e fa  own.............
00011f50: 2f 70 69 6e 63 74 72 6c 2f 70 63 66 67 2d 70 75  /pinctrl/pcfg-pu
00011f60: 6c 6c 2d 6e 6f 6e 65 00 00 00 00 03 00 00 00 1c  ll-none.........
00011f70: 00 00 2f 09 2f 70 69 6e 63 74 72 6c 2f 70 63 66  .././pinctrl/pcf
00011f80: 67 2d 70 75 6c 6c 2d 6e 6f 6e 65 2d 32 6d 61 00  g-pull-none-2ma.
00011f90: 00 00 00 03 00 00 00 1a 00 00 2f 1c 2f 70 69 6e  .........././pin
00011fa0: 63 74 72 6c 2f 70 63 66 67 2d 70 75 6c 6c 2d 75  ctrl/pcfg-pull-u
00011fb0: 70 2d 32 6d 61 00 00 00 00 00 00 03 00 00 00 1a  p-2ma...........
00011fc0: 00 00 2f 2d 2f 70 69 6e 63 74 72 6c 2f 70 63 66  ../-/pinctrl/pcf
00011fd0: 67 2d 70 75 6c 6c 2d 75 70 2d 34 6d 61 00 00 00  g-pull-up-4ma...
00011fe0: 00 00 00 03 00 00 00 1c 00 00 2f 3e 2f 70 69 6e  ........../>/pin
00011ff0: 63 74 72 6c 2f 70 63 66 67 2d 70 75 6c 6c 2d 6e  ctrl/pcfg-pull-n
00012000: 6f 6e 65 2d 34 6d 61 00 00 00 00 03 00 00 00 1c  one-4ma.........
00012010: 00 00 2f 51 2f 70 69 6e 63 74 72 6c 2f 70 63 66  ../Q/pinctrl/pcf
00012020: 67 2d 70 75 6c 6c 2d 64 6f 77 6e 2d 34 6d 61 00  g-pull-down-4ma.
00012030: 00 00 00 03 00 00 00 1c 00 00 2f 64 2f 70 69 6e  ........../d/pin
00012040: 63 74 72 6c 2f 70 63 66 67 2d 70 75 6c 6c 2d 6e  ctrl/pcfg-pull-n
00012050: 6f 6e 65 2d 38 6d 61 00 00 00 00 03 00 00 00 1a  one-8ma.........
00012060: 00 00 2f 77 2f 70 69 6e 63 74 72 6c 2f 70 63 66  ../w/pinctrl/pcf
00012070: 67 2d 70 75 6c 6c 2d 75 70 2d 38 6d 61 00 00 00  g-pull-up-8ma...
00012080: 00 00 00 03 00 00 00 1d 00 00 2f 88 2f 70 69 6e  .........././pin
00012090: 63 74 72 6c 2f 70 63 66 67 2d 70 75 6c 6c 2d 6e  ctrl/pcfg-pull-n
000120a0: 6f 6e 65 2d 31 32 6d 61 00 00 00 00 00 00 00 03  one-12ma........
000120b0: 00 00 00 1b 00 00 2f 9c 2f 70 69 6e 63 74 72 6c  .....././pinctrl
000120c0: 2f 70 63 66 67 2d 70 75 6c 6c 2d 75 70 2d 31 32  /pcfg-pull-up-12
000120d0: 6d 61 00 00 00 00 00 03 00 00 00 1c 00 00 2f ae  ma............/.
000120e0: 2f 70 69 6e 63 74 72 6c 2f 70 63 66 67 2d 70 75  /pinctrl/pcfg-pu
000120f0: 6c 6c 2d 6e 6f 6e 65 2d 73 6d 74 00 00 00 00 03  ll-none-smt.....
00012100: 00 00 00 1a 00 00 2f c1 2f 70 69 6e 63 74 72 6c  .....././pinctrl
00012110: 2f 70 63 66 67 2d 6f 75 74 70 75 74 2d 68 69 67  /pcfg-output-hig
00012120: 68 00 00 00 00 00 00 03 00 00 00 19 00 00 2f d2  h............./.
00012130: 2f 70 69 6e 63 74 72 6c 2f 70 63 66 67 2d 6f 75  /pinctrl/pcfg-ou
00012140: 74 70 75 74 2d 6c 6f 77 00 00 00 00 00 00 00 03  tput-low........
00012150: 00 00 00 19 00 00 2f e2 2f 70 69 6e 63 74 72 6c  .....././pinctrl
00012160: 2f 70 63 66 67 2d 69 6e 70 75 74 2d 68 69 67 68  /pcfg-input-high
00012170: 00 00 00 00 00 00 00 03 00 00 00 14 00 00 2f f2  ............../.
00012180: 2f 70 69 6e 63 74 72 6c 2f 70 63 66 67 2d 69 6e  /pinctrl/pcfg-in
00012190: 70 75 74 00 00 00 00 03 00 00 00 18 00 00 2f fd  put.........../.
000121a0: 2f 70 69 6e 63 74 72 6c 2f 69 32 63 30 2f 69 32  /pinctrl/i2c0/i2
000121b0: 63 30 2d 78 66 65 72 00 00 00 00 03 00 00 00 18  c0-xfer.........
000121c0: 00 00 30 07 2f 70 69 6e 63 74 72 6c 2f 69 32 63  ..0./pinctrl/i2c
000121d0: 31 2f 69 32 63 31 2d 78 66 65 72 00 00 00 00 03  1/i2c1-xfer.....
000121e0: 00 00 00 18 00 00 30 11 2f 70 69 6e 63 74 72 6c  ......0./pinctrl
000121f0: 2f 69 32 63 32 2f 69 32 63 32 2d 78 66 65 72 00  /i2c2/i2c2-xfer.
00012200: 00 00 00 03 00 00 00 18 00 00 30 1b 2f 70 69 6e  ..........0./pin
00012210: 63 74 72 6c 2f 69 32 63 33 2f 69 32 63 33 2d 78  ctrl/i2c3/i2c3-x
00012220: 66 65 72 00 00 00 00 03 00 00 00 1e 00 00 30 25  fer...........0%
00012230: 2f 70 69 6e 63 74 72 6c 2f 74 73 61 64 63 2f 74  /pinctrl/tsadc/t
00012240: 73 61 64 63 2d 6f 74 70 2d 67 70 69 6f 00 00 00  sadc-otp-gpio...
00012250: 00 00 00 03 00 00 00 1d 00 00 30 34 2f 70 69 6e  ..........04/pin
00012260: 63 74 72 6c 2f 74 73 61 64 63 2f 74 73 61 64 63  ctrl/tsadc/tsadc
00012270: 2d 6f 74 70 2d 6f 75 74 00 00 00 00 00 00 00 03  -otp-out........
00012280: 00 00 00 1a 00 00 30 42 2f 70 69 6e 63 74 72 6c  ......0B/pinctrl
00012290: 2f 75 61 72 74 30 2f 75 61 72 74 30 2d 78 66 65  /uart0/uart0-xfe
000122a0: 72 00 00 00 00 00 00 03 00 00 00 19 00 00 30 4d  r.............0M
000122b0: 2f 70 69 6e 63 74 72 6c 2f 75 61 72 74 30 2f 75  /pinctrl/uart0/u
000122c0: 61 72 74 30 2d 63 74 73 00 00 00 00 00 00 00 03  art0-cts........
000122d0: 00 00 00 19 00 00 30 57 2f 70 69 6e 63 74 72 6c  ......0W/pinctrl
000122e0: 2f 75 61 72 74 30 2f 75 61 72 74 30 2d 72 74 73  /uart0/uart0-rts
000122f0: 00 00 00 00 00 00 00 03 00 00 00 1e 00 00 30 61  ..............0a
00012300: 2f 70 69 6e 63 74 72 6c 2f 75 61 72 74 30 2f 75  /pinctrl/uart0/u
00012310: 61 72 74 30 2d 72 74 73 2d 67 70 69 6f 00 00 00  art0-rts-gpio...
00012320: 00 00 00 03 00 00 00 1a 00 00 30 70 2f 70 69 6e  ..........0p/pin
00012330: 63 74 72 6c 2f 75 61 72 74 31 2f 75 61 72 74 31  ctrl/uart1/uart1
00012340: 2d 78 66 65 72 00 00 00 00 00 00 03 00 00 00 19  -xfer...........
00012350: 00 00 30 7b 2f 70 69 6e 63 74 72 6c 2f 75 61 72  ..0{/pinctrl/uar
00012360: 74 31 2f 75 61 72 74 31 2d 63 74 73 00 00 00 00  t1/uart1-cts....
00012370: 00 00 00 03 00 00 00 19 00 00 30 85 2f 70 69 6e  ..........0./pin
00012380: 63 74 72 6c 2f 75 61 72 74 31 2f 75 61 72 74 31  ctrl/uart1/uart1
00012390: 2d 72 74 73 00 00 00 00 00 00 00 03 00 00 00 1e  -rts............
000123a0: 00 00 30 8f 2f 70 69 6e 63 74 72 6c 2f 75 61 72  ..0./pinctrl/uar
000123b0: 74 31 2f 75 61 72 74 31 2d 72 74 73 2d 67 70 69  t1/uart1-rts-gpi
000123c0: 6f 00 00 00 00 00 00 03 00 00 00 1f 00 00 30 9e  o.............0.
000123d0: 2f 70 69 6e 63 74 72 6c 2f 75 61 72 74 32 2d 6d  /pinctrl/uart2-m
000123e0: 30 2f 75 61 72 74 32 6d 30 2d 78 66 65 72 00 00  0/uart2m0-xfer..
000123f0: 00 00 00 03 00 00 00 1f 00 00 30 ab 2f 70 69 6e  ..........0./pin
00012400: 63 74 72 6c 2f 75 61 72 74 32 2d 6d 31 2f 75 61  ctrl/uart2-m1/ua
00012410: 72 74 32 6d 31 2d 78 66 65 72 00 00 00 00 00 03  rt2m1-xfer......
00012420: 00 00 00 1f 00 00 30 b8 2f 70 69 6e 63 74 72 6c  ......0./pinctrl
00012430: 2f 75 61 72 74 33 2d 6d 30 2f 75 61 72 74 33 6d  /uart3-m0/uart3m
00012440: 30 2d 78 66 65 72 00 00 00 00 00 03 00 00 00 1e  0-xfer..........
00012450: 00 00 30 c5 2f 70 69 6e 63 74 72 6c 2f 75 61 72  ..0./pinctrl/uar
00012460: 74 33 2d 6d 30 2f 75 61 72 74 33 6d 30 2d 63 74  t3-m0/uart3m0-ct
00012470: 73 00 00 00 00 00 00 03 00 00 00 1e 00 00 30 d1  s.............0.
00012480: 2f 70 69 6e 63 74 72 6c 2f 75 61 72 74 33 2d 6d  /pinctrl/uart3-m
00012490: 30 2f 75 61 72 74 33 6d 30 2d 72 74 73 00 00 00  0/uart3m0-rts...
000124a0: 00 00 00 03 00 00 00 23 00 00 30 dd 2f 70 69 6e  .......#..0./pin
000124b0: 63 74 72 6c 2f 75 61 72 74 33 2d 6d 30 2f 75 61  ctrl/uart3-m0/ua
000124c0: 72 74 33 6d 30 2d 72 74 73 2d 67 70 69 6f 00 00  rt3m0-rts-gpio..
000124d0: 00 00 00 03 00 00 00 1f 00 00 30 ee 2f 70 69 6e  ..........0./pin
000124e0: 63 74 72 6c 2f 75 61 72 74 33 2d 6d 31 2f 75 61  ctrl/uart3-m1/ua
000124f0: 72 74 33 6d 31 2d 78 66 65 72 00 00 00 00 00 03  rt3m1-xfer......
00012500: 00 00 00 1e 00 00 30 fb 2f 70 69 6e 63 74 72 6c  ......0./pinctrl
00012510: 2f 75 61 72 74 33 2d 6d 31 2f 75 61 72 74 33 6d  /uart3-m1/uart3m
00012520: 31 2d 63 74 73 00 00 00 00 00 00 03 00 00 00 1e  1-cts...........
00012530: 00 00 31 07 2f 70 69 6e 63 74 72 6c 2f 75 61 72  ..1./pinctrl/uar
00012540: 74 33 2d 6d 31 2f 75 61 72 74 33 6d 31 2d 72 74  t3-m1/uart3m1-rt
00012550: 73 00 00 00 00 00 00 03 00 00 00 23 00 00 31 13  s..........#..1.
00012560: 2f 70 69 6e 63 74 72 6c 2f 75 61 72 74 33 2d 6d  /pinctrl/uart3-m
00012570: 31 2f 75 61 72 74 33 6d 31 2d 72 74 73 2d 67 70  1/uart3m1-rts-gp
00012580: 69 6f 00 00 00 00 00 03 00 00 00 1a 00 00 31 24  io............1$
00012590: 2f 70 69 6e 63 74 72 6c 2f 75 61 72 74 34 2f 75  /pinctrl/uart4/u
000125a0: 61 72 74 34 2d 78 66 65 72 00 00 00 00 00 00 03  art4-xfer.......
000125b0: 00 00 00 19 00 00 31 2f 2f 70 69 6e 63 74 72 6c  ......1//pinctrl
000125c0: 2f 75 61 72 74 34 2f 75 61 72 74 34 2d 63 74 73  /uart4/uart4-cts
000125d0: 00 00 00 00 00 00 00 03 00 00 00 19 00 00 31 39  ..............19
000125e0: 2f 70 69 6e 63 74 72 6c 2f 75 61 72 74 34 2f 75  /pinctrl/uart4/u
000125f0: 61 72 74 34 2d 72 74 73 00 00 00 00 00 00 00 03  art4-rts........
00012600: 00 00 00 1a 00 00 31 43 2f 70 69 6e 63 74 72 6c  ......1C/pinctrl
00012610: 2f 75 61 72 74 35 2f 75 61 72 74 35 2d 78 66 65  /uart5/uart5-xfe
00012620: 72 00 00 00 00 00 00 03 00 00 00 19 00 00 31 4e  r.............1N
00012630: 2f 70 69 6e 63 74 72 6c 2f 75 61 72 74 35 2f 75  /pinctrl/uart5/u
00012640: 61 72 74 35 2d 63 74 73 00 00 00 00 00 00 00 03  art5-cts........
00012650: 00 00 00 19 00 00 31 58 2f 70 69 6e 63 74 72 6c  ......1X/pinctrl
00012660: 2f 75 61 72 74 35 2f 75 61 72 74 35 2d 72 74 73  /uart5/uart5-rts
00012670: 00 00 00 00 00 00 00 03 00 00 00 17 00 00 31 62  ..............1b
00012680: 2f 70 69 6e 63 74 72 6c 2f 73 70 69 30 2f 73 70  /pinctrl/spi0/sp
00012690: 69 30 2d 63 6c 6b 00 00 00 00 00 03 00 00 00 17  i0-clk..........
000126a0: 00 00 31 6b 2f 70 69 6e 63 74 72 6c 2f 73 70 69  ..1k/pinctrl/spi
000126b0: 30 2f 73 70 69 30 2d 63 73 6e 00 00 00 00 00 03  0/spi0-csn......
000126c0: 00 00 00 18 00 00 31 74 2f 70 69 6e 63 74 72 6c  ......1t/pinctrl
000126d0: 2f 73 70 69 30 2f 73 70 69 30 2d 6d 69 73 6f 00  /spi0/spi0-miso.
000126e0: 00 00 00 03 00 00 00 18 00 00 31 7e 2f 70 69 6e  ..........1~/pin
000126f0: 63 74 72 6c 2f 73 70 69 30 2f 73 70 69 30 2d 6d  ctrl/spi0/spi0-m
00012700: 6f 73 69 00 00 00 00 03 00 00 00 1a 00 00 31 88  osi...........1.
00012710: 2f 70 69 6e 63 74 72 6c 2f 73 70 69 30 2f 73 70  /pinctrl/spi0/sp
00012720: 69 30 2d 63 6c 6b 2d 68 73 00 00 00 00 00 00 03  i0-clk-hs.......
00012730: 00 00 00 1b 00 00 31 94 2f 70 69 6e 63 74 72 6c  ......1./pinctrl
00012740: 2f 73 70 69 30 2f 73 70 69 30 2d 6d 69 73 6f 2d  /spi0/spi0-miso-
00012750: 68 73 00 00 00 00 00 03 00 00 00 1b 00 00 31 a1  hs............1.
00012760: 2f 70 69 6e 63 74 72 6c 2f 73 70 69 30 2f 73 70  /pinctrl/spi0/sp
00012770: 69 30 2d 6d 6f 73 69 2d 68 73 00 00 00 00 00 03  i0-mosi-hs......
00012780: 00 00 00 17 00 00 31 ae 2f 70 69 6e 63 74 72 6c  ......1./pinctrl
00012790: 2f 73 70 69 31 2f 73 70 69 31 2d 63 6c 6b 00 00  /spi1/spi1-clk..
000127a0: 00 00 00 03 00 00 00 18 00 00 31 b7 2f 70 69 6e  ..........1./pin
000127b0: 63 74 72 6c 2f 73 70 69 31 2f 73 70 69 31 2d 63  ctrl/spi1/spi1-c
000127c0: 73 6e 30 00 00 00 00 03 00 00 00 18 00 00 31 c1  sn0...........1.
000127d0: 2f 70 69 6e 63 74 72 6c 2f 73 70 69 31 2f 73 70  /pinctrl/spi1/sp
000127e0: 69 31 2d 63 73 6e 31 00 00 00 00 03 00 00 00 18  i1-csn1.........
000127f0: 00 00 31 cb 2f 70 69 6e 63 74 72 6c 2f 73 70 69  ..1./pinctrl/spi
00012800: 31 2f 73 70 69 31 2d 6d 69 73 6f 00 00 00 00 03  1/spi1-miso.....
00012810: 00 00 00 18 00 00 31 d5 2f 70 69 6e 63 74 72 6c  ......1./pinctrl
00012820: 2f 73 70 69 31 2f 73 70 69 31 2d 6d 6f 73 69 00  /spi1/spi1-mosi.
00012830: 00 00 00 03 00 00 00 1a 00 00 31 df 2f 70 69 6e  ..........1./pin
00012840: 63 74 72 6c 2f 73 70 69 31 2f 73 70 69 31 2d 63  ctrl/spi1/spi1-c
00012850: 6c 6b 2d 68 73 00 00 00 00 00 00 03 00 00 00 1b  lk-hs...........
00012860: 00 00 31 eb 2f 70 69 6e 63 74 72 6c 2f 73 70 69  ..1./pinctrl/spi
00012870: 31 2f 73 70 69 31 2d 6d 69 73 6f 2d 68 73 00 00  1/spi1-miso-hs..
00012880: 00 00 00 03 00 00 00 1b 00 00 31 f8 2f 70 69 6e  ..........1./pin
00012890: 63 74 72 6c 2f 73 70 69 31 2f 73 70 69 31 2d 6d  ctrl/spi1/spi1-m
000128a0: 6f 73 69 2d 68 73 00 00 00 00 00 03 00 00 00 18  osi-hs..........
000128b0: 00 00 32 05 2f 70 69 6e 63 74 72 6c 2f 70 64 6d  ..2./pinctrl/pdm
000128c0: 2f 70 64 6d 2d 63 6c 6b 30 6d 30 00 00 00 00 03  /pdm-clk0m0.....
000128d0: 00 00 00 18 00 00 32 10 2f 70 69 6e 63 74 72 6c  ......2./pinctrl
000128e0: 2f 70 64 6d 2f 70 64 6d 2d 63 6c 6b 30 6d 31 00  /pdm/pdm-clk0m1.
000128f0: 00 00 00 03 00 00 00 16 00 00 32 1b 2f 70 69 6e  ..........2./pin
00012900: 63 74 72 6c 2f 70 64 6d 2f 70 64 6d 2d 63 6c 6b  ctrl/pdm/pdm-clk
00012910: 31 00 00 00 00 00 00 03 00 00 00 18 00 00 32 24  1.............2$
00012920: 2f 70 69 6e 63 74 72 6c 2f 70 64 6d 2f 70 64 6d  /pinctrl/pdm/pdm
00012930: 2d 73 64 69 30 6d 30 00 00 00 00 03 00 00 00 18  -sdi0m0.........
00012940: 00 00 32 2f 2f 70 69 6e 63 74 72 6c 2f 70 64 6d  ..2//pinctrl/pdm
00012950: 2f 70 64 6d 2d 73 64 69 30 6d 31 00 00 00 00 03  /pdm-sdi0m1.....
00012960: 00 00 00 16 00 00 32 3a 2f 70 69 6e 63 74 72 6c  ......2:/pinctrl
00012970: 2f 70 64 6d 2f 70 64 6d 2d 73 64 69 31 00 00 00  /pdm/pdm-sdi1...
00012980: 00 00 00 03 00 00 00 16 00 00 32 43 2f 70 69 6e  ..........2C/pin
00012990: 63 74 72 6c 2f 70 64 6d 2f 70 64 6d 2d 73 64 69  ctrl/pdm/pdm-sdi
000129a0: 32 00 00 00 00 00 00 03 00 00 00 16 00 00 32 4c  2.............2L
000129b0: 2f 70 69 6e 63 74 72 6c 2f 70 64 6d 2f 70 64 6d  /pinctrl/pdm/pdm
000129c0: 2d 73 64 69 33 00 00 00 00 00 00 03 00 00 00 1e  -sdi3...........
000129d0: 00 00 32 55 2f 70 69 6e 63 74 72 6c 2f 70 64 6d  ..2U/pinctrl/pdm
000129e0: 2f 70 64 6d 2d 63 6c 6b 30 6d 30 2d 73 6c 65 65  /pdm-clk0m0-slee
000129f0: 70 00 00 00 00 00 00 03 00 00 00 1e 00 00 32 66  p.............2f
00012a00: 2f 70 69 6e 63 74 72 6c 2f 70 64 6d 2f 70 64 6d  /pinctrl/pdm/pdm
00012a10: 2d 63 6c 6b 30 6d 31 2d 73 6c 65 65 70 00 00 00  -clk0m1-sleep...
00012a20: 00 00 00 03 00 00 00 1c 00 00 32 77 2f 70 69 6e  ..........2w/pin
00012a30: 63 74 72 6c 2f 70 64 6d 2f 70 64 6d 2d 63 6c 6b  ctrl/pdm/pdm-clk
00012a40: 31 2d 73 6c 65 65 70 00 00 00 00 03 00 00 00 1e  1-sleep.........
00012a50: 00 00 32 86 2f 70 69 6e 63 74 72 6c 2f 70 64 6d  ..2./pinctrl/pdm
00012a60: 2f 70 64 6d 2d 73 64 69 30 6d 30 2d 73 6c 65 65  /pdm-sdi0m0-slee
00012a70: 70 00 00 00 00 00 00 03 00 00 00 1e 00 00 32 97  p.............2.
00012a80: 2f 70 69 6e 63 74 72 6c 2f 70 64 6d 2f 70 64 6d  /pinctrl/pdm/pdm
00012a90: 2d 73 64 69 30 6d 31 2d 73 6c 65 65 70 00 00 00  -sdi0m1-sleep...
00012aa0: 00 00 00 03 00 00 00 1c 00 00 32 a8 2f 70 69 6e  ..........2./pin
00012ab0: 63 74 72 6c 2f 70 64 6d 2f 70 64 6d 2d 73 64 69  ctrl/pdm/pdm-sdi
00012ac0: 31 2d 73 6c 65 65 70 00 00 00 00 03 00 00 00 1c  1-sleep.........
00012ad0: 00 00 32 b7 2f 70 69 6e 63 74 72 6c 2f 70 64 6d  ..2./pinctrl/pdm
00012ae0: 2f 70 64 6d 2d 73 64 69 32 2d 73 6c 65 65 70 00  /pdm-sdi2-sleep.
00012af0: 00 00 00 03 00 00 00 1c 00 00 32 c6 2f 70 69 6e  ..........2./pin
00012b00: 63 74 72 6c 2f 70 64 6d 2f 70 64 6d 2d 73 64 69  ctrl/pdm/pdm-sdi
00012b10: 33 2d 73 6c 65 65 70 00 00 00 00 03 00 00 00 1c  3-sleep.........
00012b20: 00 00 32 d5 2f 70 69 6e 63 74 72 6c 2f 69 32 73  ..2./pinctrl/i2s
00012b30: 30 2f 69 32 73 30 2d 38 63 68 2d 6d 63 6c 6b 00  0/i2s0-8ch-mclk.
00012b40: 00 00 00 03 00 00 00 1e 00 00 32 e3 2f 70 69 6e  ..........2./pin
00012b50: 63 74 72 6c 2f 69 32 73 30 2f 69 32 73 30 2d 38  ctrl/i2s0/i2s0-8
00012b60: 63 68 2d 73 63 6c 6b 74 78 00 00 00 00 00 00 03  ch-sclktx.......
00012b70: 00 00 00 1e 00 00 32 f3 2f 70 69 6e 63 74 72 6c  ......2./pinctrl
00012b80: 2f 69 32 73 30 2f 69 32 73 30 2d 38 63 68 2d 73  /i2s0/i2s0-8ch-s
00012b90: 63 6c 6b 72 78 00 00 00 00 00 00 03 00 00 00 1e  clkrx...........
00012ba0: 00 00 33 03 2f 70 69 6e 63 74 72 6c 2f 69 32 73  ..3./pinctrl/i2s
00012bb0: 30 2f 69 32 73 30 2d 38 63 68 2d 6c 72 63 6b 74  0/i2s0-8ch-lrckt
00012bc0: 78 00 00 00 00 00 00 03 00 00 00 1e 00 00 33 13  x.............3.
00012bd0: 2f 70 69 6e 63 74 72 6c 2f 69 32 73 30 2f 69 32  /pinctrl/i2s0/i2
00012be0: 73 30 2d 38 63 68 2d 6c 72 63 6b 72 78 00 00 00  s0-8ch-lrckrx...
00012bf0: 00 00 00 03 00 00 00 1c 00 00 33 23 2f 70 69 6e  ..........3#/pin
00012c00: 63 74 72 6c 2f 69 32 73 30 2f 69 32 73 30 2d 38  ctrl/i2s0/i2s0-8
00012c10: 63 68 2d 73 64 6f 30 00 00 00 00 03 00 00 00 1c  ch-sdo0.........
00012c20: 00 00 33 31 2f 70 69 6e 63 74 72 6c 2f 69 32 73  ..31/pinctrl/i2s
00012c30: 30 2f 69 32 73 30 2d 38 63 68 2d 73 64 6f 31 00  0/i2s0-8ch-sdo1.
00012c40: 00 00 00 03 00 00 00 1c 00 00 33 3f 2f 70 69 6e  ..........3?/pin
00012c50: 63 74 72 6c 2f 69 32 73 30 2f 69 32 73 30 2d 38  ctrl/i2s0/i2s0-8
00012c60: 63 68 2d 73 64 6f 32 00 00 00 00 03 00 00 00 1c  ch-sdo2.........
00012c70: 00 00 33 4d 2f 70 69 6e 63 74 72 6c 2f 69 32 73  ..3M/pinctrl/i2s
00012c80: 30 2f 69 32 73 30 2d 38 63 68 2d 73 64 6f 33 00  0/i2s0-8ch-sdo3.
00012c90: 00 00 00 03 00 00 00 1c 00 00 33 5b 2f 70 69 6e  ..........3[/pin
00012ca0: 63 74 72 6c 2f 69 32 73 30 2f 69 32 73 30 2d 38  ctrl/i2s0/i2s0-8
00012cb0: 63 68 2d 73 64 69 30 00 00 00 00 03 00 00 00 1c  ch-sdi0.........
00012cc0: 00 00 33 69 2f 70 69 6e 63 74 72 6c 2f 69 32 73  ..3i/pinctrl/i2s
00012cd0: 30 2f 69 32 73 30 2d 38 63 68 2d 73 64 69 31 00  0/i2s0-8ch-sdi1.
00012ce0: 00 00 00 03 00 00 00 1c 00 00 33 77 2f 70 69 6e  ..........3w/pin
00012cf0: 63 74 72 6c 2f 69 32 73 30 2f 69 32 73 30 2d 38  ctrl/i2s0/i2s0-8
00012d00: 63 68 2d 73 64 69 32 00 00 00 00 03 00 00 00 1c  ch-sdi2.........
00012d10: 00 00 33 85 2f 70 69 6e 63 74 72 6c 2f 69 32 73  ..3./pinctrl/i2s
00012d20: 30 2f 69 32 73 30 2d 38 63 68 2d 73 64 69 33 00  0/i2s0-8ch-sdi3.
00012d30: 00 00 00 03 00 00 00 1c 00 00 33 93 2f 70 69 6e  ..........3./pin
00012d40: 63 74 72 6c 2f 69 32 73 31 2f 69 32 73 31 2d 32  ctrl/i2s1/i2s1-2
00012d50: 63 68 2d 6d 63 6c 6b 00 00 00 00 03 00 00 00 1c  ch-mclk.........
00012d60: 00 00 33 a1 2f 70 69 6e 63 74 72 6c 2f 69 32 73  ..3./pinctrl/i2s
00012d70: 31 2f 69 32 73 31 2d 32 63 68 2d 73 63 6c 6b 00  1/i2s1-2ch-sclk.
00012d80: 00 00 00 03 00 00 00 1c 00 00 33 af 2f 70 69 6e  ..........3./pin
00012d90: 63 74 72 6c 2f 69 32 73 31 2f 69 32 73 31 2d 32  ctrl/i2s1/i2s1-2
00012da0: 63 68 2d 6c 72 63 6b 00 00 00 00 03 00 00 00 1b  ch-lrck.........
00012db0: 00 00 33 bd 2f 70 69 6e 63 74 72 6c 2f 69 32 73  ..3./pinctrl/i2s
00012dc0: 31 2f 69 32 73 31 2d 32 63 68 2d 73 64 69 00 00  1/i2s1-2ch-sdi..
00012dd0: 00 00 00 03 00 00 00 1b 00 00 33 ca 2f 70 69 6e  ..........3./pin
00012de0: 63 74 72 6c 2f 69 32 73 31 2f 69 32 73 31 2d 32  ctrl/i2s1/i2s1-2
00012df0: 63 68 2d 73 64 6f 00 00 00 00 00 03 00 00 00 1c  ch-sdo..........
00012e00: 00 00 33 d7 2f 70 69 6e 63 74 72 6c 2f 69 32 73  ..3./pinctrl/i2s
00012e10: 32 2f 69 32 73 32 2d 32 63 68 2d 6d 63 6c 6b 00  2/i2s2-2ch-mclk.
00012e20: 00 00 00 03 00 00 00 1c 00 00 33 e5 2f 70 69 6e  ..........3./pin
00012e30: 63 74 72 6c 2f 69 32 73 32 2f 69 32 73 32 2d 32  ctrl/i2s2/i2s2-2
00012e40: 63 68 2d 73 63 6c 6b 00 00 00 00 03 00 00 00 1c  ch-sclk.........
00012e50: 00 00 33 f3 2f 70 69 6e 63 74 72 6c 2f 69 32 73  ..3./pinctrl/i2s
00012e60: 32 2f 69 32 73 32 2d 32 63 68 2d 6c 72 63 6b 00  2/i2s2-2ch-lrck.
00012e70: 00 00 00 03 00 00 00 1b 00 00 34 01 2f 70 69 6e  ..........4./pin
00012e80: 63 74 72 6c 2f 69 32 73 32 2f 69 32 73 32 2d 32  ctrl/i2s2/i2s2-2
00012e90: 63 68 2d 73 64 69 00 00 00 00 00 03 00 00 00 1b  ch-sdi..........
00012ea0: 00 00 34 0e 2f 70 69 6e 63 74 72 6c 2f 69 32 73  ..4./pinctrl/i2s
00012eb0: 32 2f 69 32 73 32 2d 32 63 68 2d 73 64 6f 00 00  2/i2s2-2ch-sdo..
00012ec0: 00 00 00 03 00 00 00 19 00 00 34 1b 2f 70 69 6e  ..........4./pin
00012ed0: 63 74 72 6c 2f 73 64 6d 6d 63 2f 73 64 6d 6d 63  ctrl/sdmmc/sdmmc
00012ee0: 2d 63 6c 6b 00 00 00 00 00 00 00 03 00 00 00 19  -clk............
00012ef0: 00 00 34 25 2f 70 69 6e 63 74 72 6c 2f 73 64 6d  ..4%/pinctrl/sdm
00012f00: 6d 63 2f 73 64 6d 6d 63 2d 63 6d 64 00 00 00 00  mc/sdmmc-cmd....
00012f10: 00 00 00 03 00 00 00 19 00 00 34 2f 2f 70 69 6e  ..........4//pin
00012f20: 63 74 72 6c 2f 73 64 6d 6d 63 2f 73 64 6d 6d 63  ctrl/sdmmc/sdmmc
00012f30: 2d 64 65 74 00 00 00 00 00 00 00 03 00 00 00 1a  -det............
00012f40: 00 00 34 39 2f 70 69 6e 63 74 72 6c 2f 73 64 6d  ..49/pinctrl/sdm
00012f50: 6d 63 2f 73 64 6d 6d 63 2d 62 75 73 31 00 00 00  mc/sdmmc-bus1...
00012f60: 00 00 00 03 00 00 00 1a 00 00 34 44 2f 70 69 6e  ..........4D/pin
00012f70: 63 74 72 6c 2f 73 64 6d 6d 63 2f 73 64 6d 6d 63  ctrl/sdmmc/sdmmc
00012f80: 2d 62 75 73 34 00 00 00 00 00 00 03 00 00 00 1a  -bus4...........
00012f90: 00 00 34 4f 2f 70 69 6e 63 74 72 6c 2f 73 64 6d  ..4O/pinctrl/sdm
00012fa0: 6d 63 2f 73 64 6d 6d 63 2d 67 70 69 6f 00 00 00  mc/sdmmc-gpio...
00012fb0: 00 00 00 03 00 00 00 17 00 00 34 5a 2f 70 69 6e  ..........4Z/pin
00012fc0: 63 74 72 6c 2f 73 64 69 6f 2f 73 64 69 6f 2d 63  ctrl/sdio/sdio-c
00012fd0: 6c 6b 00 00 00 00 00 03 00 00 00 17 00 00 34 63  lk............4c
00012fe0: 2f 70 69 6e 63 74 72 6c 2f 73 64 69 6f 2f 73 64  /pinctrl/sdio/sd
00012ff0: 69 6f 2d 63 6d 64 00 00 00 00 00 03 00 00 00 18  io-cmd..........
00013000: 00 00 34 6c 2f 70 69 6e 63 74 72 6c 2f 73 64 69  ..4l/pinctrl/sdi
00013010: 6f 2f 73 64 69 6f 2d 62 75 73 34 00 00 00 00 03  o/sdio-bus4.....
00013020: 00 00 00 18 00 00 34 76 2f 70 69 6e 63 74 72 6c  ......4v/pinctrl
00013030: 2f 73 64 69 6f 2f 73 64 69 6f 2d 67 70 69 6f 00  /sdio/sdio-gpio.
00013040: 00 00 00 03 00 00 00 17 00 00 34 80 2f 70 69 6e  ..........4./pin
00013050: 63 74 72 6c 2f 65 6d 6d 63 2f 65 6d 6d 63 2d 63  ctrl/emmc/emmc-c
00013060: 6c 6b 00 00 00 00 00 03 00 00 00 17 00 00 34 89  lk............4.
00013070: 2f 70 69 6e 63 74 72 6c 2f 65 6d 6d 63 2f 65 6d  /pinctrl/emmc/em
00013080: 6d 63 2d 63 6d 64 00 00 00 00 00 03 00 00 00 19  mc-cmd..........
00013090: 00 00 34 92 2f 70 69 6e 63 74 72 6c 2f 65 6d 6d  ..4./pinctrl/emm
000130a0: 63 2f 65 6d 6d 63 2d 70 77 72 65 6e 00 00 00 00  c/emmc-pwren....
000130b0: 00 00 00 03 00 00 00 1b 00 00 34 9d 2f 70 69 6e  ..........4./pin
000130c0: 63 74 72 6c 2f 65 6d 6d 63 2f 65 6d 6d 63 2d 72  ctrl/emmc/emmc-r
000130d0: 73 74 6e 6f 75 74 00 00 00 00 00 03 00 00 00 18  stnout..........
000130e0: 00 00 34 aa 2f 70 69 6e 63 74 72 6c 2f 65 6d 6d  ..4./pinctrl/emm
000130f0: 63 2f 65 6d 6d 63 2d 62 75 73 31 00 00 00 00 03  c/emmc-bus1.....
00013100: 00 00 00 18 00 00 34 b4 2f 70 69 6e 63 74 72 6c  ......4./pinctrl
00013110: 2f 65 6d 6d 63 2f 65 6d 6d 63 2d 62 75 73 34 00  /emmc/emmc-bus4.
00013120: 00 00 00 03 00 00 00 18 00 00 34 be 2f 70 69 6e  ..........4./pin
00013130: 63 74 72 6c 2f 65 6d 6d 63 2f 65 6d 6d 63 2d 62  ctrl/emmc/emmc-b
00013140: 75 73 38 00 00 00 00 03 00 00 00 19 00 00 34 c8  us8...........4.
00013150: 2f 70 69 6e 63 74 72 6c 2f 66 6c 61 73 68 2f 66  /pinctrl/flash/f
00013160: 6c 61 73 68 2d 63 73 30 00 00 00 00 00 00 00 03  lash-cs0........
00013170: 00 00 00 19 00 00 34 d2 2f 70 69 6e 63 74 72 6c  ......4./pinctrl
00013180: 2f 66 6c 61 73 68 2f 66 6c 61 73 68 2d 72 64 79  /flash/flash-rdy
00013190: 00 00 00 00 00 00 00 03 00 00 00 19 00 00 34 dc  ..............4.
000131a0: 2f 70 69 6e 63 74 72 6c 2f 66 6c 61 73 68 2f 66  /pinctrl/flash/f
000131b0: 6c 61 73 68 2d 64 71 73 00 00 00 00 00 00 00 03  lash-dqs........
000131c0: 00 00 00 19 00 00 34 e6 2f 70 69 6e 63 74 72 6c  ......4./pinctrl
000131d0: 2f 66 6c 61 73 68 2f 66 6c 61 73 68 2d 61 6c 65  /flash/flash-ale
000131e0: 00 00 00 00 00 00 00 03 00 00 00 19 00 00 34 f0  ..............4.
000131f0: 2f 70 69 6e 63 74 72 6c 2f 66 6c 61 73 68 2f 66  /pinctrl/flash/f
00013200: 6c 61 73 68 2d 63 6c 65 00 00 00 00 00 00 00 03  lash-cle........
00013210: 00 00 00 19 00 00 34 fa 2f 70 69 6e 63 74 72 6c  ......4./pinctrl
00013220: 2f 66 6c 61 73 68 2f 66 6c 61 73 68 2d 77 72 6e  /flash/flash-wrn
00013230: 00 00 00 00 00 00 00 03 00 00 00 19 00 00 35 04  ..............5.
00013240: 2f 70 69 6e 63 74 72 6c 2f 66 6c 61 73 68 2f 66  /pinctrl/flash/f
00013250: 6c 61 73 68 2d 63 73 6c 00 00 00 00 00 00 00 03  lash-csl........
00013260: 00 00 00 19 00 00 35 0e 2f 70 69 6e 63 74 72 6c  ......5./pinctrl
00013270: 2f 66 6c 61 73 68 2f 66 6c 61 73 68 2d 72 64 6e  /flash/flash-rdn
00013280: 00 00 00 00 00 00 00 03 00 00 00 1a 00 00 35 18  ..............5.
00013290: 2f 70 69 6e 63 74 72 6c 2f 66 6c 61 73 68 2f 66  /pinctrl/flash/f
000132a0: 6c 61 73 68 2d 62 75 73 38 00 00 00 00 00 00 03  lash-bus8.......
000132b0: 00 00 00 1f 00 00 35 23 2f 70 69 6e 63 74 72 6c  ......5#/pinctrl
000132c0: 2f 6c 63 64 63 2f 6c 63 64 63 2d 6d 30 2d 72 67  /lcdc/lcdc-m0-rg
000132d0: 62 2d 70 69 6e 73 00 00 00 00 00 03 00 00 00 21  b-pins.........!
000132e0: 00 00 35 34 2f 70 69 6e 63 74 72 6c 2f 6c 63 64  ..54/pinctrl/lcd
000132f0: 63 2f 6c 63 64 63 2d 6d 30 2d 73 6c 65 65 70 2d  c/lcdc-m0-sleep-
00013300: 70 69 6e 73 00 00 00 00 00 00 00 03 00 00 00 1f  pins............
00013310: 00 00 35 47 2f 70 69 6e 63 74 72 6c 2f 6c 63 64  ..5G/pinctrl/lcd
00013320: 63 2f 6c 63 64 63 2d 6d 31 2d 72 67 62 2d 70 69  c/lcdc-m1-rgb-pi
00013330: 6e 73 00 00 00 00 00 03 00 00 00 21 00 00 35 58  ns.........!..5X
00013340: 2f 70 69 6e 63 74 72 6c 2f 6c 63 64 63 2f 6c 63  /pinctrl/lcdc/lc
00013350: 64 63 2d 6d 31 2d 73 6c 65 65 70 2d 70 69 6e 73  dc-m1-sleep-pins
00013360: 00 00 00 00 00 00 00 03 00 00 00 17 00 00 35 6b  ..............5k
00013370: 2f 70 69 6e 63 74 72 6c 2f 70 77 6d 30 2f 70 77  /pinctrl/pwm0/pw
00013380: 6d 30 2d 70 69 6e 00 00 00 00 00 03 00 00 00 17  m0-pin..........
00013390: 00 00 35 74 2f 70 69 6e 63 74 72 6c 2f 70 77 6d  ..5t/pinctrl/pwm
000133a0: 31 2f 70 77 6d 31 2d 70 69 6e 00 00 00 00 00 03  1/pwm1-pin......
000133b0: 00 00 00 17 00 00 35 7d 2f 70 69 6e 63 74 72 6c  ......5}/pinctrl
000133c0: 2f 70 77 6d 32 2f 70 77 6d 32 2d 70 69 6e 00 00  /pwm2/pwm2-pin..
000133d0: 00 00 00 03 00 00 00 17 00 00 35 86 2f 70 69 6e  ..........5./pin
000133e0: 63 74 72 6c 2f 70 77 6d 33 2f 70 77 6d 33 2d 70  ctrl/pwm3/pwm3-p
000133f0: 69 6e 00 00 00 00 00 03 00 00 00 17 00 00 35 8f  in............5.
00013400: 2f 70 69 6e 63 74 72 6c 2f 70 77 6d 34 2f 70 77  /pinctrl/pwm4/pw
00013410: 6d 34 2d 70 69 6e 00 00 00 00 00 03 00 00 00 17  m4-pin..........
00013420: 00 00 35 98 2f 70 69 6e 63 74 72 6c 2f 70 77 6d  ..5./pinctrl/pwm
00013430: 35 2f 70 77 6d 35 2d 70 69 6e 00 00 00 00 00 03  5/pwm5-pin......
00013440: 00 00 00 17 00 00 35 a1 2f 70 69 6e 63 74 72 6c  ......5./pinctrl
00013450: 2f 70 77 6d 36 2f 70 77 6d 36 2d 70 69 6e 00 00  /pwm6/pwm6-pin..
00013460: 00 00 00 03 00 00 00 17 00 00 35 aa 2f 70 69 6e  ..........5./pin
00013470: 63 74 72 6c 2f 70 77 6d 37 2f 70 77 6d 37 2d 70  ctrl/pwm7/pwm7-p
00013480: 69 6e 00 00 00 00 00 03 00 00 00 18 00 00 35 b3  in............5.
00013490: 2f 70 69 6e 63 74 72 6c 2f 67 6d 61 63 2f 72 6d  /pinctrl/gmac/rm
000134a0: 69 69 2d 70 69 6e 73 00 00 00 00 03 00 00 00 1e  ii-pins.........
000134b0: 00 00 35 bd 2f 70 69 6e 63 74 72 6c 2f 67 6d 61  ..5./pinctrl/gma
000134c0: 63 2f 6d 61 63 2d 72 65 66 63 6c 6b 2d 31 32 6d  c/mac-refclk-12m
000134d0: 61 00 00 00 00 00 00 03 00 00 00 19 00 00 35 cd  a.............5.
000134e0: 2f 70 69 6e 63 74 72 6c 2f 67 6d 61 63 2f 6d 61  /pinctrl/gmac/ma
000134f0: 63 2d 72 65 66 63 6c 6b 00 00 00 00 00 00 00 03  c-refclk........
00013500: 00 00 00 1e 00 00 35 d8 2f 70 69 6e 63 74 72 6c  ......5./pinctrl
00013510: 2f 63 69 66 2d 6d 30 2f 63 69 66 2d 63 6c 6b 6f  /cif-m0/cif-clko
00013520: 75 74 2d 6d 30 00 00 00 00 00 00 03 00 00 00 1c  ut-m0...........
00013530: 00 00 35 e6 2f 70 69 6e 63 74 72 6c 2f 63 69 66  ..5./pinctrl/cif
00013540: 2d 6d 30 2f 64 76 70 2d 64 32 64 39 2d 6d 30 00  -m0/dvp-d2d9-m0.
00013550: 00 00 00 03 00 00 00 1c 00 00 35 f2 2f 70 69 6e  ..........5./pin
00013560: 63 74 72 6c 2f 63 69 66 2d 6d 30 2f 64 76 70 2d  ctrl/cif-m0/dvp-
00013570: 64 30 64 31 2d 6d 30 00 00 00 00 03 00 00 00 1b  d0d1-m0.........
00013580: 00 00 35 fe 2f 70 69 6e 63 74 72 6c 2f 63 69 66  ..5./pinctrl/cif
00013590: 2d 6d 30 2f 64 31 30 2d 64 31 31 2d 6d 30 00 00  -m0/d10-d11-m0..
000135a0: 00 00 00 03 00 00 00 1e 00 00 36 0c 2f 70 69 6e  ..........6./pin
000135b0: 63 74 72 6c 2f 63 69 66 2d 6d 31 2f 63 69 66 2d  ctrl/cif-m1/cif-
000135c0: 63 6c 6b 6f 75 74 2d 6d 31 00 00 00 00 00 00 03  clkout-m1.......
000135d0: 00 00 00 1c 00 00 36 1a 2f 70 69 6e 63 74 72 6c  ......6./pinctrl
000135e0: 2f 63 69 66 2d 6d 31 2f 64 76 70 2d 64 32 64 39  /cif-m1/dvp-d2d9
000135f0: 2d 6d 31 00 00 00 00 03 00 00 00 1c 00 00 36 26  -m1...........6&
00013600: 2f 70 69 6e 63 74 72 6c 2f 63 69 66 2d 6d 31 2f  /pinctrl/cif-m1/
00013610: 64 76 70 2d 64 30 64 31 2d 6d 31 00 00 00 00 03  dvp-d0d1-m1.....
00013620: 00 00 00 1b 00 00 36 32 2f 70 69 6e 63 74 72 6c  ......62/pinctrl
00013630: 2f 63 69 66 2d 6d 31 2f 64 31 30 2d 64 31 31 2d  /cif-m1/d10-d11-
00013640: 6d 31 00 00 00 00 00 03 00 00 00 1a 00 00 36 40  m1............6@
00013650: 2f 70 69 6e 63 74 72 6c 2f 69 73 70 2f 69 73 70  /pinctrl/isp/isp
00013660: 2d 70 72 65 6c 69 67 68 74 00 00 00 00 00 00 03  -prelight.......
00013670: 00 00 00 17 00 00 36 4d 2f 70 69 6e 63 74 72 6c  ......6M/pinctrl
00013680: 2f 70 6d 69 63 2f 70 6d 69 63 5f 69 6e 74 00 00  /pmic/pmic_int..
00013690: 00 00 00 03 00 00 00 1e 00 00 36 56 2f 70 69 6e  ..........6V/pin
000136a0: 63 74 72 6c 2f 70 6d 69 63 2f 73 6f 63 5f 73 6c  ctrl/pmic/soc_sl
000136b0: 70 70 69 6e 5f 67 70 69 6f 00 00 00 00 00 00 03  ppin_gpio.......
000136c0: 00 00 00 1d 00 00 36 66 2f 70 69 6e 63 74 72 6c  ......6f/pinctrl
000136d0: 2f 70 6d 69 63 2f 73 6f 63 5f 73 6c 70 70 69 6e  /pmic/soc_slppin
000136e0: 5f 73 6c 70 00 00 00 00 00 00 00 03 00 00 00 1d  _slp............
000136f0: 00 00 36 75 2f 70 69 6e 63 74 72 6c 2f 70 6d 69  ..6u/pinctrl/pmi
00013700: 63 2f 73 6f 63 5f 73 6c 70 70 69 6e 5f 72 73 74  c/soc_slppin_rst
00013710: 00 00 00 00 00 00 00 03 00 00 00 17 00 00 36 84  ..............6.
00013720: 2f 70 69 6e 63 74 72 6c 2f 62 74 6e 73 2f 62 74  /pinctrl/btns/bt
00013730: 6e 2d 70 69 6e 73 00 00 00 00 00 03 00 00 00 1a  n-pins..........
00013740: 00 00 36 8d 2f 70 69 6e 63 74 72 6c 2f 68 65 61  ..6./pinctrl/hea
00013750: 64 70 68 6f 6e 65 2f 68 70 2d 64 65 74 00 00 00  dphone/hp-det...
00013760: 00 00 00 03 00 00 00 23 00 00 36 94 2f 72 65 73  .......#..6./res
00013770: 65 72 76 65 64 2d 6d 65 6d 6f 72 79 2f 64 72 6d  erved-memory/drm
00013780: 2d 6c 6f 67 6f 40 30 30 30 30 30 30 30 30 00 00  -logo@00000000..
00013790: 00 00 00 03 00 00 00 1f 00 00 36 9d 2f 72 65 73  ..........6./res
000137a0: 65 72 76 65 64 2d 6d 65 6d 6f 72 79 2f 72 65 67  erved-memory/reg
000137b0: 69 6f 6e 40 31 31 30 30 30 30 00 00 00 00 00 03  ion@110000......
000137c0: 00 00 00 0c 00 00 36 a9 2f 72 67 33 35 31 2d 6b  ......6./rg351-k
000137d0: 65 79 73 00 00 00 00 03 00 00 00 12 00 00 36 b2  eys...........6.
000137e0: 2f 6f 64 72 6f 69 64 67 6f 33 2d 6a 6f 79 70 61  /odroidgo3-joypa
000137f0: 64 00 00 00 00 00 00 03 00 00 00 0b 00 00 21 99  d.............!.
00013800: 2f 62 61 63 6b 6c 69 67 68 74 00 00 00 00 00 03  /backlight......
00013810: 00 00 00 12 00 00 36 b9 2f 61 72 6b 6f 73 34 63  ......6./arkos4c
00013820: 6c 6f 6e 65 2d 6c 65 64 73 00 00 00 00 00 00 03  lone-leds.......
00013830: 00 00 00 08 00 00 36 be 2f 76 63 63 73 79 73 00  ......6./vccsys.
00013840: 00 00 00 03 00 00 00 0b 00 00 36 c5 2f 76 62 75  ..........6./vbu
00013850: 73 5f 68 6f 73 74 00 00 00 00 00 02 00 00 00 02  s_host..........
00013860: 00 00 00 09                                      ....
