00000000: d0 0d fe ed 00 01 6f 6b 00 00 00 38 00 01 38 9c  ......ok...8..8.
00000010: 00 00 00 28 00 00 00 11 00 00 00 10 00 00 00 00  ...(............
00000020: 00 00 36 cf 00 01 38 64 00 00 00 00 00 00 00 00  ..6...8d........
00000030: 00 00 00 00 00 00 00 00 00 00 00 01 00 00 00 00  ................
00000040: 00 00 00 03 00 00 00 31 00 00 00 00 72 6f 63 6b  .......1....rock
00000050: 63 68 69 70 2c 72 6b 33 33 32 36 2d 72 33 36 73  chip,rk3326-r36s
00000060: 2d 74 79 70 65 35 2d 6c 69 6e 75 78 00 72 6f 63  -type5-linux.roc
00000070: 6b 63 68 69 70 2c 72 6b 33 33 32 36 00 00 00 00  kchip,rk3326....
00000080: 00 00 00 03 00 00 00 04 00 00 00 0b 00 00 00 01  ................
00000090: 00 00 00 03 00 00 00 04 00 00 00 1c 00 00 00 02  ................
000000a0: 00 00 00 03 00 00 00 04 00 00 00 2b 00 00 00 02  ...........+....
000000b0: 00 00 00 03 00 00 00 11 00 00 00 37 52 33 36 53  ...........7R36S
000000c0: 20 43 6c 6f 6e 65 20 54 79 70 65 35 00 00 00 00   Clone Type5....
000000d0: 00 00 00 01 64 64 72 5f 74 69 6d 69 6e 67 00 00  ....ddr_timing..
000000e0: 00 00 00 03 00 00 00 14 00 00 00 00 72 6f 63 6b  ............rock
000000f0: 63 68 69 70 2c 64 64 72 2d 74 69 6d 69 6e 67 00  chip,ddr-timing.
00000100: 00 00 00 03 00 00 00 04 00 00 00 3d 00 00 00 00  ...........=....
00000110: 00 00 00 03 00 00 00 04 00 00 00 4c 00 00 00 15  ...........L....
00000120: 00 00 00 03 00 00 00 04 00 00 00 5b 00 00 00 0c  ...........[....
00000130: 00 00 00 03 00 00 00 04 00 00 00 6a 00 00 00 0d  ...........j....
00000140: 00 00 00 03 00 00 00 04 00 00 00 72 00 00 00 5d  ...........r...]
00000150: 00 00 00 03 00 00 00 04 00 00 00 7a 00 00 00 00  ...........z....
00000160: 00 00 00 03 00 00 00 04 00 00 00 8a 00 00 00 00  ................
00000170: 00 00 00 03 00 00 00 04 00 00 00 99 00 00 00 00  ................
00000180: 00 00 00 03 00 00 00 04 00 00 00 a6 00 00 04 2a  ...............*
00000190: 00 00 00 03 00 00 00 04 00 00 00 b7 00 00 03 20  ............... 
000001a0: 00 00 00 03 00 00 00 04 00 00 00 c8 00 00 01 2c  ...............,
000001b0: 00 00 00 03 00 00 00 04 00 00 00 da 00 00 01 2c  ...............,
000001c0: 00 00 00 03 00 00 00 04 00 00 00 ec 00 00 02 71  ...............q
000001d0: 00 00 00 03 00 00 00 04 00 00 00 fe 00 00 01 90  ................
000001e0: 00 00 00 03 00 00 00 04 00 00 01 0f 00 00 00 64  ...............d
000001f0: 00 00 00 03 00 00 00 04 00 00 01 21 00 00 00 64  ...........!...d
00000200: 00 00 00 03 00 00 00 04 00 00 01 37 00 00 00 01  ...........7....
00000210: 00 00 00 03 00 00 00 04 00 00 01 40 00 00 00 96  ...........@....
00000220: 00 00 00 03 00 00 00 04 00 00 01 49 00 00 00 15  ...........I....
00000230: 00 00 00 03 00 00 00 04 00 00 01 59 00 00 00 12  ...........Y....
00000240: 00 00 00 03 00 00 00 04 00 00 01 69 00 00 00 15  ...........i....
00000250: 00 00 00 03 00 00 00 04 00 00 01 79 00 00 00 02  ...........y....
00000260: 00 00 00 03 00 00 00 04 00 00 01 86 00 00 01 90  ................
00000270: 00 00 00 03 00 00 00 04 00 00 01 98 00 00 01 90  ................
00000280: 00 00 00 03 00 00 00 04 00 00 01 ae 00 00 00 28  ...............(
00000290: 00 00 00 03 00 00 00 04 00 00 01 b7 00 00 00 78  ...............x
000002a0: 00 00 00 03 00 00 00 04 00 00 01 c0 00 00 00 15  ................
000002b0: 00 00 00 03 00 00 00 04 00 00 01 d0 00 00 00 12  ................
000002c0: 00 00 00 03 00 00 00 04 00 00 01 e0 00 00 00 15  ................
000002d0: 00 00 00 03 00 00 00 04 00 00 01 f0 00 00 00 02  ................
000002e0: 00 00 00 03 00 00 00 04 00 00 01 fd 00 00 02 9a  ................
000002f0: 00 00 00 03 00 00 00 04 00 00 02 15 00 00 00 28  ...............(
00000300: 00 00 00 03 00 00 00 04 00 00 02 20 00 00 00 16  ........... ....
00000310: 00 00 00 03 00 00 00 04 00 00 02 32 00 00 00 13  ...........2....
00000320: 00 00 00 03 00 00 00 04 00 00 02 44 00 00 00 16  ...........D....
00000330: 00 00 00 03 00 00 00 04 00 00 02 56 00 00 00 00  ...........V....
00000340: 00 00 00 03 00 00 00 04 00 00 02 65 00 00 01 90  ...........e....
00000350: 00 00 00 03 00 00 00 04 00 00 02 79 00 00 01 90  ...........y....
00000360: 00 00 00 03 00 00 00 04 00 00 02 91 00 00 00 28  ...............(
00000370: 00 00 00 03 00 00 00 04 00 00 02 9c 00 00 00 f0  ................
00000380: 00 00 00 03 00 00 00 04 00 00 02 a7 00 00 00 16  ................
00000390: 00 00 00 03 00 00 00 04 00 00 02 b9 00 00 00 13  ................
000003a0: 00 00 00 03 00 00 00 04 00 00 02 cb 00 00 00 16  ................
000003b0: 00 00 00 03 00 00 00 04 00 00 02 dd 00 00 00 02  ................
000003c0: 00 00 00 03 00 00 00 04 00 00 02 ec 00 00 03 20  ............... 
000003d0: 00 00 00 03 00 00 00 04 00 00 03 00 00 00 03 20  ............... 
000003e0: 00 00 00 03 00 00 00 04 00 00 03 18 00 00 00 3c  ...............<
000003f0: 00 00 00 03 00 00 00 04 00 00 03 23 00 00 00 28  ...........#...(
00000400: 00 00 00 03 00 00 00 04 00 00 03 31 00 00 00 28  ...........1...(
00000410: 00 00 00 03 00 00 00 04 00 00 03 3f 00 00 00 14  ...........?....
00000420: 00 00 00 03 00 00 00 04 00 00 03 51 00 00 00 06  ...........Q....
00000430: 00 00 00 03 00 00 00 04 00 00 03 66 00 00 00 06  ...........f....
00000440: 00 00 00 03 00 00 00 04 00 00 03 78 00 00 00 10  ...........x....
00000450: 00 00 00 03 00 00 00 04 00 00 02 ee 00 00 02 9a  ................
00000460: 00 00 00 03 00 00 00 04 00 00 03 87 00 00 02 9a  ................
00000470: 00 00 00 03 00 00 00 04 00 00 03 1a 00 00 00 22  ..............."
00000480: 00 00 00 03 00 00 00 04 00 00 03 7e 00 00 00 f0  ...........~....
00000490: 00 00 00 03 00 00 00 04 00 00 03 9d 00 00 00 16  ................
000004a0: 00 00 00 03 00 00 00 04 00 00 03 ad 00 00 00 13  ................
000004b0: 00 00 00 03 00 00 00 04 00 00 03 bd 00 00 00 16  ................
000004c0: 00 00 00 03 00 00 00 04 00 00 03 cd 00 00 00 02  ................
000004d0: 00 00 00 03 00 00 00 04 00 00 03 da 00 00 00 06  ................
000004e0: 00 00 00 03 00 00 00 04 00 00 03 f0 00 00 00 07  ................
000004f0: 00 00 00 03 00 00 00 04 00 00 04 07 00 00 00 07  ................
00000500: 00 00 00 03 00 00 00 04 00 00 04 1d 00 00 00 07  ................
00000510: 00 00 00 03 00 00 00 04 00 00 04 33 00 00 00 07  ...........3....
00000520: 00 00 00 03 00 00 00 04 00 00 04 49 00 00 00 07  ...........I....
00000530: 00 00 00 03 00 00 00 04 00 00 04 5f 00 00 00 07  ..........._....
00000540: 00 00 00 03 00 00 00 04 00 00 04 76 00 00 00 06  ...........v....
00000550: 00 00 00 03 00 00 00 04 00 00 04 8c 00 00 00 07  ................
00000560: 00 00 00 03 00 00 00 04 00 00 04 a2 00 00 00 07  ................
00000570: 00 00 00 03 00 00 00 04 00 00 04 b9 00 00 00 07  ................
00000580: 00 00 00 03 00 00 00 04 00 00 04 d0 00 00 00 07  ................
00000590: 00 00 00 03 00 00 00 04 00 00 04 e8 00 00 00 07  ................
000005a0: 00 00 00 03 00 00 00 04 00 00 04 ff 00 00 00 07  ................
000005b0: 00 00 00 03 00 00 00 04 00 00 05 17 00 00 00 07  ................
000005c0: 00 00 00 03 00 00 00 04 00 00 05 30 00 00 00 07  ...........0....
000005d0: 00 00 00 03 00 00 00 04 00 00 05 47 00 00 00 07  ...........G....
000005e0: 00 00 00 03 00 00 00 04 00 00 05 5f 00 00 00 07  ..........._....
000005f0: 00 00 00 03 00 00 00 04 00 00 05 77 00 00 00 07  ...........w....
00000600: 00 00 00 03 00 00 00 04 00 00 05 8f 00 00 00 07  ................
00000610: 00 00 00 03 00 00 00 04 00 00 05 a7 00 00 00 07  ................
00000620: 00 00 00 03 00 00 00 04 00 00 05 be 00 00 00 07  ................
00000630: 00 00 00 03 00 00 00 04 00 00 05 d6 00 00 00 07  ................
00000640: 00 00 00 03 00 00 00 04 00 00 05 ee 00 00 00 07  ................
00000650: 00 00 00 03 00 00 00 04 00 00 06 06 00 00 00 07  ................
00000660: 00 00 00 03 00 00 00 04 00 00 06 1e 00 00 00 07  ................
00000670: 00 00 00 03 00 00 00 04 00 00 06 37 00 00 00 06  ...........7....
00000680: 00 00 00 03 00 00 00 04 00 00 06 4f 00 00 00 07  ...........O....
00000690: 00 00 00 03 00 00 00 04 00 00 06 6b 00 00 00 06  ...........k....
000006a0: 00 00 00 03 00 00 00 04 00 00 06 83 00 00 00 07  ................
000006b0: 00 00 00 03 00 00 00 04 00 00 06 9d 00 00 00 07  ................
000006c0: 00 00 00 03 00 00 00 04 00 00 06 b0 00 00 00 07  ................
000006d0: 00 00 00 03 00 00 00 04 00 00 06 c3 00 00 00 08  ................
000006e0: 00 00 00 03 00 00 00 04 00 00 06 d6 00 00 00 08  ................
000006f0: 00 00 00 03 00 00 00 04 00 00 06 e9 00 00 00 09  ................
00000700: 00 00 00 03 00 00 00 04 00 00 06 fc 00 00 00 08  ................
00000710: 00 00 00 03 00 00 00 04 00 00 07 0f 00 00 00 08  ................
00000720: 00 00 00 03 00 00 00 04 00 00 07 22 00 00 00 08  ..........."....
00000730: 00 00 00 03 00 00 00 04 00 00 07 35 00 00 00 08  ...........5....
00000740: 00 00 00 03 00 00 00 04 00 00 07 48 00 00 00 08  ...........H....
00000750: 00 00 00 03 00 00 00 04 00 00 07 5b 00 00 00 09  ...........[....
00000760: 00 00 00 03 00 00 00 04 00 00 07 6e 00 00 00 08  ...........n....
00000770: 00 00 00 03 00 00 00 04 00 00 07 81 00 00 00 09  ................
00000780: 00 00 00 03 00 00 00 04 00 00 07 94 00 00 00 08  ................
00000790: 00 00 00 03 00 00 00 04 00 00 07 a7 00 00 00 09  ................
000007a0: 00 00 00 03 00 00 00 04 00 00 07 ba 00 00 00 08  ................
000007b0: 00 00 00 03 00 00 00 04 00 00 07 cd 00 00 00 08  ................
000007c0: 00 00 00 03 00 00 00 04 00 00 07 e0 00 00 00 08  ................
000007d0: 00 00 00 03 00 00 00 04 00 00 07 f3 00 00 00 06  ................
000007e0: 00 00 00 03 00 00 00 04 00 00 08 07 00 00 00 09  ................
000007f0: 00 00 00 03 00 00 00 04 00 00 08 1c 00 00 00 09  ................
00000800: 00 00 00 03 00 00 00 04 00 00 08 31 00 00 00 07  ...........1....
00000810: 00 00 00 03 00 00 00 04 00 00 08 44 00 00 00 06  ...........D....
00000820: 00 00 00 03 00 00 00 04 00 00 08 57 00 00 00 08  ...........W....
00000830: 00 00 00 03 00 00 00 04 00 00 08 6a 00 00 00 07  ...........j....
00000840: 00 00 00 03 00 00 00 04 00 00 08 7d 00 00 00 09  ...........}....
00000850: 00 00 00 03 00 00 00 04 00 00 08 90 00 00 00 07  ................
00000860: 00 00 00 03 00 00 00 04 00 00 08 a3 00 00 00 08  ................
00000870: 00 00 00 03 00 00 00 04 00 00 08 b7 00 00 00 08  ................
00000880: 00 00 00 03 00 00 00 04 00 00 08 cb 00 00 00 08  ................
00000890: 00 00 00 03 00 00 00 04 00 00 08 df 00 00 00 07  ................
000008a0: 00 00 00 03 00 00 00 04 00 00 08 f3 00 00 00 08  ................
000008b0: 00 00 00 03 00 00 00 04 00 00 09 07 00 00 00 08  ................
000008c0: 00 00 00 03 00 00 00 04 00 00 09 1b 00 00 00 09  ................
000008d0: 00 00 00 03 00 00 00 04 00 00 09 2f 00 00 00 07  .........../....
000008e0: 00 00 00 03 00 00 00 04 00 00 09 43 00 00 00 09  ...........C....
000008f0: 00 00 00 03 00 00 00 04 00 00 09 57 00 00 00 08  ...........W....
00000900: 00 00 00 03 00 00 00 04 00 00 09 6b 00 00 00 09  ...........k....
00000910: 00 00 00 03 00 00 00 04 00 00 09 7f 00 00 00 07  ................
00000920: 00 00 00 03 00 00 00 04 00 00 09 93 00 00 00 07  ................
00000930: 00 00 00 03 00 00 00 04 00 00 09 a7 00 00 00 09  ................
00000940: 00 00 00 03 00 00 00 04 00 00 09 bc 00 00 00 09  ................
00000950: 00 00 00 03 00 00 00 04 00 00 09 d1 00 00 00 07  ................
00000960: 00 00 00 03 00 00 00 04 00 00 09 e4 00 00 00 07  ................
00000970: 00 00 00 03 00 00 00 04 00 00 09 f7 00 00 00 09  ................
00000980: 00 00 00 03 00 00 00 04 00 00 0a 0b 00 00 00 09  ................
00000990: 00 00 00 03 00 00 00 04 00 00 0a 1f 00 00 00 07  ................
000009a0: 00 00 00 03 00 00 00 04 00 00 0a 33 00 00 00 09  ...........3....
000009b0: 00 00 00 03 00 00 00 04 00 00 0a 47 00 00 00 07  ...........G....
000009c0: 00 00 00 03 00 00 00 04 00 00 0a 5b 00 00 00 08  ...........[....
000009d0: 00 00 00 03 00 00 00 04 00 00 0a 6f 00 00 00 07  ...........o....
000009e0: 00 00 00 03 00 00 00 04 00 00 0a 83 00 00 00 09  ................
000009f0: 00 00 00 03 00 00 00 04 00 00 0a 97 00 00 00 09  ................
00000a00: 00 00 00 03 00 00 00 04 00 00 0a ab 00 00 00 09  ................
00000a10: 00 00 00 03 00 00 00 04 00 00 0a bf 00 00 00 09  ................
00000a20: 00 00 00 03 00 00 00 04 00 00 0a d3 00 00 00 09  ................
00000a30: 00 00 00 03 00 00 00 04 00 00 0a e7 00 00 00 08  ................
00000a40: 00 00 00 03 00 00 00 04 00 00 0a fb 00 00 00 09  ................
00000a50: 00 00 00 03 00 00 00 04 00 00 0b 0f 00 00 00 08  ................
00000a60: 00 00 00 03 00 00 00 04 00 00 0b 23 00 00 00 09  ...........#....
00000a70: 00 00 00 03 00 00 00 04 00 00 0b 37 00 00 00 06  ...........7....
00000a80: 00 00 00 03 00 00 00 04 00 00 0b 4b 00 00 00 09  ...........K....
00000a90: 00 00 00 03 00 00 00 04 00 00 0b 60 00 00 00 09  ...........`....
00000aa0: 00 00 00 03 00 00 00 04 00 00 0b 75 00 00 00 07  ...........u....
00000ab0: 00 00 00 03 00 00 00 04 00 00 0b 88 00 00 00 07  ................
00000ac0: 00 00 00 03 00 00 00 04 00 00 0b 9b 00 00 00 08  ................
00000ad0: 00 00 00 03 00 00 00 04 00 00 0b af 00 00 00 08  ................
00000ae0: 00 00 00 03 00 00 00 04 00 00 0b c3 00 00 00 09  ................
00000af0: 00 00 00 03 00 00 00 04 00 00 0b d7 00 00 00 09  ................
00000b00: 00 00 00 03 00 00 00 04 00 00 0b eb 00 00 00 09  ................
00000b10: 00 00 00 03 00 00 00 04 00 00 0b ff 00 00 00 08  ................
00000b20: 00 00 00 03 00 00 00 04 00 00 0c 13 00 00 00 09  ................
00000b30: 00 00 00 03 00 00 00 04 00 00 0c 27 00 00 00 08  ...........'....
00000b40: 00 00 00 03 00 00 00 04 00 00 0c 3b 00 00 00 09  ...........;....
00000b50: 00 00 00 03 00 00 00 04 00 00 0c 4f 00 00 00 09  ...........O....
00000b60: 00 00 00 03 00 00 00 04 00 00 0c 63 00 00 00 09  ...........c....
00000b70: 00 00 00 03 00 00 00 04 00 00 0c 77 00 00 00 09  ...........w....
00000b80: 00 00 00 03 00 00 00 04 00 00 0c 8b 00 00 00 08  ................
00000b90: 00 00 00 03 00 00 00 04 00 00 0c 9f 00 00 00 08  ................
00000ba0: 00 00 00 03 00 00 00 04 00 00 0c b3 00 00 00 08  ................
00000bb0: 00 00 00 03 00 00 00 04 00 00 0c c7 00 00 00 08  ................
00000bc0: 00 00 00 03 00 00 00 04 00 00 0c db 00 00 00 07  ................
00000bd0: 00 00 00 03 00 00 00 04 00 00 0c ef 00 00 00 09  ................
00000be0: 00 00 00 03 00 00 00 04 00 00 0d 04 00 00 00 09  ................
00000bf0: 00 00 00 03 00 00 00 04 00 00 0d 19 00 00 00 07  ................
00000c00: 00 00 00 03 00 00 00 04 00 00 0d 2c 00 00 00 07  ...........,....
00000c10: 00 00 00 03 00 00 00 04 00 00 0d 3f 00 00 00 08  ...........?....
00000c20: 00 00 00 03 00 00 00 04 00 00 0d 52 00 00 00 08  ...........R....
00000c30: 00 00 00 03 00 00 00 04 00 00 0d 65 00 00 00 09  ...........e....
00000c40: 00 00 00 03 00 00 00 04 00 00 0d 78 00 00 00 08  ...........x....
00000c50: 00 00 00 03 00 00 00 04 00 00 0d 8b 00 00 00 08  ................
00000c60: 00 00 00 03 00 00 00 04 00 00 0d 9e 00 00 00 08  ................
00000c70: 00 00 00 03 00 00 00 04 00 00 0d b1 00 00 00 08  ................
00000c80: 00 00 00 03 00 00 00 04 00 00 0d c4 00 00 00 08  ................
00000c90: 00 00 00 03 00 00 00 04 00 00 0d d7 00 00 00 08  ................
00000ca0: 00 00 00 03 00 00 00 04 00 00 0d ea 00 00 00 08  ................
00000cb0: 00 00 00 03 00 00 00 04 00 00 0d fd 00 00 00 09  ................
00000cc0: 00 00 00 03 00 00 00 04 00 00 0e 10 00 00 00 08  ................
00000cd0: 00 00 00 03 00 00 00 04 00 00 0e 23 00 00 00 09  ...........#....
00000ce0: 00 00 00 03 00 00 00 04 00 00 0e 36 00 00 00 08  ...........6....
00000cf0: 00 00 00 03 00 00 00 04 00 00 0e 49 00 00 00 08  ...........I....
00000d00: 00 00 00 03 00 00 00 04 00 00 0e 5c 00 00 00 08  ...........\....
00000d10: 00 00 00 03 00 00 00 04 00 00 0e 6f 00 00 00 06  ...........o....
00000d20: 00 00 00 03 00 00 00 04 00 00 0e 83 00 00 00 09  ................
00000d30: 00 00 00 03 00 00 00 04 00 00 0e 98 00 00 00 09  ................
00000d40: 00 00 00 03 00 00 00 04 00 00 0e ad 00 00 00 07  ................
00000d50: 00 00 00 03 00 00 00 04 00 00 0e c0 00 00 00 07  ................
00000d60: 00 00 00 03 00 00 00 04 00 00 0e d3 00 00 00 08  ................
00000d70: 00 00 00 03 00 00 00 04 00 00 0e e6 00 00 00 08  ................
00000d80: 00 00 00 03 00 00 00 04 00 00 0e f9 00 00 00 08  ................
00000d90: 00 00 00 03 00 00 00 04 00 00 0f 0c 00 00 00 07  ................
00000da0: 00 00 00 03 00 00 00 04 00 00 0f 1f 00 00 00 07  ................
00000db0: 00 00 00 03 00 00 00 04 00 00 0f 33 00 00 00 08  ...........3....
00000dc0: 00 00 00 03 00 00 00 04 00 00 0f 47 00 00 00 08  ...........G....
00000dd0: 00 00 00 03 00 00 00 04 00 00 0f 5b 00 00 00 08  ...........[....
00000de0: 00 00 00 03 00 00 00 04 00 00 0f 6f 00 00 00 08  ...........o....
00000df0: 00 00 00 03 00 00 00 04 00 00 0f 83 00 00 00 07  ................
00000e00: 00 00 00 03 00 00 00 04 00 00 0f 97 00 00 00 08  ................
00000e10: 00 00 00 03 00 00 00 04 00 00 0f ab 00 00 00 08  ................
00000e20: 00 00 00 03 00 00 00 04 00 00 0f bf 00 00 00 08  ................
00000e30: 00 00 00 03 00 00 00 04 00 00 0f d3 00 00 00 08  ................
00000e40: 00 00 00 03 00 00 00 04 00 00 0f e7 00 00 00 08  ................
00000e50: 00 00 00 03 00 00 00 04 00 00 0f fb 00 00 00 07  ................
00000e60: 00 00 00 03 00 00 00 04 00 00 10 0f 00 00 00 07  ................
00000e70: 00 00 00 03 00 00 00 04 00 00 10 23 00 00 00 09  ...........#....
00000e80: 00 00 00 03 00 00 00 04 00 00 10 38 00 00 00 09  ...........8....
00000e90: 00 00 00 03 00 00 00 04 00 00 10 4d 00 00 00 07  ...........M....
00000ea0: 00 00 00 03 00 00 00 04 00 00 10 60 00 00 00 08  ...........`....
00000eb0: 00 00 00 03 00 00 00 04 00 00 10 73 00 00 00 08  ...........s....
00000ec0: 00 00 00 03 00 00 00 04 00 00 10 87 00 00 00 09  ................
00000ed0: 00 00 00 03 00 00 00 04 00 00 10 9b 00 00 00 08  ................
00000ee0: 00 00 00 03 00 00 00 04 00 00 10 af 00 00 00 09  ................
00000ef0: 00 00 00 03 00 00 00 04 00 00 10 c3 00 00 00 07  ................
00000f00: 00 00 00 03 00 00 00 04 00 00 10 d7 00 00 00 08  ................
00000f10: 00 00 00 03 00 00 00 04 00 00 10 eb 00 00 00 08  ................
00000f20: 00 00 00 03 00 00 00 04 00 00 10 ff 00 00 00 09  ................
00000f30: 00 00 00 03 00 00 00 04 00 00 11 13 00 00 00 09  ................
00000f40: 00 00 00 03 00 00 00 04 00 00 11 27 00 00 00 09  ...........'....
00000f50: 00 00 00 03 00 00 00 04 00 00 11 3b 00 00 00 09  ...........;....
00000f60: 00 00 00 03 00 00 00 04 00 00 11 4f 00 00 00 09  ...........O....
00000f70: 00 00 00 03 00 00 00 04 00 00 11 63 00 00 00 08  ...........c....
00000f80: 00 00 00 03 00 00 00 04 00 00 11 77 00 00 00 09  ...........w....
00000f90: 00 00 00 03 00 00 00 04 00 00 11 8b 00 00 00 08  ................
00000fa0: 00 00 00 03 00 00 00 04 00 00 11 9f 00 00 00 09  ................
00000fb0: 00 00 00 03 00 00 00 04 00 00 11 b3 00 00 00 06  ................
00000fc0: 00 00 00 03 00 00 00 04 00 00 11 c7 00 00 00 09  ................
00000fd0: 00 00 00 03 00 00 00 04 00 00 11 dc 00 00 00 09  ................
00000fe0: 00 00 00 03 00 00 00 04 00 00 11 f1 00 00 00 07  ................
00000ff0: 00 00 00 03 00 00 00 04 00 00 12 04 00 00 00 07  ................
00001000: 00 00 00 03 00 00 00 04 00 00 12 17 00 00 00 08  ................
00001010: 00 00 00 03 00 00 00 04 00 00 12 2b 00 00 00 09  ...........+....
00001020: 00 00 00 03 00 00 00 04 00 00 12 3f 00 00 00 09  ...........?....
00001030: 00 00 00 03 00 00 00 04 00 00 12 53 00 00 00 09  ...........S....
00001040: 00 00 00 03 00 00 00 04 00 00 12 67 00 00 00 09  ...........g....
00001050: 00 00 00 03 00 00 00 04 00 00 12 7b 00 00 00 08  ...........{....
00001060: 00 00 00 03 00 00 00 04 00 00 12 8f 00 00 00 08  ................
00001070: 00 00 00 03 00 00 00 04 00 00 12 a3 00 00 00 08  ................
00001080: 00 00 00 03 00 00 00 04 00 00 12 b7 00 00 00 09  ................
00001090: 00 00 00 03 00 00 00 04 00 00 12 cb 00 00 00 09  ................
000010a0: 00 00 00 03 00 00 00 04 00 00 12 df 00 00 00 09  ................
000010b0: 00 00 00 03 00 00 00 04 00 00 12 f3 00 00 00 09  ................
000010c0: 00 00 00 03 00 00 00 04 00 00 13 07 00 00 00 09  ................
000010d0: 00 00 00 03 00 00 00 04 00 00 13 1b 00 00 00 08  ................
000010e0: 00 00 00 03 00 00 00 04 00 00 13 2f 00 00 00 08  .........../....
000010f0: 00 00 00 03 00 00 00 04 00 00 13 43 00 00 00 08  ...........C....
00001100: 00 00 00 03 00 00 00 04 00 00 13 57 00 00 00 07  ...........W....
00001110: 00 00 00 03 00 00 00 04 00 00 13 6b 00 00 00 09  ...........k....
00001120: 00 00 00 03 00 00 00 04 00 00 13 80 00 00 00 09  ................
00001130: 00 00 00 03 00 00 00 04 00 00 13 95 00 00 00 af  ................
00001140: 00 00 00 02 00 00 00 01 61 6c 69 61 73 65 73 00  ........aliases.
00001150: 00 00 00 03 00 00 00 13 00 00 13 9d 2f 65 74 68  ............/eth
00001160: 65 72 6e 65 74 40 66 66 33 36 30 30 30 30 00 00  ernet@ff360000..
00001170: 00 00 00 03 00 00 00 0e 00 00 13 a7 2f 69 32 63  ............/i2c
00001180: 40 66 66 31 38 30 30 30 30 00 00 00 00 00 00 03  @ff180000.......
00001190: 00 00 00 0e 00 00 13 ac 2f 69 32 63 40 66 66 31  ......../i2c@ff1
000011a0: 39 30 30 30 30 00 00 00 00 00 00 03 00 00 00 0e  90000...........
000011b0: 00 00 13 b1 2f 69 32 63 40 66 66 31 61 30 30 30  ..../i2c@ff1a000
000011c0: 30 00 00 00 00 00 00 03 00 00 00 0e 00 00 13 b6  0...............
000011d0: 2f 69 32 63 40 66 66 31 62 30 30 30 30 00 00 00  /i2c@ff1b0000...
000011e0: 00 00 00 03 00 00 00 11 00 00 13 bb 2f 73 65 72  ............/ser
000011f0: 69 61 6c 40 66 66 30 33 30 30 30 30 00 00 00 00  ial@ff030000....
00001200: 00 00 00 03 00 00 00 11 00 00 13 c3 2f 73 65 72  ............/ser
00001210: 69 61 6c 40 66 66 31 35 38 30 30 30 00 00 00 00  ial@ff158000....
00001220: 00 00 00 03 00 00 00 11 00 00 13 cb 2f 73 65 72  ............/ser
00001230: 69 61 6c 40 66 66 31 36 30 30 30 30 00 00 00 00  ial@ff160000....
00001240: 00 00 00 03 00 00 00 11 00 00 13 d3 2f 73 65 72  ............/ser
00001250: 69 61 6c 40 66 66 31 36 38 30 30 30 00 00 00 00  ial@ff168000....
00001260: 00 00 00 03 00 00 00 11 00 00 13 db 2f 73 65 72  ............/ser
00001270: 69 61 6c 40 66 66 31 37 30 30 30 30 00 00 00 00  ial@ff170000....
00001280: 00 00 00 03 00 00 00 11 00 00 13 e3 2f 73 65 72  ............/ser
00001290: 69 61 6c 40 66 66 31 37 38 30 30 30 00 00 00 00  ial@ff178000....
000012a0: 00 00 00 03 00 00 00 0e 00 00 13 eb 2f 73 70 69  ............/spi
000012b0: 40 66 66 31 64 30 30 30 30 00 00 00 00 00 00 03  @ff1d0000.......
000012c0: 00 00 00 0e 00 00 13 f0 2f 73 70 69 40 66 66 31  ......../spi@ff1
000012d0: 64 38 30 30 30 00 00 00 00 00 00 02 00 00 00 01  d8000...........
000012e0: 63 70 75 73 00 00 00 00 00 00 00 03 00 00 00 04  cpus............
000012f0: 00 00 00 1c 00 00 00 02 00 00 00 03 00 00 00 04  ................
00001300: 00 00 00 2b 00 00 00 00 00 00 00 01 63 70 75 40  ...+........cpu@
00001310: 30 00 00 00 00 00 00 03 00 00 00 04 00 00 13 f5  0...............
00001320: 63 70 75 00 00 00 00 03 00 00 00 19 00 00 00 00  cpu.............
00001330: 61 72 6d 2c 63 6f 72 74 65 78 2d 61 33 35 00 61  arm,cortex-a35.a
00001340: 72 6d 2c 61 72 6d 76 38 00 00 00 00 00 00 00 03  rm,armv8........
00001350: 00 00 00 08 00 00 14 01 00 00 00 00 00 00 00 00  ................
00001360: 00 00 00 03 00 00 00 05 00 00 14 05 70 73 63 69  ............psci
00001370: 00 00 00 00 00 00 00 03 00 00 00 08 00 00 14 13  ................
00001380: 00 00 00 02 00 00 00 07 00 00 00 03 00 00 00 04  ................
00001390: 00 00 14 1a 00 00 00 02 00 00 00 03 00 00 00 04  ................
000013a0: 00 00 14 29 00 00 00 5a 00 00 00 03 00 00 00 04  ...)...Z........
000013b0: 00 00 14 43 00 00 00 03 00 00 00 03 00 00 00 08  ...C............
000013c0: 00 00 14 57 00 00 00 04 00 00 00 05 00 00 00 03  ...W............
000013d0: 00 00 00 04 00 00 14 67 00 00 00 06 00 00 00 03  .......g........
000013e0: 00 00 00 04 00 00 13 95 00 00 00 09 00 00 00 02  ................
000013f0: 00 00 00 01 63 70 75 40 31 00 00 00 00 00 00 03  ....cpu@1.......
00001400: 00 00 00 04 00 00 13 f5 63 70 75 00 00 00 00 03  ........cpu.....
00001410: 00 00 00 19 00 00 00 00 61 72 6d 2c 63 6f 72 74  ........arm,cort
00001420: 65 78 2d 61 33 35 00 61 72 6d 2c 61 72 6d 76 38  ex-a35.arm,armv8
00001430: 00 00 00 00 00 00 00 03 00 00 00 08 00 00 14 01  ................
00001440: 00 00 00 00 00 00 00 01 00 00 00 03 00 00 00 05  ................
00001450: 00 00 14 05 70 73 63 69 00 00 00 00 00 00 00 03  ....psci........
00001460: 00 00 00 04 00 00 14 43 00 00 00 03 00 00 00 03  .......C........
00001470: 00 00 00 08 00 00 14 57 00 00 00 04 00 00 00 05  .......W........
00001480: 00 00 00 03 00 00 00 04 00 00 13 95 00 00 00 0a  ................
00001490: 00 00 00 02 00 00 00 01 63 70 75 40 32 00 00 00  ........cpu@2...
000014a0: 00 00 00 03 00 00 00 04 00 00 13 f5 63 70 75 00  ............cpu.
000014b0: 00 00 00 03 00 00 00 19 00 00 00 00 61 72 6d 2c  ............arm,
000014c0: 63 6f 72 74 65 78 2d 61 33 35 00 61 72 6d 2c 61  cortex-a35.arm,a
000014d0: 72 6d 76 38 00 00 00 00 00 00 00 03 00 00 00 08  rmv8............
000014e0: 00 00 14 01 00 00 00 00 00 00 00 02 00 00 00 03  ................
000014f0: 00 00 00 05 00 00 14 05 70 73 63 69 00 00 00 00  ........psci....
00001500: 00 00 00 03 00 00 00 04 00 00 14 43 00 00 00 03  ...........C....
00001510: 00 00 00 03 00 00 00 08 00 00 14 57 00 00 00 04  ...........W....
00001520: 00 00 00 05 00 00 00 03 00 00 00 04 00 00 13 95  ................
00001530: 00 00 00 0b 00 00 00 02 00 00 00 01 63 70 75 40  ............cpu@
00001540: 33 00 00 00 00 00 00 03 00 00 00 04 00 00 13 f5  3...............
00001550: 63 70 75 00 00 00 00 03 00 00 00 19 00 00 00 00  cpu.............
00001560: 61 72 6d 2c 63 6f 72 74 65 78 2d 61 33 35 00 61  arm,cortex-a35.a
00001570: 72 6d 2c 61 72 6d 76 38 00 00 00 00 00 00 00 03  rm,armv8........
00001580: 00 00 00 08 00 00 14 01 00 00 00 00 00 00 00 03  ................
00001590: 00 00 00 03 00 00 00 05 00 00 14 05 70 73 63 69  ............psci
000015a0: 00 00 00 00 00 00 00 03 00 00 00 04 00 00 14 43  ...............C
000015b0: 00 00 00 03 00 00 00 03 00 00 00 08 00 00 14 57  ...............W
000015c0: 00 00 00 04 00 00 00 05 00 00 00 03 00 00 00 04  ................
000015d0: 00 00 13 95 00 00 00 0c 00 00 00 02 00 00 00 01  ................
000015e0: 69 64 6c 65 2d 73 74 61 74 65 73 00 00 00 00 03  idle-states.....
000015f0: 00 00 00 05 00 00 14 72 70 73 63 69 00 00 00 00  .......rpsci....
00001600: 00 00 00 01 63 70 75 2d 73 6c 65 65 70 00 00 00  ....cpu-sleep...
00001610: 00 00 00 03 00 00 00 0f 00 00 00 00 61 72 6d 2c  ............arm,
00001620: 69 64 6c 65 2d 73 74 61 74 65 00 00 00 00 00 03  idle-state......
00001630: 00 00 00 00 00 00 14 7f 00 00 00 03 00 00 00 04  ................
00001640: 00 00 14 90 00 01 00 00 00 00 00 03 00 00 00 04  ................
00001650: 00 00 14 a7 00 00 00 78 00 00 00 03 00 00 00 04  .......x........
00001660: 00 00 14 b8 00 00 00 fa 00 00 00 03 00 00 00 04  ................
00001670: 00 00 14 c8 00 00 03 84 00 00 00 03 00 00 00 04  ................
00001680: 00 00 13 95 00 00 00 04 00 00 00 02 00 00 00 01  ................
00001690: 63 6c 75 73 74 65 72 2d 73 6c 65 65 70 00 00 00  cluster-sleep...
000016a0: 00 00 00 03 00 00 00 0f 00 00 00 00 61 72 6d 2c  ............arm,
000016b0: 69 64 6c 65 2d 73 74 61 74 65 00 00 00 00 00 03  idle-state......
000016c0: 00 00 00 00 00 00 14 7f 00 00 00 03 00 00 00 04  ................
000016d0: 00 00 14 90 01 01 00 00 00 00 00 03 00 00 00 04  ................
000016e0: 00 00 14 a7 00 00 01 90 00 00 00 03 00 00 00 04  ................
000016f0: 00 00 14 b8 00 00 01 f4 00 00 00 03 00 00 00 04  ................
00001700: 00 00 14 c8 00 00 07 d0 00 00 00 03 00 00 00 04  ................
00001710: 00 00 13 95 00 00 00 05 00 00 00 02 00 00 00 02  ................
00001720: 00 00 00 02 00 00 00 01 63 70 75 30 2d 6f 70 70  ........cpu0-opp
00001730: 2d 74 61 62 6c 65 00 00 00 00 00 03 00 00 00 14  -table..........
00001740: 00 00 00 00 6f 70 65 72 61 74 69 6e 67 2d 70 6f  ....operating-po
00001750: 69 6e 74 73 2d 76 32 00 00 00 00 03 00 00 00 00  ints-v2.........
00001760: 00 00 14 d9 00 00 00 03 00 00 00 04 00 00 14 e4  ................
00001770: 00 00 13 88 00 00 00 03 00 00 00 04 00 00 14 fd  ................
00001780: 00 00 00 00 00 00 00 03 00 00 00 04 00 00 15 0f  ................
00001790: 00 0f 42 40 00 00 00 03 00 00 00 0c 00 00 15 2a  ..B@...........*
000017a0: 00 00 00 00 00 00 05 e8 00 00 c3 50 00 00 00 03  ...........P....
000017b0: 00 00 00 08 00 00 14 13 00 00 00 02 00 00 00 01  ................
000017c0: 00 00 00 03 00 00 00 04 00 00 15 48 00 00 00 04  ...........H....
000017d0: 00 00 00 03 00 00 00 04 00 00 15 5b 00 15 5c c0  ...........[..\.
000017e0: 00 00 00 03 00 00 00 04 00 00 15 6d 00 00 61 a8  ...........m..a.
000017f0: 00 00 00 03 00 00 00 08 00 00 15 81 00 00 00 07  ................
00001800: 00 00 00 08 00 00 00 03 00 00 00 18 00 00 15 8d  ................
00001810: 63 70 75 5f 6c 65 61 6b 61 67 65 00 70 65 72 66  cpu_leakage.perf
00001820: 6f 72 6d 61 6e 63 65 00 00 00 00 03 00 00 00 10  ormance.........
00001830: 00 00 15 9e 00 00 00 00 00 00 00 0d 00 00 00 01  ................
00001840: 00 00 00 0d 00 00 00 03 00 00 00 30 00 00 15 b7  ...........0....
00001850: 00 00 00 00 00 00 c3 50 00 00 00 00 00 00 c3 51  .......P.......Q
00001860: 00 00 d2 f0 00 00 00 01 00 00 d2 f1 00 00 ea 60  ...............`
00001870: 00 00 00 02 00 00 ea 61 00 01 86 9f 00 00 00 03  .......a........
00001880: 00 00 00 03 00 00 00 04 00 00 15 d1 00 06 39 c0  ..............9.
00001890: 00 00 00 03 00 00 00 04 00 00 15 e4 00 0f 42 40  ..............B@
000018a0: 00 00 00 03 00 00 00 08 00 00 15 f7 00 00 00 00  ................
000018b0: 00 00 00 00 00 00 00 03 00 00 00 04 00 00 16 08  ................
000018c0: 00 00 03 e8 00 00 00 03 00 00 00 04 00 00 16 22  ..............."
000018d0: 00 00 00 0a 00 00 00 03 00 00 00 04 00 00 16 37  ...............7
000018e0: 00 00 03 e8 00 00 00 03 00 00 00 04 00 00 16 4b  ...............K
000018f0: 00 00 00 28 00 00 00 03 00 00 00 08 00 00 16 62  ...(...........b
00001900: ff ff ff c8 ff ff ff c8 00 00 00 03 00 00 00 0c  ................
00001910: 00 00 16 7a 73 6f 63 2d 74 68 65 72 6d 61 6c 00  ...zsoc-thermal.
00001920: 00 00 00 03 00 00 00 04 00 00 16 90 00 00 00 01  ................
00001930: 00 00 00 03 00 00 00 04 00 00 13 95 00 00 00 03  ................
00001940: 00 00 00 01 6f 70 70 2d 34 30 38 30 30 30 30 30  ....opp-40800000
00001950: 30 00 00 00 00 00 00 03 00 00 00 08 00 00 16 9d  0...............
00001960: 00 00 00 00 18 51 96 00 00 00 00 03 00 00 00 0c  .....Q..........
00001970: 00 00 16 a4 00 0e 7e f0 00 0e 7e f0 00 14 99 70  ......~...~....p
00001980: 00 00 00 03 00 00 00 0c 00 00 16 b2 00 0e 7e f0  ..............~.
00001990: 00 0e 7e f0 00 14 99 70 00 00 00 03 00 00 00 0c  ..~....p........
000019a0: 00 00 16 c3 00 0e 7e f0 00 0e 7e f0 00 14 99 70  ......~...~....p
000019b0: 00 00 00 03 00 00 00 0c 00 00 16 d4 00 0e 7e f0  ..............~.
000019c0: 00 0e 7e f0 00 14 99 70 00 00 00 03 00 00 00 0c  ..~....p........
000019d0: 00 00 16 e5 00 0e 7e f0 00 0e 7e f0 00 14 99 70  ......~...~....p
000019e0: 00 00 00 03 00 00 00 04 00 00 16 f6 00 00 9c 40  ...............@
000019f0: 00 00 00 03 00 00 00 00 00 00 17 07 00 00 00 02  ................
00001a00: 00 00 00 01 6f 70 70 2d 36 30 30 30 30 30 30 30  ....opp-60000000
00001a10: 30 00 00 00 00 00 00 03 00 00 00 08 00 00 16 9d  0...............
00001a20: 00 00 00 00 23 c3 46 00 00 00 00 03 00 00 00 0c  ....#.F.........
00001a30: 00 00 16 a4 00 0e 7e f0 00 0e 7e f0 00 14 99 70  ......~...~....p
00001a40: 00 00 00 03 00 00 00 0c 00 00 16 b2 00 0e 7e f0  ..............~.
00001a50: 00 0e 7e f0 00 14 99 70 00 00 00 03 00 00 00 0c  ..~....p........
00001a60: 00 00 16 c3 00 0e 7e f0 00 0e 7e f0 00 14 99 70  ......~...~....p
00001a70: 00 00 00 03 00 00 00 0c 00 00 16 d4 00 0e 7e f0  ..............~.
00001a80: 00 0e 7e f0 00 14 99 70 00 00 00 03 00 00 00 0c  ..~....p........
00001a90: 00 00 16 e5 00 0e 7e f0 00 0e 7e f0 00 14 99 70  ......~...~....p
00001aa0: 00 00 00 03 00 00 00 04 00 00 16 f6 00 00 9c 40  ...............@
00001ab0: 00 00 00 02 00 00 00 01 6f 70 70 2d 38 31 36 30  ........opp-8160
00001ac0: 30 30 30 30 30 00 00 00 00 00 00 03 00 00 00 08  00000...........
00001ad0: 00 00 16 9d 00 00 00 00 30 a3 2c 00 00 00 00 03  ........0.,.....
00001ae0: 00 00 00 0c 00 00 16 a4 00 10 05 90 00 10 05 90  ................
00001af0: 00 14 99 70 00 00 00 03 00 00 00 0c 00 00 16 b2  ...p............
00001b00: 00 10 05 90 00 10 05 90 00 14 99 70 00 00 00 03  ...........p....
00001b10: 00 00 00 0c 00 00 16 c3 00 0f 42 40 00 0f 42 40  ..........B@..B@
00001b20: 00 14 99 70 00 00 00 03 00 00 00 0c 00 00 16 d4  ...p............
00001b30: 00 0f 42 40 00 0f 42 40 00 14 99 70 00 00 00 03  ..B@..B@...p....
00001b40: 00 00 00 0c 00 00 16 e5 00 0e 7e f0 00 0e 7e f0  ..........~...~.
00001b50: 00 14 99 70 00 00 00 03 00 00 00 04 00 00 16 f6  ...p............
00001b60: 00 00 9c 40 00 00 00 02 00 00 00 01 6f 70 70 2d  ...@........opp-
00001b70: 31 30 30 38 30 30 30 30 30 30 00 00 00 00 00 03  1008000000......
00001b80: 00 00 00 08 00 00 16 9d 00 00 00 00 3c 14 dc 00  ............<...
00001b90: 00 00 00 03 00 00 00 0c 00 00 16 a4 00 11 ed d8  ................
00001ba0: 00 11 ed d8 00 14 99 70 00 00 00 03 00 00 00 0c  .......p........
00001bb0: 00 00 16 b2 00 11 ed d8 00 11 ed d8 00 14 99 70  ...............p
00001bc0: 00 00 00 03 00 00 00 0c 00 00 16 c3 00 11 2a 88  ..............*.
00001bd0: 00 11 2a 88 00 14 99 70 00 00 00 03 00 00 00 0c  ..*....p........
00001be0: 00 00 16 d4 00 11 2a 88 00 11 2a 88 00 14 99 70  ......*...*....p
00001bf0: 00 00 00 03 00 00 00 0c 00 00 16 e5 00 10 05 90  ................
00001c00: 00 10 05 90 00 14 99 70 00 00 00 03 00 00 00 04  .......p........
00001c10: 00 00 16 f6 00 00 9c 40 00 00 00 02 00 00 00 01  .......@........
00001c20: 6f 70 70 2d 31 32 30 30 30 30 30 30 30 30 00 00  opp-1200000000..
00001c30: 00 00 00 03 00 00 00 08 00 00 16 9d 00 00 00 00  ................
00001c40: 47 86 8c 00 00 00 00 03 00 00 00 0c 00 00 16 a4  G...............
00001c50: 00 13 d6 20 00 13 d6 20 00 14 99 70 00 00 00 03  ... ... ...p....
00001c60: 00 00 00 0c 00 00 16 b2 00 13 d6 20 00 13 d6 20  ........... ... 
00001c70: 00 14 99 70 00 00 00 03 00 00 00 0c 00 00 16 c3  ...p............
00001c80: 00 13 74 78 00 13 74 78 00 14 99 70 00 00 00 03  ..tx..tx...p....
00001c90: 00 00 00 0c 00 00 16 d4 00 13 12 d0 00 13 12 d0  ................
00001ca0: 00 14 99 70 00 00 00 03 00 00 00 0c 00 00 16 e5  ...p............
00001cb0: 00 12 4f 80 00 12 4f 80 00 14 99 70 00 00 00 03  ..O...O....p....
00001cc0: 00 00 00 04 00 00 16 f6 00 00 9c 40 00 00 00 02  ...........@....
00001cd0: 00 00 00 01 6f 70 70 2d 31 32 34 38 30 30 30 30  ....opp-12480000
00001ce0: 30 30 00 00 00 00 00 03 00 00 00 08 00 00 16 9d  00..............
00001cf0: 00 00 00 00 4a 62 f8 00 00 00 00 03 00 00 00 0c  ....Jb..........
00001d00: 00 00 16 a4 00 14 99 70 00 14 99 70 00 14 99 70  .......p...p...p
00001d10: 00 00 00 03 00 00 00 0c 00 00 16 b2 00 14 99 70  ...............p
00001d20: 00 14 99 70 00 14 99 70 00 00 00 03 00 00 00 0c  ...p...p........
00001d30: 00 00 16 c3 00 13 d6 20 00 13 d6 20 00 14 99 70  ....... ... ...p
00001d40: 00 00 00 03 00 00 00 0c 00 00 16 d4 00 13 74 78  ..............tx
00001d50: 00 13 74 78 00 14 99 70 00 00 00 03 00 00 00 0c  ..tx...p........
00001d60: 00 00 16 e5 00 12 b1 28 00 12 b1 28 00 14 99 70  .......(...(...p
00001d70: 00 00 00 03 00 00 00 04 00 00 16 f6 00 00 9c 40  ...............@
00001d80: 00 00 00 02 00 00 00 01 6f 70 70 2d 31 32 39 36  ........opp-1296
00001d90: 30 30 30 30 30 30 00 00 00 00 00 03 00 00 00 08  000000..........
00001da0: 00 00 16 9d 00 00 00 00 4d 3f 64 00 00 00 00 03  ........M?d.....
00001db0: 00 00 00 0c 00 00 16 a4 00 14 99 70 00 14 99 70  ...........p...p
00001dc0: 00 14 99 70 00 00 00 03 00 00 00 0c 00 00 16 b2  ...p............
00001dd0: 00 14 99 70 00 14 99 70 00 14 99 70 00 00 00 03  ...p...p...p....
00001de0: 00 00 00 0c 00 00 16 c3 00 14 99 70 00 14 99 70  ...........p...p
00001df0: 00 14 99 70 00 00 00 03 00 00 00 0c 00 00 16 d4  ...p............
00001e00: 00 13 d6 20 00 13 d6 20 00 14 99 70 00 00 00 03  ... ... ...p....
00001e10: 00 00 00 0c 00 00 16 e5 00 13 12 d0 00 13 12 d0  ................
00001e20: 00 14 99 70 00 00 00 03 00 00 00 04 00 00 16 f6  ...p............
00001e30: 00 00 9c 40 00 00 00 02 00 00 00 01 6f 70 70 2d  ...@........opp-
00001e40: 31 34 31 36 30 30 30 30 30 30 00 00 00 00 00 03  1416000000......
00001e50: 00 00 00 08 00 00 16 9d 00 00 00 00 54 66 72 00  ............Tfr.
00001e60: 00 00 00 03 00 00 00 0c 00 00 16 a4 00 14 99 70  ...............p
00001e70: 00 14 99 70 00 14 99 70 00 00 00 03 00 00 00 0c  ...p...p........
00001e80: 00 00 16 b2 00 14 99 70 00 14 99 70 00 14 99 70  .......p...p...p
00001e90: 00 00 00 03 00 00 00 0c 00 00 16 c3 00 14 99 70  ...............p
00001ea0: 00 14 99 70 00 14 99 70 00 00 00 03 00 00 00 0c  ...p...p........
00001eb0: 00 00 16 d4 00 13 d6 20 00 13 d6 20 00 14 99 70  ....... ... ...p
00001ec0: 00 00 00 03 00 00 00 0c 00 00 16 e5 00 13 12 d0  ................
00001ed0: 00 13 12 d0 00 14 99 70 00 00 00 03 00 00 00 04  .......p........
00001ee0: 00 00 16 f6 00 00 9c 40 00 00 00 02 00 00 00 01  .......@........
00001ef0: 6f 70 70 2d 31 35 31 32 30 30 30 30 30 30 00 00  opp-1512000000..
00001f00: 00 00 00 03 00 00 00 08 00 00 16 9d 00 00 00 00  ................
00001f10: 5a 1f 4a 00 00 00 00 03 00 00 00 0c 00 00 16 a4  Z.J.............
00001f20: 00 14 99 70 00 14 99 70 00 14 99 70 00 00 00 03  ...p...p...p....
00001f30: 00 00 00 0c 00 00 16 b2 00 14 99 70 00 14 99 70  ...........p...p
00001f40: 00 14 99 70 00 00 00 03 00 00 00 0c 00 00 16 c3  ...p............
00001f50: 00 14 99 70 00 14 99 70 00 14 99 70 00 00 00 03  ...p...p...p....
00001f60: 00 00 00 0c 00 00 16 d4 00 13 d6 20 00 13 d6 20  ........... ... 
00001f70: 00 14 99 70 00 00 00 03 00 00 00 0c 00 00 16 e5  ...p............
00001f80: 00 13 12 d0 00 13 12 d0 00 14 99 70 00 00 00 03  ...........p....
00001f90: 00 00 00 04 00 00 16 f6 00 00 9c 40 00 00 00 02  ...........@....
00001fa0: 00 00 00 01 6f 70 70 2d 31 33 36 38 30 30 30 30  ....opp-13680000
00001fb0: 30 30 00 00 00 00 00 03 00 00 00 08 00 00 16 9d  00..............
00001fc0: 00 00 00 00 51 8a 06 00 00 00 00 03 00 00 00 0c  ....Q...........
00001fd0: 00 00 16 a4 00 14 99 70 00 14 99 70 00 14 99 70  .......p...p...p
00001fe0: 00 00 00 03 00 00 00 0c 00 00 16 b2 00 14 99 70  ...............p
00001ff0: 00 14 99 70 00 14 99 70 00 00 00 03 00 00 00 0c  ...p...p........
00002000: 00 00 16 c3 00 14 99 70 00 14 99 70 00 14 99 70  .......p...p...p
00002010: 00 00 00 03 00 00 00 0c 00 00 16 d4 00 13 d6 20  ............... 
00002020: 00 13 d6 20 00 14 99 70 00 00 00 03 00 00 00 0c  ... ...p........
00002030: 00 00 16 e5 00 13 12 d0 00 13 12 d0 00 14 99 70  ...............p
00002040: 00 00 00 03 00 00 00 04 00 00 16 f6 00 00 9c 40  ...............@
00002050: 00 00 00 02 00 00 00 01 6f 70 70 2d 31 34 34 30  ........opp-1440
00002060: 30 30 30 30 30 30 00 00 00 00 00 03 00 00 00 08  000000..........
00002070: 00 00 16 9d 00 00 00 00 55 d4 a8 00 00 00 00 03  ........U.......
00002080: 00 00 00 0c 00 00 16 a4 00 14 99 70 00 14 99 70  ...........p...p
00002090: 00 14 99 70 00 00 00 03 00 00 00 0c 00 00 16 b2  ...p............
000020a0: 00 14 99 70 00 14 99 70 00 14 99 70 00 00 00 03  ...p...p...p....
000020b0: 00 00 00 0c 00 00 16 c3 00 14 99 70 00 14 99 70  ...........p...p
000020c0: 00 14 99 70 00 00 00 03 00 00 00 0c 00 00 16 d4  ...p............
000020d0: 00 13 d6 20 00 13 d6 20 00 14 99 70 00 00 00 03  ... ... ...p....
000020e0: 00 00 00 0c 00 00 16 e5 00 13 12 d0 00 13 12 d0  ................
000020f0: 00 14 99 70 00 00 00 03 00 00 00 04 00 00 16 f6  ...p............
00002100: 00 00 9c 40 00 00 00 02 00 00 00 01 6f 70 70 2d  ...@........opp-
00002110: 31 34 36 34 30 30 30 30 30 30 00 00 00 00 00 03  1464000000......
00002120: 00 00 00 08 00 00 16 9d 00 00 00 00 57 42 de 00  ............WB..
00002130: 00 00 00 03 00 00 00 0c 00 00 16 a4 00 14 99 70  ...............p
00002140: 00 14 99 70 00 14 99 70 00 00 00 03 00 00 00 0c  ...p...p........
00002150: 00 00 16 b2 00 14 99 70 00 14 99 70 00 14 99 70  .......p...p...p
00002160: 00 00 00 03 00 00 00 0c 00 00 16 c3 00 14 99 70  ...............p
00002170: 00 14 99 70 00 14 99 70 00 00 00 03 00 00 00 0c  ...p...p........
00002180: 00 00 16 d4 00 13 d6 20 00 13 d6 20 00 14 99 70  ....... ... ...p
00002190: 00 00 00 03 00 00 00 0c 00 00 16 e5 00 13 12 d0  ................
000021a0: 00 13 12 d0 00 14 99 70 00 00 00 03 00 00 00 04  .......p........
000021b0: 00 00 16 f6 00 00 9c 40 00 00 00 02 00 00 00 01  .......@........
000021c0: 6f 70 70 2d 31 34 38 38 30 30 30 30 30 30 00 00  opp-1488000000..
000021d0: 00 00 00 03 00 00 00 08 00 00 16 9d 00 00 00 00  ................
000021e0: 58 b1 14 00 00 00 00 03 00 00 00 0c 00 00 16 a4  X...............
000021f0: 00 14 99 70 00 14 99 70 00 14 99 70 00 00 00 03  ...p...p...p....
00002200: 00 00 00 0c 00 00 16 b2 00 14 99 70 00 14 99 70  ...........p...p
00002210: 00 14 99 70 00 00 00 03 00 00 00 0c 00 00 16 c3  ...p............
00002220: 00 14 99 70 00 14 99 70 00 14 99 70 00 00 00 03  ...p...p...p....
00002230: 00 00 00 0c 00 00 16 d4 00 13 d6 20 00 13 d6 20  ........... ... 
00002240: 00 14 99 70 00 00 00 03 00 00 00 0c 00 00 16 e5  ...p............
00002250: 00 13 12 d0 00 13 12 d0 00 14 99 70 00 00 00 03  ...........p....
00002260: 00 00 00 04 00 00 16 f6 00 00 9c 40 00 00 00 02  ...........@....
00002270: 00 00 00 01 6f 70 70 2d 31 36 30 38 30 30 30 30  ....opp-16080000
00002280: 30 30 00 00 00 00 00 03 00 00 00 08 00 00 16 9d  00..............
00002290: 00 00 00 00 5f d8 22 00 00 00 00 03 00 00 00 0c  ...._.".........
000022a0: 00 00 16 a4 00 14 99 70 00 14 99 70 00 14 99 70  .......p...p...p
000022b0: 00 00 00 03 00 00 00 0c 00 00 16 b2 00 14 99 70  ...............p
000022c0: 00 14 99 70 00 14 99 70 00 00 00 03 00 00 00 0c  ...p...p........
000022d0: 00 00 16 c3 00 14 99 70 00 14 99 70 00 14 99 70  .......p...p...p
000022e0: 00 00 00 03 00 00 00 0c 00 00 16 d4 00 13 d6 20  ............... 
000022f0: 00 14 99 70 00 14 99 70 00 00 00 03 00 00 00 0c  ...p...p........
00002300: 00 00 16 e5 00 13 12 d0 00 14 99 70 00 14 99 70  ...........p...p
00002310: 00 00 00 03 00 00 00 04 00 00 16 f6 00 00 9c 40  ...............@
00002320: 00 00 00 02 00 00 00 02 00 00 00 01 61 72 6d 2d  ............arm-
00002330: 70 6d 75 00 00 00 00 03 00 00 00 13 00 00 00 00  pmu.............
00002340: 61 72 6d 2c 63 6f 72 74 65 78 2d 61 35 33 2d 70  arm,cortex-a53-p
00002350: 6d 75 00 00 00 00 00 03 00 00 00 30 00 00 17 13  mu.........0....
00002360: 00 00 00 00 00 00 00 64 00 00 00 04 00 00 00 00  .......d........
00002370: 00 00 00 65 00 00 00 04 00 00 00 00 00 00 00 66  ...e...........f
00002380: 00 00 00 04 00 00 00 00 00 00 00 67 00 00 00 04  ...........g....
00002390: 00 00 00 03 00 00 00 10 00 00 17 1e 00 00 00 09  ................
000023a0: 00 00 00 0a 00 00 00 0b 00 00 00 0c 00 00 00 02  ................
000023b0: 00 00 00 01 62 75 73 2d 73 6f 63 00 00 00 00 03  ....bus-soc.....
000023c0: 00 00 00 12 00 00 00 00 72 6f 63 6b 63 68 69 70  ........rockchip
000023d0: 2c 70 78 33 30 2d 62 75 73 00 00 00 00 00 00 03  ,px30-bus.......
000023e0: 00 00 00 07 00 00 17 31 61 75 74 6f 63 73 00 00  .......1autocs..
000023f0: 00 00 00 03 00 00 00 04 00 00 13 95 00 00 00 c2  ................
00002400: 00 00 00 01 73 6f 63 2d 62 75 73 30 00 00 00 00  ....soc-bus0....
00002410: 00 00 00 03 00 00 00 04 00 00 17 49 00 00 00 00  ...........I....
00002420: 00 00 00 03 00 00 00 04 00 00 17 50 00 00 00 14  ...........P....
00002430: 00 00 00 03 00 00 00 04 00 00 17 59 00 00 40 f7  ...........Y..@.
00002440: 00 00 00 03 00 00 00 09 00 00 17 64 64 69 73 61  ...........ddisa
00002450: 62 6c 65 64 00 00 00 00 00 00 00 02 00 00 00 01  bled............
00002460: 73 6f 63 2d 62 75 73 31 00 00 00 00 00 00 00 03  soc-bus1........
00002470: 00 00 00 04 00 00 17 49 00 00 00 01 00 00 00 03  .......I........
00002480: 00 00 00 04 00 00 17 50 00 00 00 c8 00 00 00 03  .......P........
00002490: 00 00 00 04 00 00 17 59 00 00 40 bf 00 00 00 03  .......Y..@.....
000024a0: 00 00 00 09 00 00 17 64 64 69 73 61 62 6c 65 64  .......ddisabled
000024b0: 00 00 00 00 00 00 00 02 00 00 00 01 73 6f 63 2d  ............soc-
000024c0: 62 75 73 32 00 00 00 00 00 00 00 03 00 00 00 04  bus2............
000024d0: 00 00 17 49 00 00 00 02 00 00 00 03 00 00 00 04  ...I............
000024e0: 00 00 17 50 00 00 00 c8 00 00 00 03 00 00 00 04  ...P............
000024f0: 00 00 17 59 00 00 40 07 00 00 00 03 00 00 00 09  ...Y..@.........
00002500: 00 00 17 64 64 69 73 61 62 6c 65 64 00 00 00 00  ...ddisabled....
00002510: 00 00 00 02 00 00 00 02 00 00 00 01 62 75 73 2d  ............bus-
00002520: 61 70 6c 6c 00 00 00 00 00 00 00 03 00 00 00 12  apll............
00002530: 00 00 00 00 72 6f 63 6b 63 68 69 70 2c 70 78 33  ....rockchip,px3
00002540: 30 2d 62 75 73 00 00 00 00 00 00 03 00 00 00 08  0-bus...........
00002550: 00 00 17 31 63 6c 6b 66 72 65 71 00 00 00 00 03  ...1clkfreq.....
00002560: 00 00 00 08 00 00 14 13 00 00 00 02 00 00 00 01  ................
00002570: 00 00 00 03 00 00 00 04 00 00 17 6b 62 75 73 00  ...........kbus.
00002580: 00 00 00 03 00 00 00 04 00 00 14 43 00 00 00 0d  ...........C....
00002590: 00 00 00 03 00 00 00 05 00 00 17 64 6f 6b 61 79  ...........dokay
000025a0: 00 00 00 00 00 00 00 03 00 00 00 04 00 00 17 77  ...............w
000025b0: 00 00 00 0e 00 00 00 03 00 00 00 04 00 00 13 95  ................
000025c0: 00 00 00 c3 00 00 00 02 00 00 00 01 62 75 73 2d  ............bus-
000025d0: 61 70 6c 6c 2d 6f 70 70 2d 74 61 62 6c 65 00 00  apll-opp-table..
000025e0: 00 00 00 03 00 00 00 14 00 00 00 00 6f 70 65 72  ............oper
000025f0: 61 74 69 6e 67 2d 70 6f 69 6e 74 73 2d 76 32 00  ating-points-v2.
00002600: 00 00 00 03 00 00 00 00 00 00 14 d9 00 00 00 03  ................
00002610: 00 00 00 04 00 00 13 95 00 00 00 0d 00 00 00 01  ................
00002620: 6f 70 70 2d 31 35 31 32 30 30 30 30 30 30 00 00  opp-1512000000..
00002630: 00 00 00 03 00 00 00 08 00 00 16 9d 00 00 00 00  ................
00002640: 5a 1f 4a 00 00 00 00 03 00 00 00 04 00 00 16 a4  Z.J.............
00002650: 00 0f 42 40 00 00 00 02 00 00 00 01 6f 70 70 2d  ..B@........opp-
00002660: 31 30 30 38 30 30 30 30 30 30 00 00 00 00 00 03  1008000000......
00002670: 00 00 00 08 00 00 16 9d 00 00 00 00 3c 14 dc 00  ............<...
00002680: 00 00 00 03 00 00 00 04 00 00 16 a4 00 0e 7e f0  ..............~.
00002690: 00 00 00 02 00 00 00 02 00 00 00 01 63 70 75 69  ............cpui
000026a0: 6e 66 6f 00 00 00 00 03 00 00 00 11 00 00 00 00  nfo.............
000026b0: 72 6f 63 6b 63 68 69 70 2c 63 70 75 69 6e 66 6f  rockchip,cpuinfo
000026c0: 00 00 00 00 00 00 00 03 00 00 00 04 00 00 15 81  ................
000026d0: 00 00 00 0f 00 00 00 03 00 00 00 03 00 00 15 8d  ................
000026e0: 69 64 00 00 00 00 00 02 00 00 00 01 64 69 73 70  id..........disp
000026f0: 6c 61 79 2d 73 75 62 73 79 73 74 65 6d 00 00 00  lay-subsystem...
00002700: 00 00 00 03 00 00 00 1b 00 00 00 00 72 6f 63 6b  ............rock
00002710: 63 68 69 70 2c 64 69 73 70 6c 61 79 2d 73 75 62  chip,display-sub
00002720: 73 79 73 74 65 6d 00 00 00 00 00 03 00 00 00 04  system..........
00002730: 00 00 17 82 00 00 00 10 00 00 00 03 00 00 00 05  ................
00002740: 00 00 17 64 6f 6b 61 79 00 00 00 00 00 00 00 03  ...dokay........
00002750: 00 00 00 04 00 00 17 88 00 00 00 11 00 00 00 03  ................
00002760: 00 00 00 04 00 00 13 95 00 00 00 c4 00 00 00 01  ................
00002770: 72 6f 75 74 65 00 00 00 00 00 00 01 72 6f 75 74  route.......rout
00002780: 65 2d 6c 76 64 73 00 00 00 00 00 03 00 00 00 09  e-lvds..........
00002790: 00 00 17 64 64 69 73 61 62 6c 65 64 00 00 00 00  ...ddisabled....
000027a0: 00 00 00 03 00 00 00 09 00 00 17 9b 6c 6f 67 6f  ............logo
000027b0: 2e 62 6d 70 00 00 00 00 00 00 00 03 00 00 00 10  .bmp............
000027c0: 00 00 17 a6 6c 6f 67 6f 5f 6b 65 72 6e 65 6c 2e  ....logo_kernel.
000027d0: 62 6d 70 00 00 00 00 03 00 00 00 07 00 00 17 b2  bmp.............
000027e0: 63 65 6e 74 65 72 00 00 00 00 00 03 00 00 00 07  center..........
000027f0: 00 00 17 bc 63 65 6e 74 65 72 00 00 00 00 00 03  ....center......
00002800: 00 00 00 04 00 00 17 cd 00 00 00 12 00 00 00 03  ................
00002810: 00 00 00 04 00 00 13 95 00 00 00 c5 00 00 00 02  ................
00002820: 00 00 00 01 72 6f 75 74 65 2d 64 73 69 00 00 00  ....route-dsi...
00002830: 00 00 00 03 00 00 00 05 00 00 17 64 6f 6b 61 79  ...........dokay
00002840: 00 00 00 00 00 00 00 03 00 00 00 09 00 00 17 9b  ................
00002850: 6c 6f 67 6f 2e 62 6d 70 00 00 00 00 00 00 00 03  logo.bmp........
00002860: 00 00 00 10 00 00 17 a6 6c 6f 67 6f 5f 6b 65 72  ........logo_ker
00002870: 6e 65 6c 2e 62 6d 70 00 00 00 00 03 00 00 00 07  nel.bmp.........
00002880: 00 00 17 b2 63 65 6e 74 65 72 00 00 00 00 00 03  ....center......
00002890: 00 00 00 07 00 00 17 bc 63 65 6e 74 65 72 00 00  ........center..
000028a0: 00 00 00 03 00 00 00 04 00 00 17 cd 00 00 00 13  ................
000028b0: 00 00 00 03 00 00 00 04 00 00 13 95 00 00 00 c6  ................
000028c0: 00 00 00 02 00 00 00 01 72 6f 75 74 65 2d 72 67  ........route-rg
000028d0: 62 00 00 00 00 00 00 03 00 00 00 09 00 00 17 64  b..............d
000028e0: 64 69 73 61 62 6c 65 64 00 00 00 00 00 00 00 03  disabled........
000028f0: 00 00 00 09 00 00 17 9b 6c 6f 67 6f 2e 62 6d 70  ........logo.bmp
00002900: 00 00 00 00 00 00 00 03 00 00 00 10 00 00 17 a6  ................
00002910: 6c 6f 67 6f 5f 6b 65 72 6e 65 6c 2e 62 6d 70 00  logo_kernel.bmp.
00002920: 00 00 00 03 00 00 00 07 00 00 17 b2 63 65 6e 74  ............cent
00002930: 65 72 00 00 00 00 00 03 00 00 00 07 00 00 17 bc  er..............
00002940: 63 65 6e 74 65 72 00 00 00 00 00 03 00 00 00 04  center..........
00002950: 00 00 17 cd 00 00 00 14 00 00 00 03 00 00 00 04  ................
00002960: 00 00 13 95 00 00 00 c7 00 00 00 02 00 00 00 02  ................
00002970: 00 00 00 02 00 00 00 01 66 69 72 6d 77 61 72 65  ........firmware
00002980: 00 00 00 00 00 00 00 01 6f 70 74 65 65 00 00 00  ........optee...
00002990: 00 00 00 03 00 00 00 10 00 00 00 00 6c 69 6e 61  ............lina
000029a0: 72 6f 2c 6f 70 74 65 65 2d 74 7a 00 00 00 00 03  ro,optee-tz.....
000029b0: 00 00 00 04 00 00 14 0c 73 6d 63 00 00 00 00 02  ........smc.....
000029c0: 00 00 00 02 00 00 00 01 65 78 74 65 72 6e 61 6c  ........external
000029d0: 2d 67 6d 61 63 2d 63 6c 6f 63 6b 00 00 00 00 03  -gmac-clock.....
000029e0: 00 00 00 0c 00 00 00 00 66 69 78 65 64 2d 63 6c  ........fixed-cl
000029f0: 6f 63 6b 00 00 00 00 03 00 00 00 04 00 00 17 d5  ock.............
00002a00: 02 fa f0 80 00 00 00 03 00 00 00 0b 00 00 17 e5  ................
00002a10: 67 6d 61 63 5f 63 6c 6b 69 6e 00 00 00 00 00 03  gmac_clkin......
00002a20: 00 00 00 04 00 00 17 f8 00 00 00 00 00 00 00 03  ................
00002a30: 00 00 00 04 00 00 13 95 00 00 00 c8 00 00 00 02  ................
00002a40: 00 00 00 01 70 73 63 69 00 00 00 00 00 00 00 03  ....psci........
00002a50: 00 00 00 0d 00 00 00 00 61 72 6d 2c 70 73 63 69  ........arm,psci
00002a60: 2d 31 2e 30 00 00 00 00 00 00 00 03 00 00 00 04  -1.0............
00002a70: 00 00 14 0c 73 6d 63 00 00 00 00 02 00 00 00 01  ....smc.........
00002a80: 72 6f 63 6b 63 68 69 70 2d 73 75 73 70 65 6e 64  rockchip-suspend
00002a90: 00 00 00 00 00 00 00 03 00 00 00 11 00 00 00 00  ................
00002aa0: 72 6f 63 6b 63 68 69 70 2c 70 6d 2d 70 78 33 30  rockchip,pm-px30
00002ab0: 00 00 00 00 00 00 00 03 00 00 00 05 00 00 17 64  ...............d
00002ac0: 6f 6b 61 79 00 00 00 00 00 00 00 03 00 00 00 04  okay............
00002ad0: 00 00 18 05 00 00 00 01 00 00 00 03 00 00 00 04  ................
00002ae0: 00 00 18 1d 00 02 07 02 00 00 00 03 00 00 00 04  ................
00002af0: 00 00 18 38 00 00 00 85 00 00 00 03 00 00 00 04  ...8............
00002b00: 00 00 13 95 00 00 00 c9 00 00 00 02 00 00 00 01  ................
00002b10: 74 69 6d 65 72 00 00 00 00 00 00 03 00 00 00 10  timer...........
00002b20: 00 00 00 00 61 72 6d 2c 61 72 6d 76 38 2d 74 69  ....arm,armv8-ti
00002b30: 6d 65 72 00 00 00 00 03 00 00 00 30 00 00 17 13  mer........0....
00002b40: 00 00 00 01 00 00 00 0d 00 00 0f 04 00 00 00 01  ................
00002b50: 00 00 00 0e 00 00 0f 04 00 00 00 01 00 00 00 0b  ................
00002b60: 00 00 0f 04 00 00 00 01 00 00 00 0a 00 00 0f 04  ................
00002b70: 00 00 00 02 00 00 00 01 78 69 6e 32 34 6d 00 00  ........xin24m..
00002b80: 00 00 00 03 00 00 00 0c 00 00 00 00 66 69 78 65  ............fixe
00002b90: 64 2d 63 6c 6f 63 6b 00 00 00 00 03 00 00 00 04  d-clock.........
00002ba0: 00 00 17 f8 00 00 00 00 00 00 00 03 00 00 00 04  ................
00002bb0: 00 00 17 d5 01 6e 36 00 00 00 00 03 00 00 00 07  .....n6.........
00002bc0: 00 00 17 e5 78 69 6e 32 34 6d 00 00 00 00 00 03  ....xin24m......
00002bd0: 00 00 00 04 00 00 13 95 00 00 00 ca 00 00 00 02  ................
00002be0: 00 00 00 01 78 69 6e 33 32 6b 00 00 00 00 00 03  ....xin32k......
00002bf0: 00 00 00 0c 00 00 00 00 66 69 78 65 64 2d 63 6c  ........fixed-cl
00002c00: 6f 63 6b 00 00 00 00 03 00 00 00 04 00 00 17 f8  ock.............
00002c10: 00 00 00 00 00 00 00 03 00 00 00 04 00 00 17 d5  ................
00002c20: 00 00 80 00 00 00 00 03 00 00 00 07 00 00 17 e5  ................
00002c30: 78 69 6e 33 32 6b 00 00 00 00 00 03 00 00 00 04  xin32k..........
00002c40: 00 00 13 95 00 00 00 cb 00 00 00 02 00 00 00 01  ................
00002c50: 70 6f 77 65 72 2d 6d 61 6e 61 67 65 6d 65 6e 74  power-management
00002c60: 40 66 66 30 30 30 30 30 30 00 00 00 00 00 00 03  @ff000000.......
00002c70: 00 00 00 24 00 00 00 00 72 6f 63 6b 63 68 69 70  ...$....rockchip
00002c80: 2c 70 78 33 30 2d 70 6d 75 00 73 79 73 63 6f 6e  ,px30-pmu.syscon
00002c90: 00 73 69 6d 70 6c 65 2d 6d 66 64 00 00 00 00 03  .simple-mfd.....
00002ca0: 00 00 00 10 00 00 14 01 00 00 00 00 ff 00 00 00  ................
00002cb0: 00 00 00 00 00 00 10 00 00 00 00 03 00 00 00 04  ................
00002cc0: 00 00 13 95 00 00 00 cc 00 00 00 01 70 6f 77 65  ............powe
00002cd0: 72 2d 63 6f 6e 74 72 6f 6c 6c 65 72 00 00 00 00  r-controller....
00002ce0: 00 00 00 03 00 00 00 1f 00 00 00 00 72 6f 63 6b  ............rock
00002cf0: 63 68 69 70 2c 70 78 33 30 2d 70 6f 77 65 72 2d  chip,px30-power-
00002d00: 63 6f 6e 74 72 6f 6c 6c 65 72 00 00 00 00 00 03  controller......
00002d10: 00 00 00 04 00 00 18 4f 00 00 00 01 00 00 00 03  .......O........
00002d20: 00 00 00 04 00 00 00 1c 00 00 00 01 00 00 00 03  ................
00002d30: 00 00 00 04 00 00 00 2b 00 00 00 00 00 00 00 03  .......+........
00002d40: 00 00 00 04 00 00 13 95 00 00 00 8b 00 00 00 01  ................
00002d50: 70 64 5f 75 73 62 40 35 00 00 00 00 00 00 00 03  pd_usb@5........
00002d60: 00 00 00 04 00 00 14 01 00 00 00 05 00 00 00 03  ................
00002d70: 00 00 00 18 00 00 14 13 00 00 00 02 00 00 01 03  ................
00002d80: 00 00 00 02 00 00 01 02 00 00 00 02 00 00 00 3c  ...............<
00002d90: 00 00 00 03 00 00 00 08 00 00 18 63 00 00 00 15  ...........c....
00002da0: 00 00 00 16 00 00 00 02 00 00 00 01 70 64 5f 73  ............pd_s
00002db0: 64 63 61 72 64 40 37 00 00 00 00 03 00 00 00 04  dcard@7.........
00002dc0: 00 00 14 01 00 00 00 07 00 00 00 03 00 00 00 10  ................
00002dd0: 00 00 14 13 00 00 00 02 00 00 00 f7 00 00 00 02  ................
00002de0: 00 00 00 3b 00 00 00 03 00 00 00 04 00 00 18 63  ...;...........c
00002df0: 00 00 00 17 00 00 00 02 00 00 00 01 70 64 5f 67  ............pd_g
00002e00: 6d 61 63 40 39 00 00 00 00 00 00 03 00 00 00 04  mac@9...........
00002e10: 00 00 14 01 00 00 00 09 00 00 00 03 00 00 00 20  ............... 
00002e20: 00 00 14 13 00 00 00 02 00 00 00 b2 00 00 00 02  ................
00002e30: 00 00 01 43 00 00 00 02 00 00 00 40 00 00 00 02  ...C.......@....
00002e40: 00 00 00 3f 00 00 00 03 00 00 00 04 00 00 18 63  ...?...........c
00002e50: 00 00 00 18 00 00 00 02 00 00 00 01 70 64 5f 6d  ............pd_m
00002e60: 6d 63 5f 6e 61 6e 64 40 31 30 00 00 00 00 00 03  mc_nand@10......
00002e70: 00 00 00 04 00 00 14 01 00 00 00 0a 00 00 00 03  ................
00002e80: 00 00 00 40 00 00 14 13 00 00 00 02 00 00 00 fe  ...@............
00002e90: 00 00 00 02 00 00 01 00 00 00 00 02 00 00 00 ff  ................
00002ea0: 00 00 00 02 00 00 01 01 00 00 00 02 00 00 00 39  ...............9
00002eb0: 00 00 00 02 00 00 00 37 00 00 00 02 00 00 00 38  .......7.......8
00002ec0: 00 00 00 02 00 00 00 3a 00 00 00 03 00 00 00 10  .......:........
00002ed0: 00 00 18 63 00 00 00 19 00 00 00 1a 00 00 00 1b  ...c............
00002ee0: 00 00 00 1c 00 00 00 02 00 00 00 01 70 64 5f 76  ............pd_v
00002ef0: 70 75 40 31 31 00 00 00 00 00 00 03 00 00 00 04  pu@11...........
00002f00: 00 00 14 01 00 00 00 0b 00 00 00 03 00 00 00 18  ................
00002f10: 00 00 14 13 00 00 00 02 00 00 00 af 00 00 00 02  ................
00002f20: 00 00 00 f4 00 00 00 02 00 00 00 4b 00 00 00 03  ...........K....
00002f30: 00 00 00 08 00 00 18 63 00 00 00 1d 00 00 00 1e  .......c........
00002f40: 00 00 00 02 00 00 00 01 70 64 5f 76 6f 40 31 32  ........pd_vo@12
00002f50: 00 00 00 00 00 00 00 03 00 00 00 04 00 00 14 01  ................
00002f60: 00 00 00 0c 00 00 00 03 00 00 00 58 00 00 14 13  ...........X....
00002f70: 00 00 00 02 00 00 00 b7 00 00 00 02 00 00 00 b5  ................
00002f80: 00 00 00 02 00 00 00 b6 00 00 00 02 00 00 00 96  ................
00002f90: 00 00 00 02 00 00 00 97 00 00 00 02 00 00 00 fd  ................
00002fa0: 00 00 00 02 00 00 00 fb 00 00 00 02 00 00 00 fc  ................
00002fb0: 00 00 00 02 00 00 01 44 00 00 00 02 00 00 00 35  .......D.......5
00002fc0: 00 00 00 02 00 00 00 36 00 00 00 03 00 00 00 10  .......6........
00002fd0: 00 00 18 63 00 00 00 1f 00 00 00 20 00 00 00 21  ...c....... ...!
00002fe0: 00 00 00 22 00 00 00 02 00 00 00 01 70 64 5f 76  ..."........pd_v
00002ff0: 69 40 31 33 00 00 00 00 00 00 00 03 00 00 00 04  i@13............
00003000: 00 00 14 01 00 00 00 0d 00 00 00 03 00 00 00 28  ...............(
00003010: 00 00 14 13 00 00 00 02 00 00 00 b3 00 00 00 02  ................
00003020: 00 00 00 b4 00 00 00 02 00 00 00 f9 00 00 00 02  ................
00003030: 00 00 00 fa 00 00 00 02 00 00 00 33 00 00 00 03  ...........3....
00003040: 00 00 00 14 00 00 18 63 00 00 00 23 00 00 00 24  .......c...#...$
00003050: 00 00 00 25 00 00 00 26 00 00 00 27 00 00 00 02  ...%...&...'....
00003060: 00 00 00 01 70 64 5f 67 70 75 40 31 34 00 00 00  ....pd_gpu@14...
00003070: 00 00 00 03 00 00 00 04 00 00 14 01 00 00 00 0e  ................
00003080: 00 00 00 03 00 00 00 08 00 00 14 13 00 00 00 02  ................
00003090: 00 00 00 49 00 00 00 03 00 00 00 04 00 00 18 63  ...I...........c
000030a0: 00 00 00 28 00 00 00 02 00 00 00 02 00 00 00 02  ...(............
000030b0: 00 00 00 01 73 79 73 63 6f 6e 40 66 66 30 31 30  ....syscon@ff010
000030c0: 30 30 30 00 00 00 00 03 00 00 00 27 00 00 00 00  000........'....
000030d0: 72 6f 63 6b 63 68 69 70 2c 70 78 33 30 2d 70 6d  rockchip,px30-pm
000030e0: 75 67 72 66 00 73 79 73 63 6f 6e 00 73 69 6d 70  ugrf.syscon.simp
000030f0: 6c 65 2d 6d 66 64 00 00 00 00 00 03 00 00 00 10  le-mfd..........
00003100: 00 00 14 01 00 00 00 00 ff 01 00 00 00 00 00 00  ................
00003110: 00 00 10 00 00 00 00 03 00 00 00 04 00 00 00 1c  ................
00003120: 00 00 00 01 00 00 00 03 00 00 00 04 00 00 00 2b  ...............+
00003130: 00 00 00 01 00 00 00 03 00 00 00 04 00 00 13 95  ................
00003140: 00 00 00 ac 00 00 00 01 69 6f 2d 64 6f 6d 61 69  ........io-domai
00003150: 6e 73 00 00 00 00 00 03 00 00 00 24 00 00 00 00  ns.........$....
00003160: 72 6f 63 6b 63 68 69 70 2c 70 78 33 30 2d 70 6d  rockchip,px30-pm
00003170: 75 2d 69 6f 2d 76 6f 6c 74 61 67 65 2d 64 6f 6d  u-io-voltage-dom
00003180: 61 69 6e 00 00 00 00 03 00 00 00 05 00 00 17 64  ain............d
00003190: 6f 6b 61 79 00 00 00 00 00 00 00 03 00 00 00 04  okay............
000031a0: 00 00 18 6a 00 00 00 29 00 00 00 03 00 00 00 04  ...j...)........
000031b0: 00 00 18 78 00 00 00 29 00 00 00 03 00 00 00 04  ...x...)........
000031c0: 00 00 13 95 00 00 00 cd 00 00 00 02 00 00 00 01  ................
000031d0: 72 65 62 6f 6f 74 2d 6d 6f 64 65 00 00 00 00 03  reboot-mode.....
000031e0: 00 00 00 13 00 00 00 00 73 79 73 63 6f 6e 2d 72  ........syscon-r
000031f0: 65 62 6f 6f 74 2d 6d 6f 64 65 00 00 00 00 00 03  eboot-mode......
00003200: 00 00 00 04 00 00 18 86 00 00 02 00 00 00 00 03  ................
00003210: 00 00 00 04 00 00 18 8d 52 42 c3 01 00 00 00 03  ........RB......
00003220: 00 00 00 04 00 00 18 9d 52 42 c3 0b 00 00 00 03  ........RB......
00003230: 00 00 00 04 00 00 18 a9 52 42 c3 09 00 00 00 03  ........RB......
00003240: 00 00 00 04 00 00 18 b7 52 42 c3 01 00 00 00 03  ........RB......
00003250: 00 00 00 04 00 00 18 c3 52 42 c3 00 00 00 00 03  ........RB......
00003260: 00 00 00 04 00 00 18 cf 52 42 c3 03 00 00 00 03  ........RB......
00003270: 00 00 00 04 00 00 18 dd 52 42 c3 0c 00 00 00 02  ........RB......
00003280: 00 00 00 01 70 6d 75 2d 70 76 74 6d 00 00 00 00  ....pmu-pvtm....
00003290: 00 00 00 03 00 00 00 17 00 00 00 00 72 6f 63 6b  ............rock
000032a0: 63 68 69 70 2c 70 78 33 30 2d 70 6d 75 2d 70 76  chip,px30-pmu-pv
000032b0: 74 6d 00 00 00 00 00 03 00 00 00 08 00 00 14 13  tm..............
000032c0: 00 00 00 2a 00 00 00 07 00 00 00 03 00 00 00 04  ...*............
000032d0: 00 00 17 6b 70 6d 75 00 00 00 00 03 00 00 00 05  ...kpmu.........
000032e0: 00 00 17 64 6f 6b 61 79 00 00 00 00 00 00 00 03  ...dokay........
000032f0: 00 00 00 04 00 00 13 95 00 00 00 ce 00 00 00 02  ................
00003300: 00 00 00 02 00 00 00 01 73 65 72 69 61 6c 40 66  ........serial@f
00003310: 66 30 33 30 30 30 30 00 00 00 00 03 00 00 00 24  f030000........$
00003320: 00 00 00 00 72 6f 63 6b 63 68 69 70 2c 70 78 33  ....rockchip,px3
00003330: 30 2d 75 61 72 74 00 73 6e 70 73 2c 64 77 2d 61  0-uart.snps,dw-a
00003340: 70 62 2d 75 61 72 74 00 00 00 00 03 00 00 00 10  pb-uart.........
00003350: 00 00 14 01 00 00 00 00 ff 03 00 00 00 00 00 00  ................
00003360: 00 00 01 00 00 00 00 03 00 00 00 0c 00 00 17 13  ................
00003370: 00 00 00 00 00 00 00 0f 00 00 00 04 00 00 00 03  ................
00003380: 00 00 00 10 00 00 14 13 00 00 00 2a 00 00 00 06  ...........*....
00003390: 00 00 00 2a 00 00 00 15 00 00 00 03 00 00 00 11  ...*............
000033a0: 00 00 17 6b 62 61 75 64 63 6c 6b 00 61 70 62 5f  ...kbaudclk.apb_
000033b0: 70 63 6c 6b 00 00 00 00 00 00 00 03 00 00 00 04  pclk............
000033c0: 00 00 18 e6 00 00 00 02 00 00 00 03 00 00 00 04  ................
000033d0: 00 00 18 f0 00 00 00 04 00 00 00 03 00 00 00 10  ................
000033e0: 00 00 18 fd 00 00 00 2b 00 00 00 00 00 00 00 2b  .......+.......+
000033f0: 00 00 00 01 00 00 00 03 00 00 00 08 00 00 19 02  ................
00003400: 64 65 66 61 75 6c 74 00 00 00 00 03 00 00 00 0c  default.........
00003410: 00 00 19 10 00 00 00 2c 00 00 00 2d 00 00 00 2e  .......,...-....
00003420: 00 00 00 03 00 00 00 09 00 00 17 64 64 69 73 61  ...........ddisa
00003430: 62 6c 65 64 00 00 00 00 00 00 00 03 00 00 00 04  bled............
00003440: 00 00 13 95 00 00 00 cf 00 00 00 02 00 00 00 01  ................
00003450: 69 32 73 40 66 66 30 36 30 30 30 30 00 00 00 00  i2s@ff060000....
00003460: 00 00 00 03 00 00 00 16 00 00 00 00 72 6f 63 6b  ............rock
00003470: 63 68 69 70 2c 70 78 33 30 2d 69 32 73 2d 74 64  chip,px30-i2s-td
00003480: 6d 00 00 00 00 00 00 03 00 00 00 10 00 00 14 01  m...............
00003490: 00 00 00 00 ff 06 00 00 00 00 00 00 00 00 10 00  ................
000034a0: 00 00 00 03 00 00 00 0c 00 00 17 13 00 00 00 00  ................
000034b0: 00 00 00 0c 00 00 00 04 00 00 00 03 00 00 00 18  ................
000034c0: 00 00 14 13 00 00 00 02 00 00 00 10 00 00 00 02  ................
000034d0: 00 00 00 12 00 00 00 02 00 00 01 06 00 00 00 03  ................
000034e0: 00 00 00 15 00 00 17 6b 6d 63 6c 6b 5f 74 78 00  .......kmclk_tx.
000034f0: 6d 63 6c 6b 5f 72 78 00 68 63 6c 6b 00 00 00 00  mclk_rx.hclk....
00003500: 00 00 00 03 00 00 00 10 00 00 18 fd 00 00 00 2b  ...............+
00003510: 00 00 00 10 00 00 00 2b 00 00 00 11 00 00 00 03  .......+........
00003520: 00 00 00 06 00 00 19 1a 74 78 00 72 78 00 00 00  ........tx.rx...
00003530: 00 00 00 03 00 00 00 10 00 00 19 24 00 00 00 02  ...........$....
00003540: 00 00 00 84 00 00 00 02 00 00 00 bf 00 00 00 03  ................
00003550: 00 00 00 0a 00 00 19 2b 74 78 2d 6d 00 72 78 2d  .......+tx-m.rx-
00003560: 6d 00 00 00 00 00 00 03 00 00 00 04 00 00 19 37  m..............7
00003570: 00 00 00 02 00 00 00 03 00 00 00 04 00 00 19 44  ...............D
00003580: 00 00 00 2f 00 00 00 03 00 00 00 08 00 00 19 02  .../............
00003590: 64 65 66 61 75 6c 74 00 00 00 00 03 00 00 00 30  default........0
000035a0: 00 00 19 10 00 00 00 30 00 00 00 31 00 00 00 32  .......0...1...2
000035b0: 00 00 00 33 00 00 00 34 00 00 00 35 00 00 00 36  ...3...4...5...6
000035c0: 00 00 00 37 00 00 00 38 00 00 00 39 00 00 00 3a  ...7...8...9...:
000035d0: 00 00 00 3b 00 00 00 03 00 00 00 09 00 00 17 64  ...;...........d
000035e0: 64 69 73 61 62 6c 65 64 00 00 00 00 00 00 00 03  disabled........
000035f0: 00 00 00 04 00 00 13 95 00 00 00 d0 00 00 00 02  ................
00003600: 00 00 00 01 69 32 73 40 66 66 30 37 30 30 30 30  ....i2s@ff070000
00003610: 00 00 00 00 00 00 00 03 00 00 00 26 00 00 00 00  ...........&....
00003620: 72 6f 63 6b 63 68 69 70 2c 70 78 33 30 2d 69 32  rockchip,px30-i2
00003630: 73 00 72 6f 63 6b 63 68 69 70 2c 72 6b 33 30 36  s.rockchip,rk306
00003640: 36 2d 69 32 73 00 00 00 00 00 00 03 00 00 00 10  6-i2s...........
00003650: 00 00 14 01 00 00 00 00 ff 07 00 00 00 00 00 00  ................
00003660: 00 00 10 00 00 00 00 03 00 00 00 0c 00 00 17 13  ................
00003670: 00 00 00 00 00 00 00 0d 00 00 00 04 00 00 00 03  ................
00003680: 00 00 00 10 00 00 14 13 00 00 00 02 00 00 00 14  ................
00003690: 00 00 00 02 00 00 01 07 00 00 00 03 00 00 00 11  ................
000036a0: 00 00 17 6b 69 32 73 5f 63 6c 6b 00 69 32 73 5f  ...ki2s_clk.i2s_
000036b0: 68 63 6c 6b 00 00 00 00 00 00 00 03 00 00 00 10  hclk............
000036c0: 00 00 18 fd 00 00 00 2b 00 00 00 12 00 00 00 2b  .......+.......+
000036d0: 00 00 00 13 00 00 00 03 00 00 00 06 00 00 19 1a  ................
000036e0: 74 78 00 72 78 00 00 00 00 00 00 03 00 00 00 10  tx.rx...........
000036f0: 00 00 19 24 00 00 00 02 00 00 00 86 00 00 00 02  ...$............
00003700: 00 00 00 85 00 00 00 03 00 00 00 10 00 00 19 2b  ...............+
00003710: 72 65 73 65 74 2d 6d 00 72 65 73 65 74 2d 68 00  reset-m.reset-h.
00003720: 00 00 00 03 00 00 00 08 00 00 19 02 64 65 66 61  ............defa
00003730: 75 6c 74 00 00 00 00 03 00 00 00 10 00 00 19 10  ult.............
00003740: 00 00 00 3c 00 00 00 3d 00 00 00 3e 00 00 00 3f  ...<...=...>...?
00003750: 00 00 00 03 00 00 00 05 00 00 17 64 6f 6b 61 79  ...........dokay
00003760: 00 00 00 00 00 00 00 03 00 00 00 04 00 00 19 51  ...............Q
00003770: 00 00 00 00 00 00 00 03 00 00 00 04 00 00 13 95  ................
00003780: 00 00 00 c0 00 00 00 02 00 00 00 01 69 32 73 40  ............i2s@
00003790: 66 66 30 38 30 30 30 30 00 00 00 00 00 00 00 03  ff080000........
000037a0: 00 00 00 26 00 00 00 00 72 6f 63 6b 63 68 69 70  ...&....rockchip
000037b0: 2c 70 78 33 30 2d 69 32 73 00 72 6f 63 6b 63 68  ,px30-i2s.rockch
000037c0: 69 70 2c 72 6b 33 30 36 36 2d 69 32 73 00 00 00  ip,rk3066-i2s...
000037d0: 00 00 00 03 00 00 00 10 00 00 14 01 00 00 00 00  ................
000037e0: ff 08 00 00 00 00 00 00 00 00 10 00 00 00 00 03  ................
000037f0: 00 00 00 0c 00 00 17 13 00 00 00 00 00 00 00 0e  ................
00003800: 00 00 00 04 00 00 00 03 00 00 00 10 00 00 14 13  ................
00003810: 00 00 00 02 00 00 00 16 00 00 00 02 00 00 01 08  ................
00003820: 00 00 00 03 00 00 00 11 00 00 17 6b 69 32 73 5f  ...........ki2s_
00003830: 63 6c 6b 00 69 32 73 5f 68 63 6c 6b 00 00 00 00  clk.i2s_hclk....
00003840: 00 00 00 03 00 00 00 10 00 00 18 fd 00 00 00 2b  ...............+
00003850: 00 00 00 14 00 00 00 2b 00 00 00 15 00 00 00 03  .......+........
00003860: 00 00 00 06 00 00 19 1a 74 78 00 72 78 00 00 00  ........tx.rx...
00003870: 00 00 00 03 00 00 00 10 00 00 19 24 00 00 00 02  ...........$....
00003880: 00 00 00 88 00 00 00 02 00 00 00 87 00 00 00 03  ................
00003890: 00 00 00 10 00 00 19 2b 72 65 73 65 74 2d 6d 00  .......+reset-m.
000038a0: 72 65 73 65 74 2d 68 00 00 00 00 03 00 00 00 08  reset-h.........
000038b0: 00 00 19 02 64 65 66 61 75 6c 74 00 00 00 00 03  ....default.....
000038c0: 00 00 00 10 00 00 19 10 00 00 00 40 00 00 00 41  ...........@...A
000038d0: 00 00 00 42 00 00 00 43 00 00 00 03 00 00 00 09  ...B...C........
000038e0: 00 00 17 64 64 69 73 61 62 6c 65 64 00 00 00 00  ...ddisabled....
000038f0: 00 00 00 03 00 00 00 04 00 00 13 95 00 00 00 d1  ................
00003900: 00 00 00 02 00 00 00 01 70 64 6d 40 66 66 30 61  ........pdm@ff0a
00003910: 30 30 30 30 00 00 00 00 00 00 00 03 00 00 00 1f  0000............
00003920: 00 00 00 00 72 6f 63 6b 63 68 69 70 2c 70 78 33  ....rockchip,px3
00003930: 30 2d 70 64 6d 00 72 6f 63 6b 63 68 69 70 2c 70  0-pdm.rockchip,p
00003940: 64 6d 00 00 00 00 00 03 00 00 00 10 00 00 14 01  dm..............
00003950: 00 00 00 00 ff 0a 00 00 00 00 00 00 00 00 10 00  ................
00003960: 00 00 00 03 00 00 00 10 00 00 14 13 00 00 00 02  ................
00003970: 00 00 00 0f 00 00 00 02 00 00 01 05 00 00 00 03  ................
00003980: 00 00 00 11 00 00 17 6b 70 64 6d 5f 63 6c 6b 00  .......kpdm_clk.
00003990: 70 64 6d 5f 68 63 6c 6b 00 00 00 00 00 00 00 03  pdm_hclk........
000039a0: 00 00 00 08 00 00 18 fd 00 00 00 2b 00 00 00 18  ...........+....
000039b0: 00 00 00 03 00 00 00 03 00 00 19 1a 72 78 00 00  ............rx..
000039c0: 00 00 00 03 00 00 00 08 00 00 19 24 00 00 00 02  ...........$....
000039d0: 00 00 00 82 00 00 00 03 00 00 00 06 00 00 19 2b  ...............+
000039e0: 70 64 6d 2d 6d 00 00 00 00 00 00 03 00 00 00 08  pdm-m...........
000039f0: 00 00 19 02 64 65 66 61 75 6c 74 00 00 00 00 03  ....default.....
00003a00: 00 00 00 18 00 00 19 10 00 00 00 44 00 00 00 45  ...........D...E
00003a10: 00 00 00 46 00 00 00 47 00 00 00 48 00 00 00 49  ...F...G...H...I
00003a20: 00 00 00 03 00 00 00 09 00 00 17 64 64 69 73 61  ...........ddisa
00003a30: 62 6c 65 64 00 00 00 00 00 00 00 03 00 00 00 04  bled............
00003a40: 00 00 13 95 00 00 00 d2 00 00 00 02 00 00 00 01  ................
00003a50: 63 72 79 70 74 6f 40 66 66 30 62 30 30 30 30 00  crypto@ff0b0000.
00003a60: 00 00 00 03 00 00 00 15 00 00 00 00 72 6f 63 6b  ............rock
00003a70: 63 68 69 70 2c 70 78 33 30 2d 63 72 79 70 74 6f  chip,px30-crypto
00003a80: 00 00 00 00 00 00 00 03 00 00 00 10 00 00 14 01  ................
00003a90: 00 00 00 00 ff 0b 00 00 00 00 00 00 00 00 40 00  ..............@.
00003aa0: 00 00 00 03 00 00 00 0c 00 00 17 13 00 00 00 00  ................
00003ab0: 00 00 00 52 00 00 00 04 00 00 00 03 00 00 00 20  ...R........... 
00003ac0: 00 00 14 13 00 00 00 02 00 00 00 ac 00 00 00 02  ................
00003ad0: 00 00 00 f1 00 00 00 02 00 00 00 30 00 00 00 02  ...........0....
00003ae0: 00 00 00 31 00 00 00 03 00 00 00 18 00 00 17 6b  ...1...........k
00003af0: 61 63 6c 6b 00 68 63 6c 6b 00 73 63 6c 6b 00 61  aclk.hclk.sclk.a
00003b00: 70 62 5f 70 63 6c 6b 00 00 00 00 03 00 00 00 08  pb_pclk.........
00003b10: 00 00 19 24 00 00 00 02 00 00 00 74 00 00 00 03  ...$.......t....
00003b20: 00 00 00 0b 00 00 19 2b 63 72 79 70 74 6f 2d 72  .......+crypto-r
00003b30: 73 74 00 00 00 00 00 03 00 00 00 09 00 00 17 64  st.............d
00003b40: 64 69 73 61 62 6c 65 64 00 00 00 00 00 00 00 03  disabled........
00003b50: 00 00 00 04 00 00 13 95 00 00 00 d3 00 00 00 02  ................
00003b60: 00 00 00 01 72 6e 67 40 66 66 30 62 30 30 30 30  ....rng@ff0b0000
00003b70: 00 00 00 00 00 00 00 03 00 00 00 16 00 00 00 00  ................
00003b80: 72 6f 63 6b 63 68 69 70 2c 63 72 79 70 74 6f 76  rockchip,cryptov
00003b90: 32 2d 72 6e 67 00 00 00 00 00 00 03 00 00 00 10  2-rng...........
00003ba0: 00 00 14 01 00 00 00 00 ff 0b 00 00 00 00 00 00  ................
00003bb0: 00 00 40 00 00 00 00 03 00 00 00 20 00 00 14 13  ..@........ ....
00003bc0: 00 00 00 02 00 00 00 30 00 00 00 02 00 00 00 31  .......0.......1
00003bd0: 00 00 00 02 00 00 00 ac 00 00 00 02 00 00 00 f1  ................
00003be0: 00 00 00 03 00 00 00 32 00 00 17 6b 63 6c 6b 5f  .......2...kclk_
00003bf0: 63 72 79 70 74 6f 00 63 6c 6b 5f 63 72 79 70 74  crypto.clk_crypt
00003c00: 6f 5f 61 70 6b 00 61 63 6c 6b 5f 63 72 79 70 74  o_apk.aclk_crypt
00003c10: 6f 00 68 63 6c 6b 5f 63 72 79 70 74 6f 00 00 00  o.hclk_crypto...
00003c20: 00 00 00 03 00 00 00 20 00 00 19 62 00 00 00 02  ....... ...b....
00003c30: 00 00 00 30 00 00 00 02 00 00 00 31 00 00 00 02  ...0.......1....
00003c40: 00 00 00 ac 00 00 00 02 00 00 00 f1 00 00 00 03  ................
00003c50: 00 00 00 10 00 00 19 72 08 f0 d1 80 08 f0 d1 80  .......r........
00003c60: 0b eb c2 00 05 f5 e1 00 00 00 00 03 00 00 00 08  ................
00003c70: 00 00 19 24 00 00 00 02 00 00 00 74 00 00 00 03  ...$.......t....
00003c80: 00 00 00 06 00 00 19 2b 72 65 73 65 74 00 00 00  .......+reset...
00003c90: 00 00 00 03 00 00 00 05 00 00 17 64 6f 6b 61 79  ...........dokay
00003ca0: 00 00 00 00 00 00 00 03 00 00 00 04 00 00 13 95  ................
00003cb0: 00 00 00 d4 00 00 00 02 00 00 00 01 69 6e 74 65  ............inte
00003cc0: 72 72 75 70 74 2d 63 6f 6e 74 72 6f 6c 6c 65 72  rrupt-controller
00003cd0: 40 66 66 31 33 31 30 30 30 00 00 00 00 00 00 03  @ff131000.......
00003ce0: 00 00 00 0c 00 00 00 00 61 72 6d 2c 67 69 63 2d  ........arm,gic-
00003cf0: 34 30 30 00 00 00 00 03 00 00 00 04 00 00 19 87  400.............
00003d00: 00 00 00 03 00 00 00 03 00 00 00 04 00 00 00 1c  ................
00003d10: 00 00 00 00 00 00 00 03 00 00 00 00 00 00 19 98  ................
00003d20: 00 00 00 03 00 00 00 40 00 00 14 01 00 00 00 00  .......@........
00003d30: ff 13 10 00 00 00 00 00 00 00 10 00 00 00 00 00  ................
00003d40: ff 13 20 00 00 00 00 00 00 00 20 00 00 00 00 00  .. ....... .....
00003d50: ff 13 40 00 00 00 00 00 00 00 20 00 00 00 00 00  ..@....... .....
00003d60: ff 13 60 00 00 00 00 00 00 00 20 00 00 00 00 03  ..`....... .....
00003d70: 00 00 00 0c 00 00 17 13 00 00 00 01 00 00 00 09  ................
00003d80: 00 00 0f 04 00 00 00 03 00 00 00 04 00 00 13 95  ................
00003d90: 00 00 00 01 00 00 00 02 00 00 00 01 73 79 73 63  ............sysc
00003da0: 6f 6e 40 66 66 31 34 30 30 30 30 00 00 00 00 03  on@ff140000.....
00003db0: 00 00 00 24 00 00 00 00 72 6f 63 6b 63 68 69 70  ...$....rockchip
00003dc0: 2c 70 78 33 30 2d 67 72 66 00 73 79 73 63 6f 6e  ,px30-grf.syscon
00003dd0: 00 73 69 6d 70 6c 65 2d 6d 66 64 00 00 00 00 03  .simple-mfd.....
00003de0: 00 00 00 10 00 00 14 01 00 00 00 00 ff 14 00 00  ................
00003df0: 00 00 00 00 00 00 10 00 00 00 00 03 00 00 00 04  ................
00003e00: 00 00 00 1c 00 00 00 01 00 00 00 03 00 00 00 04  ................
00003e10: 00 00 00 2b 00 00 00 01 00 00 00 03 00 00 00 04  ...+............
00003e20: 00 00 13 95 00 00 00 2f 00 00 00 01 69 6f 2d 64  ......./....io-d
00003e30: 6f 6d 61 69 6e 73 00 00 00 00 00 03 00 00 00 20  omains......... 
00003e40: 00 00 00 00 72 6f 63 6b 63 68 69 70 2c 70 78 33  ....rockchip,px3
00003e50: 30 2d 69 6f 2d 76 6f 6c 74 61 67 65 2d 64 6f 6d  0-io-voltage-dom
00003e60: 61 69 6e 00 00 00 00 03 00 00 00 05 00 00 17 64  ain............d
00003e70: 6f 6b 61 79 00 00 00 00 00 00 00 03 00 00 00 04  okay............
00003e80: 00 00 19 ad 00 00 00 4a 00 00 00 03 00 00 00 04  .......J........
00003e90: 00 00 19 bb 00 00 00 4b 00 00 00 03 00 00 00 04  .......K........
00003ea0: 00 00 19 c9 00 00 00 4c 00 00 00 03 00 00 00 04  .......L........
00003eb0: 00 00 19 d7 00 00 00 4d 00 00 00 03 00 00 00 04  .......M........
00003ec0: 00 00 19 e5 00 00 00 4d 00 00 00 03 00 00 00 04  .......M........
00003ed0: 00 00 19 f3 00 00 00 4c 00 00 00 03 00 00 00 04  .......L........
00003ee0: 00 00 13 95 00 00 00 d5 00 00 00 02 00 00 00 01  ................
00003ef0: 6c 76 64 73 00 00 00 00 00 00 00 03 00 00 00 13  lvds............
00003f00: 00 00 00 00 72 6f 63 6b 63 68 69 70 2c 70 78 33  ....rockchip,px3
00003f10: 30 2d 6c 76 64 73 00 00 00 00 00 03 00 00 00 04  0-lvds..........
00003f20: 00 00 1a 01 00 00 00 4e 00 00 00 03 00 00 00 04  .......N........
00003f30: 00 00 1a 06 70 68 79 00 00 00 00 03 00 00 00 09  ....phy.........
00003f40: 00 00 17 64 64 69 73 61 62 6c 65 64 00 00 00 00  ...ddisabled....
00003f50: 00 00 00 03 00 00 00 04 00 00 13 95 00 00 00 d6  ................
00003f60: 00 00 00 01 70 6f 72 74 73 00 00 00 00 00 00 03  ....ports.......
00003f70: 00 00 00 04 00 00 00 1c 00 00 00 01 00 00 00 03  ................
00003f80: 00 00 00 04 00 00 00 2b 00 00 00 00 00 00 00 01  .......+........
00003f90: 70 6f 72 74 40 30 00 00 00 00 00 03 00 00 00 04  port@0..........
00003fa0: 00 00 14 01 00 00 00 00 00 00 00 03 00 00 00 04  ................
00003fb0: 00 00 00 1c 00 00 00 01 00 00 00 03 00 00 00 04  ................
00003fc0: 00 00 00 2b 00 00 00 00 00 00 00 01 65 6e 64 70  ...+........endp
00003fd0: 6f 69 6e 74 40 30 00 00 00 00 00 03 00 00 00 04  oint@0..........
00003fe0: 00 00 14 01 00 00 00 00 00 00 00 03 00 00 00 04  ................
00003ff0: 00 00 1a 10 00 00 00 12 00 00 00 03 00 00 00 04  ................
00004000: 00 00 13 95 00 00 00 a2 00 00 00 02 00 00 00 02  ................
00004010: 00 00 00 02 00 00 00 02 00 00 00 01 72 67 62 00  ............rgb.
00004020: 00 00 00 03 00 00 00 12 00 00 00 00 72 6f 63 6b  ............rock
00004030: 63 68 69 70 2c 70 78 33 30 2d 72 67 62 00 00 00  chip,px30-rgb...
00004040: 00 00 00 03 00 00 00 0e 00 00 19 02 64 65 66 61  ............defa
00004050: 75 6c 74 00 73 6c 65 65 70 00 00 00 00 00 00 03  ult.sleep.......
00004060: 00 00 00 04 00 00 19 10 00 00 00 4f 00 00 00 03  ...........O....
00004070: 00 00 00 04 00 00 1a 20 00 00 00 50 00 00 00 03  ....... ...P....
00004080: 00 00 00 09 00 00 17 64 64 69 73 61 62 6c 65 64  .......ddisabled
00004090: 00 00 00 00 00 00 00 03 00 00 00 04 00 00 1a 01  ................
000040a0: 00 00 00 4e 00 00 00 03 00 00 00 04 00 00 1a 06  ...N............
000040b0: 70 68 79 00 00 00 00 03 00 00 00 04 00 00 13 95  phy.............
000040c0: 00 00 00 d7 00 00 00 01 70 6f 72 74 73 00 00 00  ........ports...
000040d0: 00 00 00 03 00 00 00 04 00 00 00 1c 00 00 00 01  ................
000040e0: 00 00 00 03 00 00 00 04 00 00 00 2b 00 00 00 00  ...........+....
000040f0: 00 00 00 01 70 6f 72 74 40 30 00 00 00 00 00 03  ....port@0......
00004100: 00 00 00 04 00 00 14 01 00 00 00 00 00 00 00 03  ................
00004110: 00 00 00 04 00 00 00 1c 00 00 00 01 00 00 00 03  ................
00004120: 00 00 00 04 00 00 00 2b 00 00 00 00 00 00 00 01  .......+........
00004130: 65 6e 64 70 6f 69 6e 74 40 30 00 00 00 00 00 03  endpoint@0......
00004140: 00 00 00 04 00 00 14 01 00 00 00 00 00 00 00 03  ................
00004150: 00 00 00 04 00 00 1a 10 00 00 00 14 00 00 00 03  ................
00004160: 00 00 00 04 00 00 13 95 00 00 00 a4 00 00 00 02  ................
00004170: 00 00 00 02 00 00 00 02 00 00 00 02 00 00 00 02  ................
00004180: 00 00 00 01 73 79 73 63 6f 6e 40 66 66 31 34 38  ....syscon@ff148
00004190: 30 30 30 00 00 00 00 03 00 00 00 12 00 00 00 00  000.............
000041a0: 73 79 73 63 6f 6e 00 73 69 6d 70 6c 65 2d 6d 66  syscon.simple-mf
000041b0: 64 00 00 00 00 00 00 03 00 00 00 10 00 00 14 01  d...............
000041c0: 00 00 00 00 ff 14 80 00 00 00 00 00 00 00 10 00  ................
000041d0: 00 00 00 03 00 00 00 04 00 00 00 1c 00 00 00 01  ................
000041e0: 00 00 00 03 00 00 00 04 00 00 00 2b 00 00 00 01  ...........+....
000041f0: 00 00 00 03 00 00 00 04 00 00 13 95 00 00 00 d8  ................
00004200: 00 00 00 01 70 76 74 6d 00 00 00 00 00 00 00 03  ....pvtm........
00004210: 00 00 00 13 00 00 00 00 72 6f 63 6b 63 68 69 70  ........rockchip
00004220: 2c 70 78 33 30 2d 70 76 74 6d 00 00 00 00 00 03  ,px30-pvtm......
00004230: 00 00 00 08 00 00 14 13 00 00 00 02 00 00 00 4a  ...............J
00004240: 00 00 00 03 00 00 00 05 00 00 17 6b 63 6f 72 65  ...........kcore
00004250: 00 00 00 00 00 00 00 03 00 00 00 05 00 00 17 64  ...............d
00004260: 6f 6b 61 79 00 00 00 00 00 00 00 03 00 00 00 04  okay............
00004270: 00 00 13 95 00 00 00 d9 00 00 00 02 00 00 00 02  ................
00004280: 00 00 00 01 73 65 72 69 61 6c 40 66 66 31 35 38  ....serial@ff158
00004290: 30 30 30 00 00 00 00 03 00 00 00 24 00 00 00 00  000........$....
000042a0: 72 6f 63 6b 63 68 69 70 2c 70 78 33 30 2d 75 61  rockchip,px30-ua
000042b0: 72 74 00 73 6e 70 73 2c 64 77 2d 61 70 62 2d 75  rt.snps,dw-apb-u
000042c0: 61 72 74 00 00 00 00 03 00 00 00 10 00 00 14 01  art.............
000042d0: 00 00 00 00 ff 15 80 00 00 00 00 00 00 00 01 00  ................
000042e0: 00 00 00 03 00 00 00 0c 00 00 17 13 00 00 00 00  ................
000042f0: 00 00 00 10 00 00 00 04 00 00 00 03 00 00 00 10  ................
00004300: 00 00 14 13 00 00 00 02 00 00 00 18 00 00 00 02  ................
00004310: 00 00 01 49 00 00 00 03 00 00 00 11 00 00 17 6b  ...I...........k
00004320: 62 61 75 64 63 6c 6b 00 61 70 62 5f 70 63 6c 6b  baudclk.apb_pclk
00004330: 00 00 00 00 00 00 00 03 00 00 00 04 00 00 18 e6  ................
00004340: 00 00 00 02 00 00 00 03 00 00 00 04 00 00 18 f0  ................
00004350: 00 00 00 04 00 00 00 03 00 00 00 10 00 00 18 fd  ................
00004360: 00 00 00 2b 00 00 00 02 00 00 00 2b 00 00 00 03  ...+.......+....
00004370: 00 00 00 03 00 00 00 08 00 00 19 02 64 65 66 61  ............defa
00004380: 75 6c 74 00 00 00 00 03 00 00 00 08 00 00 19 10  ult.............
00004390: 00 00 00 51 00 00 00 52 00 00 00 03 00 00 00 05  ...Q...R........
000043a0: 00 00 17 64 6f 6b 61 79 00 00 00 00 00 00 00 03  ...dokay........
000043b0: 00 00 00 04 00 00 13 95 00 00 00 da 00 00 00 02  ................
000043c0: 00 00 00 01 73 65 72 69 61 6c 40 66 66 31 36 30  ....serial@ff160
000043d0: 30 30 30 00 00 00 00 03 00 00 00 24 00 00 00 00  000........$....
000043e0: 72 6f 63 6b 63 68 69 70 2c 70 78 33 30 2d 75 61  rockchip,px30-ua
000043f0: 72 74 00 73 6e 70 73 2c 64 77 2d 61 70 62 2d 75  rt.snps,dw-apb-u
00004400: 61 72 74 00 00 00 00 03 00 00 00 10 00 00 14 01  art.............
00004410: 00 00 00 00 ff 16 00 00 00 00 00 00 00 00 01 00  ................
00004420: 00 00 00 03 00 00 00 0c 00 00 17 13 00 00 00 00  ................
00004430: 00 00 00 11 00 00 00 04 00 00 00 03 00 00 00 10  ................
00004440: 00 00 14 13 00 00 00 02 00 00 00 19 00 00 00 02  ................
00004450: 00 00 01 4a 00 00 00 03 00 00 00 11 00 00 17 6b  ...J...........k
00004460: 62 61 75 64 63 6c 6b 00 61 70 62 5f 70 63 6c 6b  baudclk.apb_pclk
00004470: 00 00 00 00 00 00 00 03 00 00 00 04 00 00 18 e6  ................
00004480: 00 00 00 02 00 00 00 03 00 00 00 04 00 00 18 f0  ................
00004490: 00 00 00 04 00 00 00 03 00 00 00 10 00 00 18 fd  ................
000044a0: 00 00 00 2b 00 00 00 04 00 00 00 2b 00 00 00 05  ...+.......+....
000044b0: 00 00 00 03 00 00 00 08 00 00 19 02 64 65 66 61  ............defa
000044c0: 75 6c 74 00 00 00 00 03 00 00 00 04 00 00 19 10  ult.............
000044d0: 00 00 00 53 00 00 00 03 00 00 00 09 00 00 17 64  ...S...........d
000044e0: 64 69 73 61 62 6c 65 64 00 00 00 00 00 00 00 03  disabled........
000044f0: 00 00 00 04 00 00 13 95 00 00 00 db 00 00 00 02  ................
00004500: 00 00 00 01 73 65 72 69 61 6c 40 66 66 31 36 38  ....serial@ff168
00004510: 30 30 30 00 00 00 00 03 00 00 00 24 00 00 00 00  000........$....
00004520: 72 6f 63 6b 63 68 69 70 2c 70 78 33 30 2d 75 61  rockchip,px30-ua
00004530: 72 74 00 73 6e 70 73 2c 64 77 2d 61 70 62 2d 75  rt.snps,dw-apb-u
00004540: 61 72 74 00 00 00 00 03 00 00 00 10 00 00 14 01  art.............
00004550: 00 00 00 00 ff 16 80 00 00 00 00 00 00 00 01 00  ................
00004560: 00 00 00 03 00 00 00 0c 00 00 17 13 00 00 00 00  ................
00004570: 00 00 00 12 00 00 00 04 00 00 00 03 00 00 00 10  ................
00004580: 00 00 14 13 00 00 00 02 00 00 00 1a 00 00 00 02  ................
00004590: 00 00 01 4b 00 00 00 03 00 00 00 11 00 00 17 6b  ...K...........k
000045a0: 62 61 75 64 63 6c 6b 00 61 70 62 5f 70 63 6c 6b  baudclk.apb_pclk
000045b0: 00 00 00 00 00 00 00 03 00 00 00 04 00 00 18 e6  ................
000045c0: 00 00 00 02 00 00 00 03 00 00 00 04 00 00 18 f0  ................
000045d0: 00 00 00 04 00 00 00 03 00 00 00 10 00 00 18 fd  ................
000045e0: 00 00 00 2b 00 00 00 06 00 00 00 2b 00 00 00 07  ...+.......+....
000045f0: 00 00 00 03 00 00 00 08 00 00 19 02 64 65 66 61  ............defa
00004600: 75 6c 74 00 00 00 00 03 00 00 00 0c 00 00 19 10  ult.............
00004610: 00 00 00 54 00 00 00 55 00 00 00 56 00 00 00 03  ...T...U...V....
00004620: 00 00 00 09 00 00 17 64 64 69 73 61 62 6c 65 64  .......ddisabled
00004630: 00 00 00 00 00 00 00 03 00 00 00 04 00 00 13 95  ................
00004640: 00 00 00 dc 00 00 00 02 00 00 00 01 73 65 72 69  ............seri
00004650: 61 6c 40 66 66 31 37 30 30 30 30 00 00 00 00 03  al@ff170000.....
00004660: 00 00 00 24 00 00 00 00 72 6f 63 6b 63 68 69 70  ...$....rockchip
00004670: 2c 70 78 33 30 2d 75 61 72 74 00 73 6e 70 73 2c  ,px30-uart.snps,
00004680: 64 77 2d 61 70 62 2d 75 61 72 74 00 00 00 00 03  dw-apb-uart.....
00004690: 00 00 00 10 00 00 14 01 00 00 00 00 ff 17 00 00  ................
000046a0: 00 00 00 00 00 00 01 00 00 00 00 03 00 00 00 0c  ................
000046b0: 00 00 17 13 00 00 00 00 00 00 00 13 00 00 00 04  ................
000046c0: 00 00 00 03 00 00 00 10 00 00 14 13 00 00 00 02  ................
000046d0: 00 00 00 1b 00 00 00 02 00 00 01 4c 00 00 00 03  ...........L....
000046e0: 00 00 00 11 00 00 17 6b 62 61 75 64 63 6c 6b 00  .......kbaudclk.
000046f0: 61 70 62 5f 70 63 6c 6b 00 00 00 00 00 00 00 03  apb_pclk........
00004700: 00 00 00 04 00 00 18 e6 00 00 00 02 00 00 00 03  ................
00004710: 00 00 00 04 00 00 18 f0 00 00 00 04 00 00 00 03  ................
00004720: 00 00 00 10 00 00 18 fd 00 00 00 2b 00 00 00 08  ...........+....
00004730: 00 00 00 2b 00 00 00 09 00 00 00 03 00 00 00 08  ...+............
00004740: 00 00 19 02 64 65 66 61 75 6c 74 00 00 00 00 03  ....default.....
00004750: 00 00 00 0c 00 00 19 10 00 00 00 57 00 00 00 58  ...........W...X
00004760: 00 00 00 59 00 00 00 03 00 00 00 09 00 00 17 64  ...Y...........d
00004770: 64 69 73 61 62 6c 65 64 00 00 00 00 00 00 00 03  disabled........
00004780: 00 00 00 04 00 00 13 95 00 00 00 dd 00 00 00 02  ................
00004790: 00 00 00 01 73 65 72 69 61 6c 40 66 66 31 37 38  ....serial@ff178
000047a0: 30 30 30 00 00 00 00 03 00 00 00 24 00 00 00 00  000........$....
000047b0: 72 6f 63 6b 63 68 69 70 2c 70 78 33 30 2d 75 61  rockchip,px30-ua
000047c0: 72 74 00 73 6e 70 73 2c 64 77 2d 61 70 62 2d 75  rt.snps,dw-apb-u
000047d0: 61 72 74 00 00 00 00 03 00 00 00 10 00 00 14 01  art.............
000047e0: 00 00 00 00 ff 17 80 00 00 00 00 00 00 00 01 00  ................
000047f0: 00 00 00 03 00 00 00 0c 00 00 17 13 00 00 00 00  ................
00004800: 00 00 00 14 00 00 00 04 00 00 00 03 00 00 00 10  ................
00004810: 00 00 14 13 00 00 00 02 00 00 00 1c 00 00 00 02  ................
00004820: 00 00 01 4d 00 00 00 03 00 00 00 11 00 00 17 6b  ...M...........k
00004830: 62 61 75 64 63 6c 6b 00 61 70 62 5f 70 63 6c 6b  baudclk.apb_pclk
00004840: 00 00 00 00 00 00 00 03 00 00 00 04 00 00 18 e6  ................
00004850: 00 00 00 02 00 00 00 03 00 00 00 04 00 00 18 f0  ................
00004860: 00 00 00 04 00 00 00 03 00 00 00 10 00 00 18 fd  ................
00004870: 00 00 00 2b 00 00 00 0a 00 00 00 2b 00 00 00 0b  ...+.......+....
00004880: 00 00 00 03 00 00 00 08 00 00 19 02 64 65 66 61  ............defa
00004890: 75 6c 74 00 00 00 00 03 00 00 00 0c 00 00 19 10  ult.............
000048a0: 00 00 00 5a 00 00 00 5b 00 00 00 5c 00 00 00 03  ...Z...[...\....
000048b0: 00 00 00 09 00 00 17 64 64 69 73 61 62 6c 65 64  .......ddisabled
000048c0: 00 00 00 00 00 00 00 03 00 00 00 04 00 00 13 95  ................
000048d0: 00 00 00 de 00 00 00 02 00 00 00 01 69 32 63 40  ............i2c@
000048e0: 66 66 31 38 30 30 30 30 00 00 00 00 00 00 00 03  ff180000........
000048f0: 00 00 00 14 00 00 00 00 72 6f 63 6b 63 68 69 70  ........rockchip
00004900: 2c 72 6b 33 33 39 39 2d 69 32 63 00 00 00 00 03  ,rk3399-i2c.....
00004910: 00 00 00 10 00 00 14 01 00 00 00 00 ff 18 00 00  ................
00004920: 00 00 00 00 00 00 10 00 00 00 00 03 00 00 00 10  ................
00004930: 00 00 14 13 00 00 00 02 00 00 00 1d 00 00 00 02  ................
00004940: 00 00 01 4e 00 00 00 03 00 00 00 09 00 00 17 6b  ...N...........k
00004950: 69 32 63 00 70 63 6c 6b 00 00 00 00 00 00 00 03  i2c.pclk........
00004960: 00 00 00 0c 00 00 17 13 00 00 00 00 00 00 00 07  ................
00004970: 00 00 00 04 00 00 00 03 00 00 00 08 00 00 19 02  ................
00004980: 64 65 66 61 75 6c 74 00 00 00 00 03 00 00 00 04  default.........
00004990: 00 00 19 10 00 00 00 5d 00 00 00 03 00 00 00 04  .......]........
000049a0: 00 00 00 1c 00 00 00 01 00 00 00 03 00 00 00 04  ................
000049b0: 00 00 00 2b 00 00 00 00 00 00 00 03 00 00 00 05  ...+............
000049c0: 00 00 17 64 6f 6b 61 79 00 00 00 00 00 00 00 03  ...dokay........
000049d0: 00 00 00 04 00 00 17 d5 00 06 1a 80 00 00 00 03  ................
000049e0: 00 00 00 04 00 00 1a 2a 00 00 01 18 00 00 00 03  .......*........
000049f0: 00 00 00 04 00 00 1a 41 00 00 00 10 00 00 00 03  .......A........
00004a00: 00 00 00 04 00 00 13 95 00 00 00 df 00 00 00 01  ................
00004a10: 70 6d 69 63 40 32 30 00 00 00 00 03 00 00 00 0f  pmic@20.........
00004a20: 00 00 00 00 72 6f 63 6b 63 68 69 70 2c 72 6b 38  ....rockchip,rk8
00004a30: 31 37 00 00 00 00 00 03 00 00 00 04 00 00 14 01  17..............
00004a40: 00 00 00 20 00 00 00 03 00 00 00 04 00 00 00 0b  ... ............
00004a50: 00 00 00 5e 00 00 00 03 00 00 00 08 00 00 17 13  ...^............
00004a60: 00 00 00 0a 00 00 00 08 00 00 00 03 00 00 00 2d  ...............-
00004a70: 00 00 19 02 64 65 66 61 75 6c 74 00 70 6d 69 63  ....default.pmic
00004a80: 2d 73 6c 65 65 70 00 70 6d 69 63 2d 70 6f 77 65  -sleep.pmic-powe
00004a90: 72 2d 6f 66 66 00 70 6d 69 63 2d 72 65 73 65 74  r-off.pmic-reset
00004aa0: 00 00 00 00 00 00 00 03 00 00 00 04 00 00 19 10  ................
00004ab0: 00 00 00 5f 00 00 00 03 00 00 00 08 00 00 1a 20  ..._........... 
00004ac0: 00 00 00 60 00 00 00 61 00 00 00 03 00 00 00 08  ...`...a........
00004ad0: 00 00 1a 59 00 00 00 62 00 00 00 63 00 00 00 03  ...Y...b...c....
00004ae0: 00 00 00 08 00 00 1a 63 00 00 00 64 00 00 00 65  .......c...d...e
00004af0: 00 00 00 03 00 00 00 00 00 00 1a 6d 00 00 00 03  ...........m....
00004b00: 00 00 00 00 00 00 1a 8e 00 00 00 03 00 00 00 04  ................
00004b10: 00 00 17 f8 00 00 00 01 00 00 00 03 00 00 00 1c  ................
00004b20: 00 00 17 e5 72 6b 38 30 38 2d 63 6c 6b 6f 75 74  ....rk808-clkout
00004b30: 31 00 72 6b 38 30 38 2d 63 6c 6b 6f 75 74 32 00  1.rk808-clkout2.
00004b40: 00 00 00 03 00 00 00 04 00 00 1a 9c 00 00 00 01  ................
00004b50: 00 00 00 03 00 00 00 04 00 00 1a ac 00 00 00 66  ...............f
00004b60: 00 00 00 03 00 00 00 04 00 00 1a b8 00 00 00 66  ...............f
00004b70: 00 00 00 03 00 00 00 04 00 00 1a c4 00 00 00 66  ...............f
00004b80: 00 00 00 03 00 00 00 04 00 00 1a d0 00 00 00 66  ...............f
00004b90: 00 00 00 03 00 00 00 04 00 00 1a dc 00 00 00 66  ...............f
00004ba0: 00 00 00 03 00 00 00 04 00 00 1a e8 00 00 00 66  ...............f
00004bb0: 00 00 00 03 00 00 00 04 00 00 1a f4 00 00 00 4d  ...............M
00004bc0: 00 00 00 03 00 00 00 04 00 00 1b 00 00 00 00 66  ...............f
00004bd0: 00 00 00 03 00 00 00 04 00 00 1b 0c 00 00 00 67  ...............g
00004be0: 00 00 00 03 00 00 00 04 00 00 13 95 00 00 00 e0  ................
00004bf0: 00 00 00 01 70 77 72 6b 65 79 00 00 00 00 00 03  ....pwrkey......
00004c00: 00 00 00 05 00 00 17 64 6f 6b 61 79 00 00 00 00  .......dokay....
00004c10: 00 00 00 02 00 00 00 01 70 69 6e 63 74 72 6c 5f  ........pinctrl_
00004c20: 72 6b 38 78 78 00 00 00 00 00 00 03 00 00 00 00  rk8xx...........
00004c30: 00 00 1b 18 00 00 00 03 00 00 00 04 00 00 1b 28  ...............(
00004c40: 00 00 00 02 00 00 00 03 00 00 00 04 00 00 13 95  ................
00004c50: 00 00 00 e1 00 00 00 01 72 6b 38 31 37 5f 74 73  ........rk817_ts
00004c60: 5f 67 70 69 6f 31 00 00 00 00 00 03 00 00 00 08  _gpio1..........
00004c70: 00 00 1b 34 67 70 69 6f 5f 74 73 00 00 00 00 03  ...4gpio_ts.....
00004c80: 00 00 00 09 00 00 1b 39 70 69 6e 5f 66 75 6e 31  .......9pin_fun1
00004c90: 00 00 00 00 00 00 00 03 00 00 00 04 00 00 13 95  ................
00004ca0: 00 00 00 e2 00 00 00 02 00 00 00 01 72 6b 38 31  ............rk81
00004cb0: 37 5f 67 74 5f 67 70 69 6f 32 00 00 00 00 00 03  7_gt_gpio2......
00004cc0: 00 00 00 08 00 00 1b 34 67 70 69 6f 5f 67 74 00  .......4gpio_gt.
00004cd0: 00 00 00 03 00 00 00 09 00 00 1b 39 70 69 6e 5f  ...........9pin_
00004ce0: 66 75 6e 31 00 00 00 00 00 00 00 03 00 00 00 04  fun1............
00004cf0: 00 00 13 95 00 00 00 e3 00 00 00 02 00 00 00 01  ................
00004d00: 72 6b 38 31 37 5f 70 69 6e 5f 74 73 00 00 00 00  rk817_pin_ts....
00004d10: 00 00 00 03 00 00 00 08 00 00 1b 34 67 70 69 6f  ...........4gpio
00004d20: 5f 74 73 00 00 00 00 03 00 00 00 09 00 00 1b 39  _ts............9
00004d30: 70 69 6e 5f 66 75 6e 30 00 00 00 00 00 00 00 03  pin_fun0........
00004d40: 00 00 00 04 00 00 13 95 00 00 00 e4 00 00 00 02  ................
00004d50: 00 00 00 01 72 6b 38 31 37 5f 70 69 6e 5f 67 74  ....rk817_pin_gt
00004d60: 00 00 00 00 00 00 00 03 00 00 00 08 00 00 1b 34  ...............4
00004d70: 67 70 69 6f 5f 67 74 00 00 00 00 03 00 00 00 09  gpio_gt.........
00004d80: 00 00 1b 39 70 69 6e 5f 66 75 6e 30 00 00 00 00  ...9pin_fun0....
00004d90: 00 00 00 03 00 00 00 04 00 00 13 95 00 00 00 e5  ................
00004da0: 00 00 00 02 00 00 00 01 72 6b 38 31 37 5f 73 6c  ........rk817_sl
00004db0: 70 70 69 6e 5f 6e 75 6c 6c 00 00 00 00 00 00 03  ppin_null.......
00004dc0: 00 00 00 09 00 00 1b 34 67 70 69 6f 5f 73 6c 70  .......4gpio_slp
00004dd0: 00 00 00 00 00 00 00 03 00 00 00 09 00 00 1b 39  ...............9
00004de0: 70 69 6e 5f 66 75 6e 30 00 00 00 00 00 00 00 03  pin_fun0........
00004df0: 00 00 00 04 00 00 13 95 00 00 00 e6 00 00 00 02  ................
00004e00: 00 00 00 01 72 6b 38 31 37 5f 73 6c 70 70 69 6e  ....rk817_slppin
00004e10: 5f 73 6c 70 00 00 00 00 00 00 00 03 00 00 00 09  _slp............
00004e20: 00 00 1b 34 67 70 69 6f 5f 73 6c 70 00 00 00 00  ...4gpio_slp....
00004e30: 00 00 00 03 00 00 00 09 00 00 1b 39 70 69 6e 5f  ...........9pin_
00004e40: 66 75 6e 31 00 00 00 00 00 00 00 03 00 00 00 04  fun1............
00004e50: 00 00 13 95 00 00 00 61 00 00 00 02 00 00 00 01  .......a........
00004e60: 72 6b 38 31 37 5f 73 6c 70 70 69 6e 5f 70 77 72  rk817_slppin_pwr
00004e70: 64 6e 00 00 00 00 00 03 00 00 00 09 00 00 1b 34  dn.............4
00004e80: 67 70 69 6f 5f 73 6c 70 00 00 00 00 00 00 00 03  gpio_slp........
00004e90: 00 00 00 09 00 00 1b 39 70 69 6e 5f 66 75 6e 32  .......9pin_fun2
00004ea0: 00 00 00 00 00 00 00 03 00 00 00 04 00 00 13 95  ................
00004eb0: 00 00 00 63 00 00 00 02 00 00 00 01 72 6b 38 31  ...c........rk81
00004ec0: 37 5f 73 6c 70 70 69 6e 5f 72 73 74 00 00 00 00  7_slppin_rst....
00004ed0: 00 00 00 03 00 00 00 09 00 00 1b 34 67 70 69 6f  ...........4gpio
00004ee0: 5f 73 6c 70 00 00 00 00 00 00 00 03 00 00 00 09  _slp............
00004ef0: 00 00 1b 39 70 69 6e 5f 66 75 6e 33 00 00 00 00  ...9pin_fun3....
00004f00: 00 00 00 03 00 00 00 04 00 00 13 95 00 00 00 65  ...............e
00004f10: 00 00 00 02 00 00 00 02 00 00 00 01 72 65 67 75  ............regu
00004f20: 6c 61 74 6f 72 73 00 00 00 00 00 01 44 43 44 43  lators......DCDC
00004f30: 5f 52 45 47 31 00 00 00 00 00 00 03 00 00 00 00  _REG1...........
00004f40: 00 00 1b 42 00 00 00 03 00 00 00 00 00 00 1b 56  ...B...........V
00004f50: 00 00 00 03 00 00 00 04 00 00 1b 68 00 0e 7e f0  ...........h..~.
00004f60: 00 00 00 03 00 00 00 04 00 00 1b 80 00 14 99 70  ...............p
00004f70: 00 00 00 03 00 00 00 04 00 00 1b 98 00 00 17 71  ...............q
00004f80: 00 00 00 03 00 00 00 04 00 00 1b ad 00 00 00 02  ................
00004f90: 00 00 00 03 00 00 00 0a 00 00 1b c4 76 64 64 5f  ............vdd_
00004fa0: 6c 6f 67 69 63 00 00 00 00 00 00 03 00 00 00 04  logic...........
00004fb0: 00 00 13 95 00 00 00 0e 00 00 00 01 72 65 67 75  ............regu
00004fc0: 6c 61 74 6f 72 2d 73 74 61 74 65 2d 6d 65 6d 00  lator-state-mem.
00004fd0: 00 00 00 03 00 00 00 00 00 00 1b d3 00 00 00 03  ................
00004fe0: 00 00 00 04 00 00 1b eb 00 0e 7e f0 00 00 00 02  ..........~.....
00004ff0: 00 00 00 02 00 00 00 01 44 43 44 43 5f 52 45 47  ........DCDC_REG
00005000: 32 00 00 00 00 00 00 03 00 00 00 00 00 00 1b 42  2..............B
00005010: 00 00 00 03 00 00 00 00 00 00 1b 56 00 00 00 03  ...........V....
00005020: 00 00 00 04 00 00 1b 68 00 0e 7e f0 00 00 00 03  .......h..~.....
00005030: 00 00 00 04 00 00 1b 80 00 14 99 70 00 00 00 03  ...........p....
00005040: 00 00 00 04 00 00 1b 98 00 00 17 71 00 00 00 03  ...........q....
00005050: 00 00 00 04 00 00 1b ad 00 00 00 02 00 00 00 03  ................
00005060: 00 00 00 08 00 00 1b c4 76 64 64 5f 61 72 6d 00  ........vdd_arm.
00005070: 00 00 00 03 00 00 00 04 00 00 13 95 00 00 00 06  ................
00005080: 00 00 00 01 72 65 67 75 6c 61 74 6f 72 2d 73 74  ....regulator-st
00005090: 61 74 65 2d 6d 65 6d 00 00 00 00 03 00 00 00 00  ate-mem.........
000050a0: 00 00 1c 07 00 00 00 03 00 00 00 04 00 00 1b eb  ................
000050b0: 00 0e 7e f0 00 00 00 02 00 00 00 02 00 00 00 01  ..~.............
000050c0: 44 43 44 43 5f 52 45 47 33 00 00 00 00 00 00 03  DCDC_REG3.......
000050d0: 00 00 00 00 00 00 1b 42 00 00 00 03 00 00 00 00  .......B........
000050e0: 00 00 1b 56 00 00 00 03 00 00 00 04 00 00 1b ad  ...V............
000050f0: 00 00 00 02 00 00 00 03 00 00 00 08 00 00 1b c4  ................
00005100: 76 63 63 5f 64 64 72 00 00 00 00 03 00 00 00 04  vcc_ddr.........
00005110: 00 00 13 95 00 00 00 e7 00 00 00 01 72 65 67 75  ............regu
00005120: 6c 61 74 6f 72 2d 73 74 61 74 65 2d 6d 65 6d 00  lator-state-mem.
00005130: 00 00 00 03 00 00 00 00 00 00 1b d3 00 00 00 02  ................
00005140: 00 00 00 02 00 00 00 01 44 43 44 43 5f 52 45 47  ........DCDC_REG
00005150: 34 00 00 00 00 00 00 03 00 00 00 00 00 00 1b 42  4..............B
00005160: 00 00 00 03 00 00 00 00 00 00 1b 56 00 00 00 03  ...........V....
00005170: 00 00 00 04 00 00 1b 68 00 2d c6 c0 00 00 00 03  .......h.-......
00005180: 00 00 00 04 00 00 1b 80 00 2d c6 c0 00 00 00 03  .........-......
00005190: 00 00 00 04 00 00 1b ad 00 00 00 02 00 00 00 03  ................
000051a0: 00 00 00 08 00 00 1b c4 76 63 63 5f 33 76 30 00  ........vcc_3v0.
000051b0: 00 00 00 03 00 00 00 04 00 00 13 95 00 00 00 4d  ...............M
000051c0: 00 00 00 01 72 65 67 75 6c 61 74 6f 72 2d 73 74  ....regulator-st
000051d0: 61 74 65 2d 6d 65 6d 00 00 00 00 03 00 00 00 00  ate-mem.........
000051e0: 00 00 1c 07 00 00 00 03 00 00 00 04 00 00 1b eb  ................
000051f0: 00 2d c6 c0 00 00 00 02 00 00 00 02 00 00 00 01  .-..............
00005200: 4c 44 4f 5f 52 45 47 31 00 00 00 00 00 00 00 03  LDO_REG1........
00005210: 00 00 00 00 00 00 1b 42 00 00 00 03 00 00 00 00  .......B........
00005220: 00 00 1b 56 00 00 00 03 00 00 00 04 00 00 1b 68  ...V...........h
00005230: 00 0f 42 40 00 00 00 03 00 00 00 04 00 00 1b 80  ..B@............
00005240: 00 0f 42 40 00 00 00 03 00 00 00 08 00 00 1b c4  ..B@............
00005250: 76 63 63 5f 31 76 30 00 00 00 00 03 00 00 00 04  vcc_1v0.........
00005260: 00 00 13 95 00 00 00 e8 00 00 00 01 72 65 67 75  ............regu
00005270: 6c 61 74 6f 72 2d 73 74 61 74 65 2d 6d 65 6d 00  lator-state-mem.
00005280: 00 00 00 03 00 00 00 00 00 00 1b d3 00 00 00 03  ................
00005290: 00 00 00 04 00 00 1b eb 00 0f 42 40 00 00 00 02  ..........B@....
000052a0: 00 00 00 02 00 00 00 01 4c 44 4f 5f 52 45 47 32  ........LDO_REG2
000052b0: 00 00 00 00 00 00 00 03 00 00 00 00 00 00 1b 42  ...............B
000052c0: 00 00 00 03 00 00 00 00 00 00 1b 56 00 00 00 03  ...........V....
000052d0: 00 00 00 04 00 00 1b 68 00 1b 77 40 00 00 00 03  .......h..w@....
000052e0: 00 00 00 04 00 00 1b 80 00 1b 77 40 00 00 00 03  ..........w@....
000052f0: 00 00 00 0b 00 00 1b c4 76 63 63 31 76 38 5f 73  ........vcc1v8_s
00005300: 6f 63 00 00 00 00 00 03 00 00 00 04 00 00 13 95  oc..............
00005310: 00 00 00 4c 00 00 00 01 72 65 67 75 6c 61 74 6f  ...L....regulato
00005320: 72 2d 73 74 61 74 65 2d 6d 65 6d 00 00 00 00 03  r-state-mem.....
00005330: 00 00 00 00 00 00 1b d3 00 00 00 03 00 00 00 04  ................
00005340: 00 00 1b eb 00 1b 77 40 00 00 00 02 00 00 00 02  ......w@........
00005350: 00 00 00 01 4c 44 4f 5f 52 45 47 33 00 00 00 00  ....LDO_REG3....
00005360: 00 00 00 03 00 00 00 00 00 00 1b 42 00 00 00 03  ...........B....
00005370: 00 00 00 00 00 00 1b 56 00 00 00 03 00 00 00 04  .......V........
00005380: 00 00 1b 68 00 0f 42 40 00 00 00 03 00 00 00 04  ...h..B@........
00005390: 00 00 1b 80 00 0f 42 40 00 00 00 03 00 00 00 0b  ......B@........
000053a0: 00 00 1b c4 76 63 63 31 76 30 5f 73 6f 63 00 00  ....vcc1v0_soc..
000053b0: 00 00 00 03 00 00 00 04 00 00 13 95 00 00 00 e9  ................
000053c0: 00 00 00 01 72 65 67 75 6c 61 74 6f 72 2d 73 74  ....regulator-st
000053d0: 61 74 65 2d 6d 65 6d 00 00 00 00 03 00 00 00 00  ate-mem.........
000053e0: 00 00 1b d3 00 00 00 03 00 00 00 04 00 00 1b eb  ................
000053f0: 00 0f 42 40 00 00 00 02 00 00 00 02 00 00 00 01  ..B@............
00005400: 4c 44 4f 5f 52 45 47 34 00 00 00 00 00 00 00 03  LDO_REG4........
00005410: 00 00 00 00 00 00 1b 42 00 00 00 03 00 00 00 00  .......B........
00005420: 00 00 1b 56 00 00 00 03 00 00 00 04 00 00 1b 68  ...V...........h
00005430: 00 2d c6 c0 00 00 00 03 00 00 00 04 00 00 1b 80  .-..............
00005440: 00 2d c6 c0 00 00 00 03 00 00 00 0b 00 00 1b c4  .-..............
00005450: 76 63 63 33 76 30 5f 70 6d 75 00 00 00 00 00 03  vcc3v0_pmu......
00005460: 00 00 00 04 00 00 13 95 00 00 00 29 00 00 00 01  ...........)....
00005470: 72 65 67 75 6c 61 74 6f 72 2d 73 74 61 74 65 2d  regulator-state-
00005480: 6d 65 6d 00 00 00 00 03 00 00 00 00 00 00 1b d3  mem.............
00005490: 00 00 00 03 00 00 00 04 00 00 1b eb 00 2d c6 c0  .............-..
000054a0: 00 00 00 02 00 00 00 02 00 00 00 01 4c 44 4f 5f  ............LDO_
000054b0: 52 45 47 35 00 00 00 00 00 00 00 03 00 00 00 00  REG5............
000054c0: 00 00 1b 42 00 00 00 03 00 00 00 00 00 00 1b 56  ...B...........V
000054d0: 00 00 00 03 00 00 00 04 00 00 1b 68 00 1b 77 40  ...........h..w@
000054e0: 00 00 00 03 00 00 00 04 00 00 1b 80 00 32 5a a0  .............2Z.
000054f0: 00 00 00 03 00 00 00 09 00 00 1b c4 76 63 63 69  ............vcci
00005500: 6f 5f 73 64 00 00 00 00 00 00 00 03 00 00 00 04  o_sd............
00005510: 00 00 13 95 00 00 00 4b 00 00 00 01 72 65 67 75  .......K....regu
00005520: 6c 61 74 6f 72 2d 73 74 61 74 65 2d 6d 65 6d 00  lator-state-mem.
00005530: 00 00 00 03 00 00 00 00 00 00 1b d3 00 00 00 03  ................
00005540: 00 00 00 04 00 00 1b eb 00 32 5a a0 00 00 00 02  .........2Z.....
00005550: 00 00 00 02 00 00 00 01 4c 44 4f 5f 52 45 47 36  ........LDO_REG6
00005560: 00 00 00 00 00 00 00 03 00 00 00 04 00 00 1b 68  ...............h
00005570: 00 32 5a a0 00 00 00 03 00 00 00 04 00 00 1b 80  .2Z.............
00005580: 00 32 5a a0 00 00 00 03 00 00 00 07 00 00 1b c4  .2Z.............
00005590: 76 63 63 5f 73 64 00 00 00 00 00 03 00 00 00 04  vcc_sd..........
000055a0: 00 00 13 95 00 00 00 95 00 00 00 01 72 65 67 75  ............regu
000055b0: 6c 61 74 6f 72 2d 73 74 61 74 65 2d 6d 65 6d 00  lator-state-mem.
000055c0: 00 00 00 03 00 00 00 00 00 00 1b d3 00 00 00 03  ................
000055d0: 00 00 00 04 00 00 1b eb 00 32 5a a0 00 00 00 02  .........2Z.....
000055e0: 00 00 00 02 00 00 00 01 4c 44 4f 5f 52 45 47 37  ........LDO_REG7
000055f0: 00 00 00 00 00 00 00 03 00 00 00 00 00 00 1b 42  ...............B
00005600: 00 00 00 03 00 00 00 00 00 00 1b 56 00 00 00 03  ...........V....
00005610: 00 00 00 04 00 00 1b 68 00 1b 77 40 00 00 00 03  .......h..w@....
00005620: 00 00 00 04 00 00 1b 80 00 32 5a a0 00 00 00 03  .........2Z.....
00005630: 00 00 00 0b 00 00 1b c4 76 63 63 32 76 38 5f 64  ........vcc2v8_d
00005640: 76 70 00 00 00 00 00 03 00 00 00 04 00 00 13 95  vp..............
00005650: 00 00 00 4a 00 00 00 01 72 65 67 75 6c 61 74 6f  ...J....regulato
00005660: 72 2d 73 74 61 74 65 2d 6d 65 6d 00 00 00 00 03  r-state-mem.....
00005670: 00 00 00 00 00 00 1b d3 00 00 00 03 00 00 00 04  ................
00005680: 00 00 1b eb 00 32 5a a0 00 00 00 02 00 00 00 02  .....2Z.........
00005690: 00 00 00 01 4c 44 4f 5f 52 45 47 38 00 00 00 00  ....LDO_REG8....
000056a0: 00 00 00 03 00 00 00 00 00 00 1b 42 00 00 00 03  ...........B....
000056b0: 00 00 00 00 00 00 1b 56 00 00 00 03 00 00 00 04  .......V........
000056c0: 00 00 1b 68 00 32 5a a0 00 00 00 03 00 00 00 04  ...h.2Z.........
000056d0: 00 00 1b 80 00 32 5a a0 00 00 00 03 00 00 00 08  .....2Z.........
000056e0: 00 00 1b c4 76 63 63 5f 6c 63 64 00 00 00 00 03  ....vcc_lcd.....
000056f0: 00 00 00 04 00 00 13 95 00 00 00 99 00 00 00 01  ................
00005700: 72 65 67 75 6c 61 74 6f 72 2d 73 74 61 74 65 2d  regulator-state-
00005710: 6d 65 6d 00 00 00 00 03 00 00 00 00 00 00 1b d3  mem.............
00005720: 00 00 00 03 00 00 00 04 00 00 1b eb 00 32 5a a0  .............2Z.
00005730: 00 00 00 02 00 00 00 02 00 00 00 01 4c 44 4f 5f  ............LDO_
00005740: 52 45 47 39 00 00 00 00 00 00 00 03 00 00 00 00  REG9............
00005750: 00 00 1b 42 00 00 00 03 00 00 00 00 00 00 1b 56  ...B...........V
00005760: 00 00 00 03 00 00 00 04 00 00 1b 68 00 16 e3 60  ...........h...`
00005770: 00 00 00 03 00 00 00 04 00 00 1b 80 00 16 e3 60  ...............`
00005780: 00 00 00 03 00 00 00 0b 00 00 1b c4 76 64 64 31  ............vdd1
00005790: 76 35 5f 64 76 70 00 00 00 00 00 03 00 00 00 04  v5_dvp..........
000057a0: 00 00 13 95 00 00 00 ea 00 00 00 01 72 65 67 75  ............regu
000057b0: 6c 61 74 6f 72 2d 73 74 61 74 65 2d 6d 65 6d 00  lator-state-mem.
000057c0: 00 00 00 03 00 00 00 00 00 00 1c 07 00 00 00 03  ................
000057d0: 00 00 00 04 00 00 1b eb 00 16 e3 60 00 00 00 02  ...........`....
000057e0: 00 00 00 02 00 00 00 01 42 4f 4f 53 54 00 00 00  ........BOOST...
000057f0: 00 00 00 03 00 00 00 00 00 00 1b 42 00 00 00 03  ...........B....
00005800: 00 00 00 00 00 00 1b 56 00 00 00 03 00 00 00 04  .......V........
00005810: 00 00 1b 68 00 4c 4b 40 00 00 00 03 00 00 00 04  ...h.LK@........
00005820: 00 00 1b 80 00 52 65 c0 00 00 00 03 00 00 00 06  .....Re.........
00005830: 00 00 1b c4 62 6f 6f 73 74 00 00 00 00 00 00 03  ....boost.......
00005840: 00 00 00 04 00 00 13 95 00 00 00 67 00 00 00 02  ...........g....
00005850: 00 00 00 02 00 00 00 01 62 61 74 74 65 72 79 00  ........battery.
00005860: 00 00 00 03 00 00 00 17 00 00 00 00 72 6b 38 31  ............rk81
00005870: 37 2c 62 61 74 74 65 72 79 00 72 6b 38 31 37 5f  7,battery.rk817_
00005880: 66 67 00 00 00 00 00 03 00 00 00 54 00 00 1c 20  fg.........T... 
00005890: 00 00 0c e4 00 00 0d 0c 00 00 0d 34 00 00 0d 5c  ...........4...\
000058a0: 00 00 0d 84 00 00 0d ac 00 00 0d d4 00 00 0d f2  ................
000058b0: 00 00 0e 1a 00 00 0e 42 00 00 0e 6a 00 00 0e 88  .......B...j....
000058c0: 00 00 0e a6 00 00 0e ce 00 00 0e f6 00 00 0f 1e  ................
000058d0: 00 00 0f 46 00 00 0f 64 00 00 0f 7f 00 00 0f a1  ...F...d........
000058e0: 00 00 0f ce 00 00 00 03 00 00 00 04 00 00 1c 2a  ...............*
000058f0: 00 00 0a d7 00 00 00 03 00 00 00 04 00 00 1c 3a  ...............:
00005900: 00 00 0b ec 00 00 00 03 00 00 00 04 00 00 1c 46  ...............F
00005910: 00 00 00 65 00 00 00 03 00 00 00 04 00 00 1c 4e  ...e...........N
00005920: 00 00 01 2c 00 00 00 03 00 00 00 04 00 00 1c 62  ...,...........b
00005930: 00 00 01 2c 00 00 00 03 00 00 00 04 00 00 1c 75  ...,...........u
00005940: 00 00 00 64 00 00 00 03 00 00 00 04 00 00 1c 8a  ...d............
00005950: 00 00 0c e4 00 00 00 03 00 00 00 04 00 00 1c 9b  ................
00005960: 00 00 0f 0a 00 00 00 03 00 00 00 04 00 00 1c ae  ................
00005970: 00 00 00 3c 00 00 00 03 00 00 00 04 00 00 1c bd  ...<............
00005980: 00 00 00 05 00 00 00 03 00 00 00 04 00 00 1c c9  ................
00005990: 00 00 00 0a 00 00 00 03 00 00 00 04 00 00 1c d4  ................
000059a0: 00 00 00 00 00 00 00 03 00 00 00 04 00 00 1c e2  ................
000059b0: 00 00 00 00 00 00 00 02 00 00 00 01 63 68 61 72  ............char
000059c0: 67 65 72 00 00 00 00 03 00 00 00 0e 00 00 00 00  ger.............
000059d0: 72 6b 38 31 37 2c 63 68 61 72 67 65 72 00 00 00  rk817,charger...
000059e0: 00 00 00 03 00 00 00 04 00 00 1c ef 00 00 11 94  ................
000059f0: 00 00 00 03 00 00 00 04 00 00 1d 01 00 00 05 dc  ................
00005a00: 00 00 00 03 00 00 00 04 00 00 1d 13 00 00 07 d0  ................
00005a10: 00 00 00 03 00 00 00 04 00 00 1d 24 00 00 10 68  ...........$...h
00005a20: 00 00 00 03 00 00 00 04 00 00 1d 35 00 00 00 00  ...........5....
00005a30: 00 00 00 03 00 00 00 04 00 00 1d 44 00 00 01 2c  ...........D...,
00005a40: 00 00 00 03 00 00 00 04 00 00 1c d4 00 00 00 00  ................
00005a50: 00 00 00 03 00 00 00 04 00 00 1c c9 00 00 00 0a  ................
00005a60: 00 00 00 03 00 00 00 0c 00 00 1d 54 00 00 00 68  ...........T...h
00005a70: 00 00 00 05 00 00 00 00 00 00 00 03 00 00 00 04  ................
00005a80: 00 00 1d 60 00 00 00 69 00 00 00 02 00 00 00 01  ...`...i........
00005a90: 63 6f 64 65 63 00 00 00 00 00 00 03 00 00 00 04  codec...........
00005aa0: 00 00 19 51 00 00 00 00 00 00 00 03 00 00 00 15  ...Q............
00005ab0: 00 00 00 00 72 6f 63 6b 63 68 69 70 2c 72 6b 38  ....rockchip,rk8
00005ac0: 31 37 2d 63 6f 64 65 63 00 00 00 00 00 00 00 03  17-codec........
00005ad0: 00 00 00 08 00 00 14 13 00 00 00 02 00 00 00 15  ................
00005ae0: 00 00 00 03 00 00 00 05 00 00 17 6b 6d 63 6c 6b  ...........kmclk
00005af0: 00 00 00 00 00 00 00 03 00 00 00 08 00 00 19 02  ................
00005b00: 64 65 66 61 75 6c 74 00 00 00 00 03 00 00 00 04  default.........
00005b10: 00 00 19 10 00 00 00 6a 00 00 00 03 00 00 00 04  .......j........
00005b20: 00 00 1d 67 00 00 00 14 00 00 00 03 00 00 00 04  ...g............
00005b30: 00 00 1d 71 00 00 00 03 00 00 00 03 00 00 00 04  ...q............
00005b40: 00 00 1d 7c 00 00 00 48 00 00 00 03 00 00 00 05  ...|...H........
00005b50: 00 00 17 64 6f 6b 61 79 00 00 00 00 00 00 00 03  ...dokay........
00005b60: 00 00 00 04 00 00 13 95 00 00 00 c1 00 00 00 02  ................
00005b70: 00 00 00 02 00 00 00 02 00 00 00 01 69 32 63 40  ............i2c@
00005b80: 66 66 31 39 30 30 30 30 00 00 00 00 00 00 00 03  ff190000........
00005b90: 00 00 00 14 00 00 00 00 72 6f 63 6b 63 68 69 70  ........rockchip
00005ba0: 2c 72 6b 33 33 39 39 2d 69 32 63 00 00 00 00 03  ,rk3399-i2c.....
00005bb0: 00 00 00 10 00 00 14 01 00 00 00 00 ff 19 00 00  ................
00005bc0: 00 00 00 00 00 00 10 00 00 00 00 03 00 00 00 10  ................
00005bd0: 00 00 14 13 00 00 00 02 00 00 00 1e 00 00 00 02  ................
00005be0: 00 00 01 4f 00 00 00 03 00 00 00 09 00 00 17 6b  ...O...........k
00005bf0: 69 32 63 00 70 63 6c 6b 00 00 00 00 00 00 00 03  i2c.pclk........
00005c00: 00 00 00 0c 00 00 17 13 00 00 00 00 00 00 00 08  ................
00005c10: 00 00 00 04 00 00 00 03 00 00 00 08 00 00 19 02  ................
00005c20: 64 65 66 61 75 6c 74 00 00 00 00 03 00 00 00 04  default.........
00005c30: 00 00 19 10 00 00 00 6b 00 00 00 03 00 00 00 04  .......k........
00005c40: 00 00 00 1c 00 00 00 01 00 00 00 03 00 00 00 04  ................
00005c50: 00 00 00 2b 00 00 00 00 00 00 00 03 00 00 00 05  ...+............
00005c60: 00 00 17 64 6f 6b 61 79 00 00 00 00 00 00 00 03  ...dokay........
00005c70: 00 00 00 04 00 00 17 d5 00 06 1a 80 00 00 00 03  ................
00005c80: 00 00 00 04 00 00 13 95 00 00 00 eb 00 00 00 02  ................
00005c90: 00 00 00 01 69 32 63 40 66 66 31 61 30 30 30 30  ....i2c@ff1a0000
00005ca0: 00 00 00 00 00 00 00 03 00 00 00 14 00 00 00 00  ................
00005cb0: 72 6f 63 6b 63 68 69 70 2c 72 6b 33 33 39 39 2d  rockchip,rk3399-
00005cc0: 69 32 63 00 00 00 00 03 00 00 00 10 00 00 14 01  i2c.............
00005cd0: 00 00 00 00 ff 1a 00 00 00 00 00 00 00 00 10 00  ................
00005ce0: 00 00 00 03 00 00 00 10 00 00 14 13 00 00 00 02  ................
00005cf0: 00 00 00 1f 00 00 00 02 00 00 01 50 00 00 00 03  ...........P....
00005d00: 00 00 00 09 00 00 17 6b 69 32 63 00 70 63 6c 6b  .......ki2c.pclk
00005d10: 00 00 00 00 00 00 00 03 00 00 00 0c 00 00 17 13  ................
00005d20: 00 00 00 00 00 00 00 09 00 00 00 04 00 00 00 03  ................
00005d30: 00 00 00 08 00 00 19 02 64 65 66 61 75 6c 74 00  ........default.
00005d40: 00 00 00 03 00 00 00 04 00 00 19 10 00 00 00 6c  ...............l
00005d50: 00 00 00 03 00 00 00 04 00 00 00 1c 00 00 00 01  ................
00005d60: 00 00 00 03 00 00 00 04 00 00 00 2b 00 00 00 00  ...........+....
00005d70: 00 00 00 03 00 00 00 09 00 00 17 64 64 69 73 61  ...........ddisa
00005d80: 62 6c 65 64 00 00 00 00 00 00 00 03 00 00 00 04  bled............
00005d90: 00 00 13 95 00 00 00 ec 00 00 00 02 00 00 00 01  ................
00005da0: 69 32 63 40 66 66 31 62 30 30 30 30 00 00 00 00  i2c@ff1b0000....
00005db0: 00 00 00 03 00 00 00 14 00 00 00 00 72 6f 63 6b  ............rock
00005dc0: 63 68 69 70 2c 72 6b 33 33 39 39 2d 69 32 63 00  chip,rk3399-i2c.
00005dd0: 00 00 00 03 00 00 00 10 00 00 14 01 00 00 00 00  ................
00005de0: ff 1b 00 00 00 00 00 00 00 00 10 00 00 00 00 03  ................
00005df0: 00 00 00 10 00 00 14 13 00 00 00 02 00 00 00 20  ............... 
00005e00: 00 00 00 02 00 00 01 51 00 00 00 03 00 00 00 09  .......Q........
00005e10: 00 00 17 6b 69 32 63 00 70 63 6c 6b 00 00 00 00  ...ki2c.pclk....
00005e20: 00 00 00 03 00 00 00 0c 00 00 17 13 00 00 00 00  ................
00005e30: 00 00 00 0a 00 00 00 04 00 00 00 03 00 00 00 08  ................
00005e40: 00 00 19 02 64 65 66 61 75 6c 74 00 00 00 00 03  ....default.....
00005e50: 00 00 00 04 00 00 19 10 00 00 00 6d 00 00 00 03  ...........m....
00005e60: 00 00 00 04 00 00 00 1c 00 00 00 01 00 00 00 03  ................
00005e70: 00 00 00 04 00 00 00 2b 00 00 00 00 00 00 00 03  .......+........
00005e80: 00 00 00 09 00 00 17 64 64 69 73 61 62 6c 65 64  .......ddisabled
00005e90: 00 00 00 00 00 00 00 03 00 00 00 04 00 00 13 95  ................
00005ea0: 00 00 00 ed 00 00 00 02 00 00 00 01 73 70 69 40  ............spi@
00005eb0: 66 66 31 64 30 30 30 30 00 00 00 00 00 00 00 03  ff1d0000........
00005ec0: 00 00 00 26 00 00 00 00 72 6f 63 6b 63 68 69 70  ...&....rockchip
00005ed0: 2c 70 78 33 30 2d 73 70 69 00 72 6f 63 6b 63 68  ,px30-spi.rockch
00005ee0: 69 70 2c 72 6b 33 30 36 36 2d 73 70 69 00 00 00  ip,rk3066-spi...
00005ef0: 00 00 00 03 00 00 00 10 00 00 14 01 00 00 00 00  ................
00005f00: ff 1d 00 00 00 00 00 00 00 00 10 00 00 00 00 03  ................
00005f10: 00 00 00 0c 00 00 17 13 00 00 00 00 00 00 00 1a  ................
00005f20: 00 00 00 04 00 00 00 03 00 00 00 04 00 00 00 1c  ................
00005f30: 00 00 00 01 00 00 00 03 00 00 00 04 00 00 00 2b  ...............+
00005f40: 00 00 00 00 00 00 00 03 00 00 00 10 00 00 14 13  ................
00005f50: 00 00 00 02 00 00 00 24 00 00 00 02 00 00 01 55  .......$.......U
00005f60: 00 00 00 03 00 00 00 10 00 00 17 6b 73 70 69 63  ...........kspic
00005f70: 6c 6b 00 61 70 62 5f 70 63 6c 6b 00 00 00 00 03  lk.apb_pclk.....
00005f80: 00 00 00 10 00 00 18 fd 00 00 00 2b 00 00 00 0c  ...........+....
00005f90: 00 00 00 2b 00 00 00 0d 00 00 00 03 00 00 00 06  ...+............
00005fa0: 00 00 19 1a 74 78 00 72 78 00 00 00 00 00 00 03  ....tx.rx.......
00005fb0: 00 00 00 13 00 00 19 02 64 65 66 61 75 6c 74 00  ........default.
00005fc0: 68 69 67 68 5f 73 70 65 65 64 00 00 00 00 00 03  high_speed......
00005fd0: 00 00 00 10 00 00 19 10 00 00 00 6e 00 00 00 6f  ...........n...o
00005fe0: 00 00 00 70 00 00 00 71 00 00 00 03 00 00 00 10  ...p...q........
00005ff0: 00 00 1a 20 00 00 00 72 00 00 00 6f 00 00 00 73  ... ...r...o...s
00006000: 00 00 00 74 00 00 00 03 00 00 00 09 00 00 17 64  ...t...........d
00006010: 64 69 73 61 62 6c 65 64 00 00 00 00 00 00 00 03  disabled........
00006020: 00 00 00 04 00 00 13 95 00 00 00 ee 00 00 00 02  ................
00006030: 00 00 00 01 73 70 69 40 66 66 31 64 38 30 30 30  ....spi@ff1d8000
00006040: 00 00 00 00 00 00 00 03 00 00 00 26 00 00 00 00  ...........&....
00006050: 72 6f 63 6b 63 68 69 70 2c 70 78 33 30 2d 73 70  rockchip,px30-sp
00006060: 69 00 72 6f 63 6b 63 68 69 70 2c 72 6b 33 30 36  i.rockchip,rk306
00006070: 36 2d 73 70 69 00 00 00 00 00 00 03 00 00 00 10  6-spi...........
00006080: 00 00 14 01 00 00 00 00 ff 1d 80 00 00 00 00 00  ................
00006090: 00 00 10 00 00 00 00 03 00 00 00 0c 00 00 17 13  ................
000060a0: 00 00 00 00 00 00 00 1b 00 00 00 04 00 00 00 03  ................
000060b0: 00 00 00 04 00 00 00 1c 00 00 00 01 00 00 00 03  ................
000060c0: 00 00 00 04 00 00 00 2b 00 00 00 00 00 00 00 03  .......+........
000060d0: 00 00 00 10 00 00 14 13 00 00 00 02 00 00 00 25  ...............%
000060e0: 00 00 00 02 00 00 01 56 00 00 00 03 00 00 00 10  .......V........
000060f0: 00 00 17 6b 73 70 69 63 6c 6b 00 61 70 62 5f 70  ...kspiclk.apb_p
00006100: 63 6c 6b 00 00 00 00 03 00 00 00 10 00 00 18 fd  clk.............
00006110: 00 00 00 2b 00 00 00 0e 00 00 00 2b 00 00 00 0f  ...+.......+....
00006120: 00 00 00 03 00 00 00 06 00 00 19 1a 74 78 00 72  ............tx.r
00006130: 78 00 00 00 00 00 00 03 00 00 00 13 00 00 19 02  x...............
00006140: 64 65 66 61 75 6c 74 00 68 69 67 68 5f 73 70 65  default.high_spe
00006150: 65 64 00 00 00 00 00 03 00 00 00 14 00 00 19 10  ed..............
00006160: 00 00 00 75 00 00 00 76 00 00 00 77 00 00 00 78  ...u...v...w...x
00006170: 00 00 00 79 00 00 00 03 00 00 00 14 00 00 1a 20  ...y........... 
00006180: 00 00 00 7a 00 00 00 76 00 00 00 77 00 00 00 7b  ...z...v...w...{
00006190: 00 00 00 7c 00 00 00 03 00 00 00 09 00 00 17 64  ...|...........d
000061a0: 64 69 73 61 62 6c 65 64 00 00 00 00 00 00 00 03  disabled........
000061b0: 00 00 00 04 00 00 13 95 00 00 00 ef 00 00 00 02  ................
000061c0: 00 00 00 01 77 61 74 63 68 64 6f 67 40 66 66 31  ....watchdog@ff1
000061d0: 65 30 30 30 30 00 00 00 00 00 00 03 00 00 00 0c  e0000...........
000061e0: 00 00 00 00 73 6e 70 73 2c 64 77 2d 77 64 74 00  ....snps,dw-wdt.
000061f0: 00 00 00 03 00 00 00 10 00 00 14 01 00 00 00 00  ................
00006200: ff 1e 00 00 00 00 00 00 00 00 01 00 00 00 00 03  ................
00006210: 00 00 00 08 00 00 14 13 00 00 00 02 00 00 01 5b  ...............[
00006220: 00 00 00 03 00 00 00 0c 00 00 17 13 00 00 00 00  ................
00006230: 00 00 00 25 00 00 00 04 00 00 00 03 00 00 00 08  ...%............
00006240: 00 00 19 24 00 00 00 02 00 00 00 b5 00 00 00 03  ...$............
00006250: 00 00 00 06 00 00 19 2b 72 65 73 65 74 00 00 00  .......+reset...
00006260: 00 00 00 03 00 00 00 09 00 00 17 64 64 69 73 61  ...........ddisa
00006270: 62 6c 65 64 00 00 00 00 00 00 00 03 00 00 00 04  bled............
00006280: 00 00 13 95 00 00 00 f0 00 00 00 02 00 00 00 01  ................
00006290: 70 77 6d 40 66 66 32 30 30 30 30 30 00 00 00 00  pwm@ff200000....
000062a0: 00 00 00 03 00 00 00 26 00 00 00 00 72 6f 63 6b  .......&....rock
000062b0: 63 68 69 70 2c 70 78 33 30 2d 70 77 6d 00 72 6f  chip,px30-pwm.ro
000062c0: 63 6b 63 68 69 70 2c 72 6b 33 33 32 38 2d 70 77  ckchip,rk3328-pw
000062d0: 6d 00 00 00 00 00 00 03 00 00 00 10 00 00 14 01  m...............
000062e0: 00 00 00 00 ff 20 00 00 00 00 00 00 00 00 00 10  ..... ..........
000062f0: 00 00 00 03 00 00 00 04 00 00 1d 8a 00 00 00 03  ................
00006300: 00 00 00 03 00 00 00 07 00 00 19 02 61 63 74 69  ............acti
00006310: 76 65 00 00 00 00 00 03 00 00 00 04 00 00 19 10  ve..............
00006320: 00 00 00 7d 00 00 00 03 00 00 00 10 00 00 14 13  ...}............
00006330: 00 00 00 02 00 00 00 22 00 00 00 02 00 00 01 53  .......".......S
00006340: 00 00 00 03 00 00 00 09 00 00 17 6b 70 77 6d 00  ...........kpwm.
00006350: 70 63 6c 6b 00 00 00 00 00 00 00 03 00 00 00 09  pclk............
00006360: 00 00 17 64 64 69 73 61 62 6c 65 64 00 00 00 00  ...ddisabled....
00006370: 00 00 00 03 00 00 00 04 00 00 13 95 00 00 00 f1  ................
00006380: 00 00 00 02 00 00 00 01 70 77 6d 40 66 66 32 30  ........pwm@ff20
00006390: 30 30 31 30 00 00 00 00 00 00 00 03 00 00 00 26  0010...........&
000063a0: 00 00 00 00 72 6f 63 6b 63 68 69 70 2c 70 78 33  ....rockchip,px3
000063b0: 30 2d 70 77 6d 00 72 6f 63 6b 63 68 69 70 2c 72  0-pwm.rockchip,r
000063c0: 6b 33 33 32 38 2d 70 77 6d 00 00 00 00 00 00 03  k3328-pwm.......
000063d0: 00 00 00 10 00 00 14 01 00 00 00 00 ff 20 00 10  ............. ..
000063e0: 00 00 00 00 00 00 00 10 00 00 00 03 00 00 00 04  ................
000063f0: 00 00 1d 8a 00 00 00 03 00 00 00 03 00 00 00 07  ................
00006400: 00 00 19 02 61 63 74 69 76 65 00 00 00 00 00 03  ....active......
00006410: 00 00 00 04 00 00 19 10 00 00 00 7e 00 00 00 03  ...........~....
00006420: 00 00 00 10 00 00 14 13 00 00 00 02 00 00 00 22  ..............."
00006430: 00 00 00 02 00 00 01 53 00 00 00 03 00 00 00 09  .......S........
00006440: 00 00 17 6b 70 77 6d 00 70 63 6c 6b 00 00 00 00  ...kpwm.pclk....
00006450: 00 00 00 03 00 00 00 05 00 00 17 64 6f 6b 61 79  ...........dokay
00006460: 00 00 00 00 00 00 00 03 00 00 00 04 00 00 13 95  ................
00006470: 00 00 00 be 00 00 00 02 00 00 00 01 70 77 6d 40  ............pwm@
00006480: 66 66 32 30 30 30 32 30 00 00 00 00 00 00 00 03  ff200020........
00006490: 00 00 00 26 00 00 00 00 72 6f 63 6b 63 68 69 70  ...&....rockchip
000064a0: 2c 70 78 33 30 2d 70 77 6d 00 72 6f 63 6b 63 68  ,px30-pwm.rockch
000064b0: 69 70 2c 72 6b 33 33 32 38 2d 70 77 6d 00 00 00  ip,rk3328-pwm...
000064c0: 00 00 00 03 00 00 00 10 00 00 14 01 00 00 00 00  ................
000064d0: ff 20 00 20 00 00 00 00 00 00 00 10 00 00 00 03  . . ............
000064e0: 00 00 00 04 00 00 1d 8a 00 00 00 03 00 00 00 03  ................
000064f0: 00 00 00 07 00 00 19 02 61 63 74 69 76 65 00 00  ........active..
00006500: 00 00 00 03 00 00 00 04 00 00 19 10 00 00 00 7f  ................
00006510: 00 00 00 03 00 00 00 10 00 00 14 13 00 00 00 02  ................
00006520: 00 00 00 22 00 00 00 02 00 00 01 53 00 00 00 03  ...".......S....
00006530: 00 00 00 09 00 00 17 6b 70 77 6d 00 70 63 6c 6b  .......kpwm.pclk
00006540: 00 00 00 00 00 00 00 03 00 00 00 09 00 00 17 64  ...............d
00006550: 64 69 73 61 62 6c 65 64 00 00 00 00 00 00 00 03  disabled........
00006560: 00 00 00 04 00 00 13 95 00 00 00 f2 00 00 00 02  ................
00006570: 00 00 00 01 70 77 6d 40 66 66 32 30 30 30 33 30  ....pwm@ff200030
00006580: 00 00 00 00 00 00 00 03 00 00 00 26 00 00 00 00  ...........&....
00006590: 72 6f 63 6b 63 68 69 70 2c 70 78 33 30 2d 70 77  rockchip,px30-pw
000065a0: 6d 00 72 6f 63 6b 63 68 69 70 2c 72 6b 33 33 32  m.rockchip,rk332
000065b0: 38 2d 70 77 6d 00 00 00 00 00 00 03 00 00 00 10  8-pwm...........
000065c0: 00 00 14 01 00 00 00 00 ff 20 00 30 00 00 00 00  ......... .0....
000065d0: 00 00 00 10 00 00 00 03 00 00 00 04 00 00 1d 8a  ................
000065e0: 00 00 00 03 00 00 00 03 00 00 00 07 00 00 19 02  ................
000065f0: 61 63 74 69 76 65 00 00 00 00 00 03 00 00 00 04  active..........
00006600: 00 00 19 10 00 00 00 80 00 00 00 03 00 00 00 10  ................
00006610: 00 00 14 13 00 00 00 02 00 00 00 22 00 00 00 02  ..........."....
00006620: 00 00 01 53 00 00 00 03 00 00 00 09 00 00 17 6b  ...S...........k
00006630: 70 77 6d 00 70 63 6c 6b 00 00 00 00 00 00 00 03  pwm.pclk........
00006640: 00 00 00 09 00 00 17 64 64 69 73 61 62 6c 65 64  .......ddisabled
00006650: 00 00 00 00 00 00 00 03 00 00 00 04 00 00 13 95  ................
00006660: 00 00 00 f3 00 00 00 02 00 00 00 01 70 77 6d 40  ............pwm@
00006670: 66 66 32 30 38 30 30 30 00 00 00 00 00 00 00 03  ff208000........
00006680: 00 00 00 26 00 00 00 00 72 6f 63 6b 63 68 69 70  ...&....rockchip
00006690: 2c 70 78 33 30 2d 70 77 6d 00 72 6f 63 6b 63 68  ,px30-pwm.rockch
000066a0: 69 70 2c 72 6b 33 33 32 38 2d 70 77 6d 00 00 00  ip,rk3328-pwm...
000066b0: 00 00 00 03 00 00 00 10 00 00 14 01 00 00 00 00  ................
000066c0: ff 20 80 00 00 00 00 00 00 00 00 10 00 00 00 03  . ..............
000066d0: 00 00 00 04 00 00 1d 8a 00 00 00 03 00 00 00 03  ................
000066e0: 00 00 00 07 00 00 19 02 61 63 74 69 76 65 00 00  ........active..
000066f0: 00 00 00 03 00 00 00 04 00 00 19 10 00 00 00 81  ................
00006700: 00 00 00 03 00 00 00 10 00 00 14 13 00 00 00 02  ................
00006710: 00 00 00 23 00 00 00 02 00 00 01 54 00 00 00 03  ...#.......T....
00006720: 00 00 00 09 00 00 17 6b 70 77 6d 00 70 63 6c 6b  .......kpwm.pclk
00006730: 00 00 00 00 00 00 00 03 00 00 00 09 00 00 17 64  ...............d
00006740: 64 69 73 61 62 6c 65 64 00 00 00 00 00 00 00 03  disabled........
00006750: 00 00 00 04 00 00 13 95 00 00 00 f4 00 00 00 02  ................
00006760: 00 00 00 01 70 77 6d 40 66 66 32 30 38 30 31 30  ....pwm@ff208010
00006770: 00 00 00 00 00 00 00 03 00 00 00 26 00 00 00 00  ...........&....
00006780: 72 6f 63 6b 63 68 69 70 2c 70 78 33 30 2d 70 77  rockchip,px30-pw
00006790: 6d 00 72 6f 63 6b 63 68 69 70 2c 72 6b 33 33 32  m.rockchip,rk332
000067a0: 38 2d 70 77 6d 00 00 00 00 00 00 03 00 00 00 10  8-pwm...........
000067b0: 00 00 14 01 00 00 00 00 ff 20 80 10 00 00 00 00  ......... ......
000067c0: 00 00 00 10 00 00 00 03 00 00 00 04 00 00 1d 8a  ................
000067d0: 00 00 00 03 00 00 00 03 00 00 00 07 00 00 19 02  ................
000067e0: 61 63 74 69 76 65 00 00 00 00 00 03 00 00 00 04  active..........
000067f0: 00 00 19 10 00 00 00 82 00 00 00 03 00 00 00 10  ................
00006800: 00 00 14 13 00 00 00 02 00 00 00 23 00 00 00 02  ...........#....
00006810: 00 00 01 54 00 00 00 03 00 00 00 09 00 00 17 6b  ...T...........k
00006820: 70 77 6d 00 70 63 6c 6b 00 00 00 00 00 00 00 03  pwm.pclk........
00006830: 00 00 00 09 00 00 17 64 64 69 73 61 62 6c 65 64  .......ddisabled
00006840: 00 00 00 00 00 00 00 03 00 00 00 04 00 00 13 95  ................
00006850: 00 00 00 f5 00 00 00 02 00 00 00 01 70 77 6d 40  ............pwm@
00006860: 66 66 32 30 38 30 32 30 00 00 00 00 00 00 00 03  ff208020........
00006870: 00 00 00 26 00 00 00 00 72 6f 63 6b 63 68 69 70  ...&....rockchip
00006880: 2c 70 78 33 30 2d 70 77 6d 00 72 6f 63 6b 63 68  ,px30-pwm.rockch
00006890: 69 70 2c 72 6b 33 33 32 38 2d 70 77 6d 00 00 00  ip,rk3328-pwm...
000068a0: 00 00 00 03 00 00 00 10 00 00 14 01 00 00 00 00  ................
000068b0: ff 20 80 20 00 00 00 00 00 00 00 10 00 00 00 03  . . ............
000068c0: 00 00 00 04 00 00 1d 8a 00 00 00 03 00 00 00 03  ................
000068d0: 00 00 00 07 00 00 19 02 61 63 74 69 76 65 00 00  ........active..
000068e0: 00 00 00 03 00 00 00 04 00 00 19 10 00 00 00 83  ................
000068f0: 00 00 00 03 00 00 00 10 00 00 14 13 00 00 00 02  ................
00006900: 00 00 00 23 00 00 00 02 00 00 01 54 00 00 00 03  ...#.......T....
00006910: 00 00 00 09 00 00 17 6b 70 77 6d 00 70 63 6c 6b  .......kpwm.pclk
00006920: 00 00 00 00 00 00 00 03 00 00 00 09 00 00 17 64  ...............d
00006930: 64 69 73 61 62 6c 65 64 00 00 00 00 00 00 00 03  disabled........
00006940: 00 00 00 04 00 00 13 95 00 00 00 f6 00 00 00 02  ................
00006950: 00 00 00 01 70 77 6d 40 66 66 32 30 38 30 33 30  ....pwm@ff208030
00006960: 00 00 00 00 00 00 00 03 00 00 00 26 00 00 00 00  ...........&....
00006970: 72 6f 63 6b 63 68 69 70 2c 70 78 33 30 2d 70 77  rockchip,px30-pw
00006980: 6d 00 72 6f 63 6b 63 68 69 70 2c 72 6b 33 33 32  m.rockchip,rk332
00006990: 38 2d 70 77 6d 00 00 00 00 00 00 03 00 00 00 10  8-pwm...........
000069a0: 00 00 14 01 00 00 00 00 ff 20 80 30 00 00 00 00  ......... .0....
000069b0: 00 00 00 10 00 00 00 03 00 00 00 04 00 00 1d 8a  ................
000069c0: 00 00 00 03 00 00 00 03 00 00 00 07 00 00 19 02  ................
000069d0: 61 63 74 69 76 65 00 00 00 00 00 03 00 00 00 04  active..........
000069e0: 00 00 19 10 00 00 00 84 00 00 00 03 00 00 00 10  ................
000069f0: 00 00 14 13 00 00 00 02 00 00 00 23 00 00 00 02  ...........#....
00006a00: 00 00 01 54 00 00 00 03 00 00 00 09 00 00 17 6b  ...T...........k
00006a10: 70 77 6d 00 70 63 6c 6b 00 00 00 00 00 00 00 03  pwm.pclk........
00006a20: 00 00 00 09 00 00 17 64 64 69 73 61 62 6c 65 64  .......ddisabled
00006a30: 00 00 00 00 00 00 00 03 00 00 00 04 00 00 13 95  ................
00006a40: 00 00 00 f7 00 00 00 02 00 00 00 01 72 6b 74 69  ............rkti
00006a50: 6d 65 72 40 66 66 32 31 30 30 30 30 00 00 00 00  mer@ff210000....
00006a60: 00 00 00 03 00 00 00 16 00 00 00 00 72 6f 63 6b  ............rock
00006a70: 63 68 69 70 2c 72 6b 33 32 38 38 2d 74 69 6d 65  chip,rk3288-time
00006a80: 72 00 00 00 00 00 00 03 00 00 00 10 00 00 14 01  r...............
00006a90: 00 00 00 00 ff 21 00 00 00 00 00 00 00 00 10 00  .....!..........
00006aa0: 00 00 00 03 00 00 00 0c 00 00 17 13 00 00 00 00  ................
00006ab0: 00 00 00 1e 00 00 00 04 00 00 00 03 00 00 00 10  ................
00006ac0: 00 00 14 13 00 00 00 02 00 00 01 59 00 00 00 02  ...........Y....
00006ad0: 00 00 00 26 00 00 00 03 00 00 00 0b 00 00 17 6b  ...&...........k
00006ae0: 70 63 6c 6b 00 74 69 6d 65 72 00 00 00 00 00 03  pclk.timer......
00006af0: 00 00 00 04 00 00 13 95 00 00 00 f8 00 00 00 02  ................
00006b00: 00 00 00 01 61 6d 62 61 00 00 00 00 00 00 00 03  ....amba........
00006b10: 00 00 00 0b 00 00 00 00 73 69 6d 70 6c 65 2d 62  ........simple-b
00006b20: 75 73 00 00 00 00 00 03 00 00 00 04 00 00 00 1c  us..............
00006b30: 00 00 00 02 00 00 00 03 00 00 00 04 00 00 00 2b  ...............+
00006b40: 00 00 00 02 00 00 00 03 00 00 00 00 00 00 1d 95  ................
00006b50: 00 00 00 01 64 6d 61 63 40 66 66 32 34 30 30 30  ....dmac@ff24000
00006b60: 30 00 00 00 00 00 00 03 00 00 00 18 00 00 00 00  0...............
00006b70: 61 72 6d 2c 70 6c 33 33 30 00 61 72 6d 2c 70 72  arm,pl330.arm,pr
00006b80: 69 6d 65 63 65 6c 6c 00 00 00 00 03 00 00 00 10  imecell.........
00006b90: 00 00 14 01 00 00 00 00 ff 24 00 00 00 00 00 00  .........$......
00006ba0: 00 00 40 00 00 00 00 03 00 00 00 18 00 00 17 13  ..@.............
00006bb0: 00 00 00 00 00 00 00 01 00 00 00 04 00 00 00 00  ................
00006bc0: 00 00 00 02 00 00 00 04 00 00 00 03 00 00 00 08  ................
00006bd0: 00 00 14 13 00 00 00 02 00 00 00 bb 00 00 00 03  ................
00006be0: 00 00 00 09 00 00 17 6b 61 70 62 5f 70 63 6c 6b  .......kapb_pclk
00006bf0: 00 00 00 00 00 00 00 03 00 00 00 04 00 00 1d 9c  ................
00006c00: 00 00 00 01 00 00 00 03 00 00 00 00 00 00 1d a7  ................
00006c10: 00 00 00 03 00 00 00 04 00 00 13 95 00 00 00 2b  ...............+
00006c20: 00 00 00 02 00 00 00 02 00 00 00 01 74 68 65 72  ............ther
00006c30: 6d 61 6c 2d 7a 6f 6e 65 73 00 00 00 00 00 00 03  mal-zones.......
00006c40: 00 00 00 04 00 00 13 95 00 00 00 f9 00 00 00 01  ................
00006c50: 73 6f 63 2d 74 68 65 72 6d 61 6c 00 00 00 00 03  soc-thermal.....
00006c60: 00 00 00 04 00 00 1d c2 00 00 00 14 00 00 00 03  ................
00006c70: 00 00 00 04 00 00 1d d8 00 00 03 e8 00 00 00 03  ................
00006c80: 00 00 00 04 00 00 1d e6 00 00 02 ee 00 00 00 03  ................
00006c90: 00 00 00 08 00 00 1d f8 00 00 00 85 00 00 00 00  ................
00006ca0: 00 00 00 03 00 00 00 04 00 00 13 95 00 00 00 fa  ................
00006cb0: 00 00 00 01 74 72 69 70 73 00 00 00 00 00 00 01  ....trips.......
00006cc0: 74 72 69 70 2d 70 6f 69 6e 74 2d 30 00 00 00 00  trip-point-0....
00006cd0: 00 00 00 03 00 00 00 04 00 00 1e 08 00 01 11 70  ...............p
00006ce0: 00 00 00 03 00 00 00 04 00 00 14 f2 00 00 07 d0  ................
00006cf0: 00 00 00 03 00 00 00 08 00 00 13 fc 70 61 73 73  ............pass
00006d00: 69 76 65 00 00 00 00 03 00 00 00 04 00 00 13 95  ive.............
00006d10: 00 00 00 fb 00 00 00 02 00 00 00 01 74 72 69 70  ............trip
00006d20: 2d 70 6f 69 6e 74 2d 31 00 00 00 00 00 00 00 03  -point-1........
00006d30: 00 00 00 04 00 00 1e 08 00 01 4c 08 00 00 00 03  ..........L.....
00006d40: 00 00 00 04 00 00 14 f2 00 00 07 d0 00 00 00 03  ................
00006d50: 00 00 00 08 00 00 13 fc 70 61 73 73 69 76 65 00  ........passive.
00006d60: 00 00 00 03 00 00 00 04 00 00 13 95 00 00 00 86  ................
00006d70: 00 00 00 02 00 00 00 01 73 6f 63 2d 63 72 69 74  ........soc-crit
00006d80: 00 00 00 00 00 00 00 03 00 00 00 04 00 00 1e 08  ................
00006d90: 00 01 c1 38 00 00 00 03 00 00 00 04 00 00 14 f2  ...8............
00006da0: 00 00 07 d0 00 00 00 03 00 00 00 09 00 00 13 fc  ................
00006db0: 63 72 69 74 69 63 61 6c 00 00 00 00 00 00 00 03  critical........
00006dc0: 00 00 00 04 00 00 13 95 00 00 00 fc 00 00 00 02  ................
00006dd0: 00 00 00 02 00 00 00 01 63 6f 6f 6c 69 6e 67 2d  ........cooling-
00006de0: 6d 61 70 73 00 00 00 00 00 00 00 01 6d 61 70 30  maps........map0
00006df0: 00 00 00 00 00 00 00 03 00 00 00 04 00 00 1e 14  ................
00006e00: 00 00 00 86 00 00 00 03 00 00 00 0c 00 00 1e 19  ................
00006e10: 00 00 00 09 ff ff ff ff ff ff ff ff 00 00 00 03  ................
00006e20: 00 00 00 04 00 00 1e 28 00 00 10 00 00 00 00 02  .......(........
00006e30: 00 00 00 01 6d 61 70 31 00 00 00 00 00 00 00 03  ....map1........
00006e40: 00 00 00 04 00 00 1e 14 00 00 00 86 00 00 00 03  ................
00006e50: 00 00 00 0c 00 00 1e 19 00 00 00 87 ff ff ff ff  ................
00006e60: ff ff ff ff 00 00 00 03 00 00 00 04 00 00 1e 28  ...............(
00006e70: 00 00 10 00 00 00 00 02 00 00 00 02 00 00 00 02  ................
00006e80: 00 00 00 01 67 70 75 2d 74 68 65 72 6d 61 6c 00  ....gpu-thermal.
00006e90: 00 00 00 03 00 00 00 04 00 00 1d c2 00 00 00 64  ...............d
00006ea0: 00 00 00 03 00 00 00 04 00 00 1d d8 00 00 03 e8  ................
00006eb0: 00 00 00 03 00 00 00 08 00 00 1d f8 00 00 00 85  ................
00006ec0: 00 00 00 01 00 00 00 03 00 00 00 04 00 00 13 95  ................
00006ed0: 00 00 00 fd 00 00 00 02 00 00 00 02 00 00 00 01  ................
00006ee0: 74 73 61 64 63 40 66 66 32 38 30 30 30 30 00 00  tsadc@ff280000..
00006ef0: 00 00 00 03 00 00 00 14 00 00 00 00 72 6f 63 6b  ............rock
00006f00: 63 68 69 70 2c 70 78 33 30 2d 74 73 61 64 63 00  chip,px30-tsadc.
00006f10: 00 00 00 03 00 00 00 10 00 00 14 01 00 00 00 00  ................
00006f20: ff 28 00 00 00 00 00 00 00 00 01 00 00 00 00 03  .(..............
00006f30: 00 00 00 0c 00 00 17 13 00 00 00 00 00 00 00 24  ...............$
00006f40: 00 00 00 04 00 00 00 03 00 00 00 04 00 00 19 44  ...............D
00006f50: 00 00 00 2f 00 00 00 03 00 00 00 10 00 00 14 13  .../............
00006f60: 00 00 00 02 00 00 00 2c 00 00 00 02 00 00 01 58  .......,.......X
00006f70: 00 00 00 03 00 00 00 0f 00 00 17 6b 74 73 61 64  ...........ktsad
00006f80: 63 00 61 70 62 5f 70 63 6c 6b 00 00 00 00 00 03  c.apb_pclk......
00006f90: 00 00 00 08 00 00 19 62 00 00 00 02 00 00 00 2c  .......b.......,
00006fa0: 00 00 00 03 00 00 00 04 00 00 19 72 00 00 c3 50  ...........r...P
00006fb0: 00 00 00 03 00 00 00 08 00 00 19 24 00 00 00 02  ...........$....
00006fc0: 00 00 00 a8 00 00 00 03 00 00 00 0a 00 00 19 2b  ...............+
00006fd0: 74 73 61 64 63 2d 61 70 62 00 00 00 00 00 00 03  tsadc-apb.......
00006fe0: 00 00 00 04 00 00 1e 35 00 00 00 01 00 00 00 03  .......5........
00006ff0: 00 00 00 04 00 00 1e 4b 00 01 d4 c0 00 00 00 03  .......K........
00007000: 00 00 00 05 00 00 17 64 6f 6b 61 79 00 00 00 00  .......dokay....
00007010: 00 00 00 03 00 00 00 0c 00 00 19 02 67 70 69 6f  ............gpio
00007020: 00 6f 74 70 6f 75 74 00 00 00 00 03 00 00 00 04  .otpout.........
00007030: 00 00 19 10 00 00 00 88 00 00 00 03 00 00 00 04  ................
00007040: 00 00 1a 20 00 00 00 89 00 00 00 03 00 00 00 04  ... ............
00007050: 00 00 1a 59 00 00 00 88 00 00 00 03 00 00 00 04  ...Y............
00007060: 00 00 13 95 00 00 00 85 00 00 00 02 00 00 00 01  ................
00007070: 73 61 72 61 64 63 40 66 66 32 38 38 30 30 30 00  saradc@ff288000.
00007080: 00 00 00 03 00 00 00 2c 00 00 00 00 72 6f 63 6b  .......,....rock
00007090: 63 68 69 70 2c 70 78 33 30 2d 73 61 72 61 64 63  chip,px30-saradc
000070a0: 00 72 6f 63 6b 63 68 69 70 2c 72 6b 33 33 39 39  .rockchip,rk3399
000070b0: 2d 73 61 72 61 64 63 00 00 00 00 03 00 00 00 10  -saradc.........
000070c0: 00 00 14 01 00 00 00 00 ff 28 80 00 00 00 00 00  .........(......
000070d0: 00 00 01 00 00 00 00 03 00 00 00 0c 00 00 17 13  ................
000070e0: 00 00 00 00 00 00 00 54 00 00 00 04 00 00 00 03  .......T........
000070f0: 00 00 00 04 00 00 1e 62 00 00 00 01 00 00 00 03  .......b........
00007100: 00 00 00 10 00 00 14 13 00 00 00 02 00 00 00 2d  ...............-
00007110: 00 00 00 02 00 00 01 57 00 00 00 03 00 00 00 10  .......W........
00007120: 00 00 17 6b 73 61 72 61 64 63 00 61 70 62 5f 70  ...ksaradc.apb_p
00007130: 63 6c 6b 00 00 00 00 03 00 00 00 08 00 00 19 24  clk............$
00007140: 00 00 00 02 00 00 00 a5 00 00 00 03 00 00 00 0b  ................
00007150: 00 00 19 2b 73 61 72 61 64 63 2d 61 70 62 00 00  ...+saradc-apb..
00007160: 00 00 00 03 00 00 00 05 00 00 17 64 6f 6b 61 79  ...........dokay
00007170: 00 00 00 00 00 00 00 03 00 00 00 04 00 00 1e 74  ...............t
00007180: 00 00 00 4c 00 00 00 03 00 00 00 04 00 00 13 95  ...L............
00007190: 00 00 00 bb 00 00 00 02 00 00 00 01 6f 74 70 40  ............otp@
000071a0: 66 66 32 39 30 30 30 30 00 00 00 00 00 00 00 03  ff290000........
000071b0: 00 00 00 12 00 00 00 00 72 6f 63 6b 63 68 69 70  ........rockchip
000071c0: 2c 70 78 33 30 2d 6f 74 70 00 00 00 00 00 00 03  ,px30-otp.......
000071d0: 00 00 00 10 00 00 14 01 00 00 00 00 ff 29 00 00  .............)..
000071e0: 00 00 00 00 00 00 40 00 00 00 00 03 00 00 00 04  ......@.........
000071f0: 00 00 00 1c 00 00 00 01 00 00 00 03 00 00 00 04  ................
00007200: 00 00 00 2b 00 00 00 01 00 00 00 03 00 00 00 18  ...+............
00007210: 00 00 14 13 00 00 00 02 00 00 00 2f 00 00 00 02  .........../....
00007220: 00 00 01 5a 00 00 00 02 00 00 01 61 00 00 00 03  ...Z.......a....
00007230: 00 00 00 1e 00 00 17 6b 63 6c 6b 5f 6f 74 70 00  .......kclk_otp.
00007240: 70 63 6c 6b 5f 6f 74 70 00 70 63 6c 6b 5f 6f 74  pclk_otp.pclk_ot
00007250: 70 5f 70 68 79 00 00 00 00 00 00 03 00 00 00 08  p_phy...........
00007260: 00 00 19 24 00 00 00 02 00 00 00 b4 00 00 00 03  ...$............
00007270: 00 00 00 08 00 00 19 2b 6f 74 70 5f 70 68 79 00  .......+otp_phy.
00007280: 00 00 00 03 00 00 00 04 00 00 13 95 00 00 00 fe  ................
00007290: 00 00 00 01 69 64 40 37 00 00 00 00 00 00 00 03  ....id@7........
000072a0: 00 00 00 08 00 00 14 01 00 00 00 07 00 00 00 10  ................
000072b0: 00 00 00 03 00 00 00 04 00 00 13 95 00 00 00 0f  ................
000072c0: 00 00 00 02 00 00 00 01 63 70 75 2d 6c 65 61 6b  ........cpu-leak
000072d0: 61 67 65 40 31 37 00 00 00 00 00 03 00 00 00 08  age@17..........
000072e0: 00 00 14 01 00 00 00 17 00 00 00 01 00 00 00 03  ................
000072f0: 00 00 00 04 00 00 13 95 00 00 00 07 00 00 00 02  ................
00007300: 00 00 00 01 70 65 72 66 6f 72 6d 61 6e 63 65 40  ....performance@
00007310: 31 65 00 00 00 00 00 03 00 00 00 08 00 00 14 01  1e..............
00007320: 00 00 00 1e 00 00 00 01 00 00 00 03 00 00 00 08  ................
00007330: 00 00 1e 80 00 00 00 04 00 00 00 03 00 00 00 03  ................
00007340: 00 00 00 04 00 00 13 95 00 00 00 08 00 00 00 02  ................
00007350: 00 00 00 02 00 00 00 01 63 6c 6f 63 6b 2d 63 6f  ........clock-co
00007360: 6e 74 72 6f 6c 6c 65 72 40 66 66 32 62 30 30 30  ntroller@ff2b000
00007370: 30 00 00 00 00 00 00 03 00 00 00 12 00 00 00 00  0...............
00007380: 72 6f 63 6b 63 68 69 70 2c 70 78 33 30 2d 63 72  rockchip,px30-cr
00007390: 75 00 00 00 00 00 00 03 00 00 00 10 00 00 14 01  u...............
000073a0: 00 00 00 00 ff 2b 00 00 00 00 00 00 00 00 10 00  .....+..........
000073b0: 00 00 00 03 00 00 00 04 00 00 19 44 00 00 00 2f  ...........D.../
000073c0: 00 00 00 03 00 00 00 04 00 00 1e 85 00 00 00 8a  ................
000073d0: 00 00 00 03 00 00 00 04 00 00 17 f8 00 00 00 01  ................
000073e0: 00 00 00 03 00 00 00 04 00 00 1e 94 00 00 00 01  ................
000073f0: 00 00 00 03 00 00 00 08 00 00 19 62 00 00 00 02  ...........b....
00007400: 00 00 00 04 00 00 00 03 00 00 00 04 00 00 19 72  ...............r
00007410: 3d fd 24 00 00 00 00 03 00 00 00 04 00 00 13 95  =.$.............
00007420: 00 00 00 02 00 00 00 02 00 00 00 01 63 70 75 2d  ............cpu-
00007430: 62 6f 6f 73 74 40 66 66 32 62 38 30 30 30 00 00  boost@ff2b8000..
00007440: 00 00 00 03 00 00 00 07 00 00 00 00 73 79 73 63  ............sysc
00007450: 6f 6e 00 00 00 00 00 03 00 00 00 10 00 00 14 01  on..............
00007460: 00 00 00 00 ff 2b 80 00 00 00 00 00 00 00 10 00  .....+..........
00007470: 00 00 00 03 00 00 00 04 00 00 1e a1 00 00 10 32  ...............2
00007480: 00 00 00 03 00 00 00 04 00 00 1e b9 00 00 14 41  ...............A
00007490: 00 00 00 03 00 00 00 04 00 00 1e d1 00 00 10 36  ...............6
000074a0: 00 00 00 03 00 00 00 04 00 00 1e ea 00 00 14 41  ...............A
000074b0: 00 00 00 03 00 00 00 04 00 00 1f 03 00 00 00 01  ................
000074c0: 00 00 00 03 00 00 00 04 00 00 1f 1d 00 00 00 00  ................
000074d0: 00 00 00 03 00 00 00 04 00 00 1f 3d 00 24 9f 00  ...........=.$..
000074e0: 00 00 00 03 00 00 00 04 00 00 1f 5d 00 00 01 00  ...........]....
000074f0: 00 00 00 03 00 00 00 04 00 00 1f 7d 00 00 00 00  ...........}....
00007500: 00 00 00 03 00 00 00 04 00 00 1f 9a 00 00 00 00  ................
00007510: 00 00 00 03 00 00 00 04 00 00 13 95 00 00 00 8a  ................
00007520: 00 00 00 02 00 00 00 01 70 6d 75 2d 63 6c 6f 63  ........pmu-cloc
00007530: 6b 2d 63 6f 6e 74 72 6f 6c 6c 65 72 40 66 66 32  k-controller@ff2
00007540: 62 63 30 30 30 00 00 00 00 00 00 03 00 00 00 15  bc000...........
00007550: 00 00 00 00 72 6f 63 6b 63 68 69 70 2c 70 78 33  ....rockchip,px3
00007560: 30 2d 70 6d 75 63 72 75 00 00 00 00 00 00 00 03  0-pmucru........
00007570: 00 00 00 10 00 00 14 01 00 00 00 00 ff 2b c0 00  .............+..
00007580: 00 00 00 00 00 00 10 00 00 00 00 03 00 00 00 04  ................
00007590: 00 00 19 44 00 00 00 2f 00 00 00 03 00 00 00 04  ...D.../........
000075a0: 00 00 17 f8 00 00 00 01 00 00 00 03 00 00 00 04  ................
000075b0: 00 00 1e 94 00 00 00 01 00 00 00 03 00 00 00 50  ...............P
000075c0: 00 00 19 62 00 00 00 2a 00 00 00 01 00 00 00 2a  ...b...*.......*
000075d0: 00 00 00 08 00 00 00 2a 00 00 00 05 00 00 00 02  .......*........
000075e0: 00 00 00 07 00 00 00 02 00 00 00 ab 00 00 00 02  ................
000075f0: 00 00 00 b0 00 00 00 02 00 00 00 f0 00 00 00 02  ................
00007600: 00 00 00 f5 00 00 00 02 00 00 01 40 00 00 00 02  ...........@....
00007610: 00 00 00 49 00 00 00 03 00 00 00 28 00 00 19 72  ...I.......(...r
00007620: 47 86 8c 00 05 f5 e1 00 01 8c ba 80 23 c3 46 00  G...........#.F.
00007630: 0b eb c2 00 0b eb c2 00 08 f0 d1 80 08 f0 d1 80  ................
00007640: 05 f5 e1 00 0b eb c2 00 00 00 00 03 00 00 00 04  ................
00007650: 00 00 13 95 00 00 00 2a 00 00 00 02 00 00 00 01  .......*........
00007660: 73 79 73 63 6f 6e 40 66 66 32 63 30 30 30 30 00  syscon@ff2c0000.
00007670: 00 00 00 03 00 00 00 2c 00 00 00 00 72 6f 63 6b  .......,....rock
00007680: 63 68 69 70 2c 70 78 33 30 2d 75 73 62 32 70 68  chip,px30-usb2ph
00007690: 79 2d 67 72 66 00 73 79 73 63 6f 6e 00 73 69 6d  y-grf.syscon.sim
000076a0: 70 6c 65 2d 6d 66 64 00 00 00 00 03 00 00 00 10  ple-mfd.........
000076b0: 00 00 14 01 00 00 00 00 ff 2c 00 00 00 00 00 00  .........,......
000076c0: 00 01 00 00 00 00 00 03 00 00 00 04 00 00 00 1c  ................
000076d0: 00 00 00 01 00 00 00 03 00 00 00 04 00 00 00 2b  ...............+
000076e0: 00 00 00 01 00 00 00 03 00 00 00 04 00 00 13 95  ................
000076f0: 00 00 00 ff 00 00 00 01 75 73 62 32 2d 70 68 79  ........usb2-phy
00007700: 40 31 30 30 00 00 00 00 00 00 00 03 00 00 00 2e  @100............
00007710: 00 00 00 00 72 6f 63 6b 63 68 69 70 2c 70 78 33  ....rockchip,px3
00007720: 30 2d 75 73 62 32 70 68 79 00 72 6f 63 6b 63 68  0-usb2phy.rockch
00007730: 69 70 2c 72 6b 33 33 32 38 2d 75 73 62 32 70 68  ip,rk3328-usb2ph
00007740: 79 00 00 00 00 00 00 03 00 00 00 08 00 00 14 01  y...............
00007750: 00 00 01 00 00 00 00 10 00 00 00 03 00 00 00 08  ................
00007760: 00 00 14 13 00 00 00 2a 00 00 00 0a 00 00 00 03  .......*........
00007770: 00 00 00 07 00 00 17 6b 70 68 79 63 6c 6b 00 00  .......kphyclk..
00007780: 00 00 00 03 00 00 00 04 00 00 17 f8 00 00 00 00  ................
00007790: 00 00 00 03 00 00 00 10 00 00 19 62 00 00 00 02  ...........b....
000077a0: 00 00 00 0e 00 00 00 02 00 00 00 55 00 00 00 03  ...........U....
000077b0: 00 00 00 0c 00 00 1f b0 00 00 00 69 00 00 00 02  ...........i....
000077c0: 00 00 00 0e 00 00 00 03 00 00 00 0c 00 00 17 e5  ................
000077d0: 75 73 62 34 38 30 6d 5f 70 68 79 00 00 00 00 03  usb480m_phy.....
000077e0: 00 00 00 05 00 00 17 64 6f 6b 61 79 00 00 00 00  .......dokay....
000077f0: 00 00 00 03 00 00 00 04 00 00 13 95 00 00 00 69  ...............i
00007800: 00 00 00 01 68 6f 73 74 2d 70 6f 72 74 00 00 00  ....host-port...
00007810: 00 00 00 03 00 00 00 04 00 00 1f c7 00 00 00 00  ................
00007820: 00 00 00 03 00 00 00 0c 00 00 17 13 00 00 00 00  ................
00007830: 00 00 00 44 00 00 00 04 00 00 00 03 00 00 00 0a  ...D............
00007840: 00 00 1f d2 6c 69 6e 65 73 74 61 74 65 00 00 00  ....linestate...
00007850: 00 00 00 03 00 00 00 05 00 00 17 64 6f 6b 61 79  ...........dokay
00007860: 00 00 00 00 00 00 00 03 00 00 00 04 00 00 13 95  ................
00007870: 00 00 00 8e 00 00 00 02 00 00 00 01 6f 74 67 2d  ............otg-
00007880: 70 6f 72 74 00 00 00 00 00 00 00 03 00 00 00 04  port............
00007890: 00 00 1f c7 00 00 00 00 00 00 00 03 00 00 00 24  ...............$
000078a0: 00 00 17 13 00 00 00 00 00 00 00 42 00 00 00 04  ...........B....
000078b0: 00 00 00 00 00 00 00 41 00 00 00 04 00 00 00 00  .......A........
000078c0: 00 00 00 40 00 00 00 04 00 00 00 03 00 00 00 1c  ...@............
000078d0: 00 00 1f d2 6f 74 67 2d 62 76 61 6c 69 64 00 6f  ....otg-bvalid.o
000078e0: 74 67 2d 69 64 00 6c 69 6e 65 73 74 61 74 65 00  tg-id.linestate.
000078f0: 00 00 00 03 00 00 00 09 00 00 17 64 64 69 73 61  ...........ddisa
00007900: 62 6c 65 64 00 00 00 00 00 00 00 03 00 00 00 04  bled............
00007910: 00 00 13 95 00 00 00 8c 00 00 00 02 00 00 00 02  ................
00007920: 00 00 00 02 00 00 00 01 76 69 64 65 6f 2d 70 68  ........video-ph
00007930: 79 40 66 66 32 65 30 30 30 30 00 00 00 00 00 03  y@ff2e0000......
00007940: 00 00 00 18 00 00 00 00 72 6f 63 6b 63 68 69 70  ........rockchip
00007950: 2c 70 78 33 30 2d 76 69 64 65 6f 2d 70 68 79 00  ,px30-video-phy.
00007960: 00 00 00 03 00 00 00 20 00 00 14 01 00 00 00 00  ....... ........
00007970: ff 2e 00 00 00 00 00 00 00 01 00 00 00 00 00 00  ................
00007980: ff 45 00 00 00 00 00 00 00 01 00 00 00 00 00 03  .E..............
00007990: 00 00 00 18 00 00 14 13 00 00 00 2a 00 00 00 0b  ...........*....
000079a0: 00 00 00 02 00 00 01 45 00 00 00 02 00 00 01 44  .......E.......D
000079b0: 00 00 00 03 00 00 00 17 00 00 17 6b 72 65 66 00  ...........kref.
000079c0: 70 63 6c 6b 5f 70 68 79 00 70 63 6c 6b 5f 68 6f  pclk_phy.pclk_ho
000079d0: 73 74 00 00 00 00 00 03 00 00 00 04 00 00 17 f8  st..............
000079e0: 00 00 00 00 00 00 00 03 00 00 00 08 00 00 19 24  ...............$
000079f0: 00 00 00 02 00 00 00 3e 00 00 00 03 00 00 00 04  .......>........
00007a00: 00 00 19 2b 72 73 74 00 00 00 00 03 00 00 00 08  ...+rst.........
00007a10: 00 00 1f e2 00 00 00 8b 00 00 00 0c 00 00 00 03  ................
00007a20: 00 00 00 04 00 00 1f c7 00 00 00 00 00 00 00 03  ................
00007a30: 00 00 00 05 00 00 17 64 6f 6b 61 79 00 00 00 00  .......dokay....
00007a40: 00 00 00 03 00 00 00 04 00 00 13 95 00 00 00 4e  ...............N
00007a50: 00 00 00 02 00 00 00 01 6d 69 70 69 2d 64 70 68  ........mipi-dph
00007a60: 79 2d 72 78 30 40 66 66 32 66 30 30 30 30 00 00  y-rx0@ff2f0000..
00007a70: 00 00 00 03 00 00 00 1a 00 00 00 00 72 6f 63 6b  ............rock
00007a80: 63 68 69 70 2c 72 6b 33 33 32 36 2d 6d 69 70 69  chip,rk3326-mipi
00007a90: 2d 64 70 68 79 00 00 00 00 00 00 03 00 00 00 10  -dphy...........
00007aa0: 00 00 14 01 00 00 00 00 ff 2f 00 00 00 00 00 00  ........./......
00007ab0: 00 00 40 00 00 00 00 03 00 00 00 08 00 00 14 13  ..@.............
00007ac0: 00 00 00 02 00 00 01 46 00 00 00 03 00 00 00 09  .......F........
00007ad0: 00 00 17 6b 64 70 68 79 2d 72 65 66 00 00 00 00  ...kdphy-ref....
00007ae0: 00 00 00 03 00 00 00 08 00 00 1f e2 00 00 00 8b  ................
00007af0: 00 00 00 0d 00 00 00 03 00 00 00 04 00 00 19 44  ...............D
00007b00: 00 00 00 2f 00 00 00 03 00 00 00 09 00 00 17 64  .../...........d
00007b10: 64 69 73 61 62 6c 65 64 00 00 00 00 00 00 00 03  disabled........
00007b20: 00 00 00 04 00 00 13 95 00 00 01 00 00 00 00 02  ................
00007b30: 00 00 00 01 75 73 62 40 66 66 33 30 30 30 30 30  ....usb@ff300000
00007b40: 00 00 00 00 00 00 00 03 00 00 00 30 00 00 00 00  ...........0....
00007b50: 72 6f 63 6b 63 68 69 70 2c 70 78 33 30 2d 75 73  rockchip,px30-us
00007b60: 62 00 72 6f 63 6b 63 68 69 70 2c 72 6b 33 30 36  b.rockchip,rk306
00007b70: 36 2d 75 73 62 00 73 6e 70 73 2c 64 77 63 32 00  6-usb.snps,dwc2.
00007b80: 00 00 00 03 00 00 00 10 00 00 14 01 00 00 00 00  ................
00007b90: ff 30 00 00 00 00 00 00 00 04 00 00 00 00 00 03  .0..............
00007ba0: 00 00 00 0c 00 00 17 13 00 00 00 00 00 00 00 3e  ...............>
00007bb0: 00 00 00 04 00 00 00 03 00 00 00 08 00 00 14 13  ................
00007bc0: 00 00 00 02 00 00 01 02 00 00 00 03 00 00 00 04  ................
00007bd0: 00 00 17 6b 6f 74 67 00 00 00 00 03 00 00 00 08  ...kotg.........
00007be0: 00 00 1f e2 00 00 00 8b 00 00 00 05 00 00 00 03  ................
00007bf0: 00 00 00 04 00 00 1f f0 6f 74 67 00 00 00 00 03  ........otg.....
00007c00: 00 00 00 04 00 00 1f f8 00 00 00 10 00 00 00 03  ................
00007c10: 00 00 00 04 00 00 20 0a 00 00 01 18 00 00 00 03  ...... .........
00007c20: 00 00 00 18 00 00 20 19 00 00 01 00 00 00 00 80  ...... .........
00007c30: 00 00 00 80 00 00 00 40 00 00 00 20 00 00 00 10  .......@... ....
00007c40: 00 00 00 03 00 00 00 00 00 00 20 28 00 00 00 03  .......... (....
00007c50: 00 00 00 04 00 00 1a 01 00 00 00 8c 00 00 00 03  ................
00007c60: 00 00 00 09 00 00 1a 06 75 73 62 32 2d 70 68 79  ........usb2-phy
00007c70: 00 00 00 00 00 00 00 03 00 00 00 05 00 00 17 64  ...............d
00007c80: 6f 6b 61 79 00 00 00 00 00 00 00 03 00 00 00 04  okay............
00007c90: 00 00 20 32 00 00 00 8d 00 00 00 03 00 00 00 04  .. 2............
00007ca0: 00 00 13 95 00 00 01 01 00 00 00 02 00 00 00 01  ................
00007cb0: 75 73 62 40 66 66 33 34 30 30 30 30 00 00 00 00  usb@ff340000....
00007cc0: 00 00 00 03 00 00 00 0d 00 00 00 00 67 65 6e 65  ............gene
00007cd0: 72 69 63 2d 65 68 63 69 00 00 00 00 00 00 00 03  ric-ehci........
00007ce0: 00 00 00 10 00 00 14 01 00 00 00 00 ff 34 00 00  .............4..
00007cf0: 00 00 00 00 00 01 00 00 00 00 00 03 00 00 00 0c  ................
00007d00: 00 00 17 13 00 00 00 00 00 00 00 3c 00 00 00 04  ...........<....
00007d10: 00 00 00 03 00 00 00 0c 00 00 14 13 00 00 00 02  ................
00007d20: 00 00 01 03 00 00 00 69 00 00 00 03 00 00 00 0d  .......i........
00007d30: 00 00 17 6b 75 73 62 68 6f 73 74 00 75 74 6d 69  ...kusbhost.utmi
00007d40: 00 00 00 00 00 00 00 03 00 00 00 08 00 00 1f e2  ................
00007d50: 00 00 00 8b 00 00 00 05 00 00 00 03 00 00 00 04  ................
00007d60: 00 00 1a 01 00 00 00 8e 00 00 00 03 00 00 00 04  ................
00007d70: 00 00 1a 06 75 73 62 00 00 00 00 03 00 00 00 09  ....usb.........
00007d80: 00 00 17 64 64 69 73 61 62 6c 65 64 00 00 00 00  ...ddisabled....
00007d90: 00 00 00 03 00 00 00 04 00 00 13 95 00 00 01 02  ................
00007da0: 00 00 00 02 00 00 00 01 75 73 62 40 66 66 33 35  ........usb@ff35
00007db0: 30 30 30 30 00 00 00 00 00 00 00 03 00 00 00 0d  0000............
00007dc0: 00 00 00 00 67 65 6e 65 72 69 63 2d 6f 68 63 69  ....generic-ohci
00007dd0: 00 00 00 00 00 00 00 03 00 00 00 10 00 00 14 01  ................
00007de0: 00 00 00 00 ff 35 00 00 00 00 00 00 00 01 00 00  .....5..........
00007df0: 00 00 00 03 00 00 00 0c 00 00 17 13 00 00 00 00  ................
00007e00: 00 00 00 3d 00 00 00 04 00 00 00 03 00 00 00 0c  ...=............
00007e10: 00 00 14 13 00 00 00 02 00 00 01 03 00 00 00 69  ...............i
00007e20: 00 00 00 03 00 00 00 0d 00 00 17 6b 75 73 62 68  ...........kusbh
00007e30: 6f 73 74 00 75 74 6d 69 00 00 00 00 00 00 00 03  ost.utmi........
00007e40: 00 00 00 08 00 00 1f e2 00 00 00 8b 00 00 00 05  ................
00007e50: 00 00 00 03 00 00 00 04 00 00 1a 01 00 00 00 8e  ................
00007e60: 00 00 00 03 00 00 00 04 00 00 1a 06 75 73 62 00  ............usb.
00007e70: 00 00 00 03 00 00 00 09 00 00 17 64 64 69 73 61  ...........ddisa
00007e80: 62 6c 65 64 00 00 00 00 00 00 00 03 00 00 00 04  bled............
00007e90: 00 00 13 95 00 00 01 03 00 00 00 02 00 00 00 01  ................
00007ea0: 65 74 68 65 72 6e 65 74 40 66 66 33 36 30 30 30  ethernet@ff36000
00007eb0: 30 00 00 00 00 00 00 03 00 00 00 13 00 00 00 00  0...............
00007ec0: 72 6f 63 6b 63 68 69 70 2c 70 78 33 30 2d 67 6d  rockchip,px30-gm
00007ed0: 61 63 00 00 00 00 00 03 00 00 00 10 00 00 14 01  ac..............
00007ee0: 00 00 00 00 ff 36 00 00 00 00 00 00 00 01 00 00  .....6..........
00007ef0: 00 00 00 03 00 00 00 04 00 00 19 44 00 00 00 2f  ...........D.../
00007f00: 00 00 00 03 00 00 00 0c 00 00 17 13 00 00 00 00  ................
00007f10: 00 00 00 2b 00 00 00 04 00 00 00 03 00 00 00 07  ...+............
00007f20: 00 00 1f d2 6d 61 63 69 72 71 00 00 00 00 00 03  ....macirq......
00007f30: 00 00 00 40 00 00 14 13 00 00 00 02 00 00 00 3e  ...@...........>
00007f40: 00 00 00 02 00 00 00 3f 00 00 00 02 00 00 00 3f  .......?.......?
00007f50: 00 00 00 02 00 00 00 40 00 00 00 02 00 00 00 41  .......@.......A
00007f60: 00 00 00 02 00 00 00 b2 00 00 00 02 00 00 01 43  ...............C
00007f70: 00 00 00 02 00 00 00 4c 00 00 00 03 00 00 00 5b  .......L.......[
00007f80: 00 00 17 6b 73 74 6d 6d 61 63 65 74 68 00 6d 61  ...kstmmaceth.ma
00007f90: 63 5f 63 6c 6b 5f 72 78 00 6d 61 63 5f 63 6c 6b  c_clk_rx.mac_clk
00007fa0: 5f 74 78 00 63 6c 6b 5f 6d 61 63 5f 72 65 66 00  _tx.clk_mac_ref.
00007fb0: 63 6c 6b 5f 6d 61 63 5f 72 65 66 6f 75 74 00 61  clk_mac_refout.a
00007fc0: 63 6c 6b 5f 6d 61 63 00 70 63 6c 6b 5f 6d 61 63  clk_mac.pclk_mac
00007fd0: 00 63 6c 6b 5f 6d 61 63 5f 73 70 65 65 64 00 00  .clk_mac_speed..
00007fe0: 00 00 00 03 00 00 00 05 00 00 20 3e 72 6d 69 69  .......... >rmii
00007ff0: 00 00 00 00 00 00 00 03 00 00 00 08 00 00 19 02  ................
00008000: 64 65 66 61 75 6c 74 00 00 00 00 03 00 00 00 08  default.........
00008010: 00 00 19 10 00 00 00 8f 00 00 00 90 00 00 00 03  ................
00008020: 00 00 00 08 00 00 19 24 00 00 00 02 00 00 00 5e  .......$.......^
00008030: 00 00 00 03 00 00 00 0a 00 00 19 2b 73 74 6d 6d  ...........+stmm
00008040: 61 63 65 74 68 00 00 00 00 00 00 03 00 00 00 08  aceth...........
00008050: 00 00 1f e2 00 00 00 8b 00 00 00 09 00 00 00 03  ................
00008060: 00 00 00 09 00 00 17 64 64 69 73 61 62 6c 65 64  .......ddisabled
00008070: 00 00 00 00 00 00 00 03 00 00 00 04 00 00 13 95  ................
00008080: 00 00 01 04 00 00 00 02 00 00 00 01 64 77 6d 6d  ............dwmm
00008090: 63 40 66 66 33 37 30 30 30 30 00 00 00 00 00 03  c@ff370000......
000080a0: 00 00 00 2e 00 00 00 00 72 6f 63 6b 63 68 69 70  ........rockchip
000080b0: 2c 70 78 33 30 2d 64 77 2d 6d 73 68 63 00 72 6f  ,px30-dw-mshc.ro
000080c0: 63 6b 63 68 69 70 2c 72 6b 33 32 38 38 2d 64 77  ckchip,rk3288-dw
000080d0: 2d 6d 73 68 63 00 00 00 00 00 00 03 00 00 00 10  -mshc...........
000080e0: 00 00 14 01 00 00 00 00 ff 37 00 00 00 00 00 00  .........7......
000080f0: 00 00 40 00 00 00 00 03 00 00 00 04 00 00 20 47  ..@........... G
00008100: 05 f5 e1 00 00 00 00 03 00 00 00 20 00 00 14 13  ........... ....
00008110: 00 00 00 02 00 00 00 f7 00 00 00 02 00 00 00 3b  ...............;
00008120: 00 00 00 02 00 00 00 43 00 00 00 02 00 00 00 44  .......C.......D
00008130: 00 00 00 03 00 00 00 1b 00 00 17 6b 62 69 75 00  ...........kbiu.
00008140: 63 69 75 00 63 69 75 2d 64 72 76 00 63 69 75 2d  ciu.ciu-drv.ciu-
00008150: 73 61 6d 70 6c 65 00 00 00 00 00 03 00 00 00 08  sample..........
00008160: 00 00 19 62 00 00 00 02 00 00 00 3b 00 00 00 03  ...b.......;....
00008170: 00 00 00 08 00 00 1f b0 00 00 00 02 00 00 00 57  ...............W
00008180: 00 00 00 03 00 00 00 08 00 00 1f e2 00 00 00 8b  ................
00008190: 00 00 00 07 00 00 00 03 00 00 00 04 00 00 20 55  .............. U
000081a0: 00 00 01 00 00 00 00 03 00 00 00 0c 00 00 17 13  ................
000081b0: 00 00 00 00 00 00 00 36 00 00 00 04 00 00 00 03  .......6........
000081c0: 00 00 00 08 00 00 19 02 64 65 66 61 75 6c 74 00  ........default.
000081d0: 00 00 00 03 00 00 00 10 00 00 19 10 00 00 00 91  ................
000081e0: 00 00 00 92 00 00 00 93 00 00 00 94 00 00 00 03  ................
000081f0: 00 00 00 05 00 00 17 64 6f 6b 61 79 00 00 00 00  .......dokay....
00008200: 00 00 00 03 00 00 00 04 00 00 20 60 00 00 00 04  .......... `....
00008210: 00 00 00 03 00 00 00 00 00 00 20 6a 00 00 00 03  .......... j....
00008220: 00 00 00 00 00 00 20 7b 00 00 00 03 00 00 00 04  ...... {........
00008230: 00 00 20 87 00 00 03 20 00 00 00 03 00 00 00 00  .. .... ........
00008240: 00 00 20 99 00 00 00 03 00 00 00 0c 00 00 20 aa  .. ........... .
00008250: 00 00 00 5e 00 00 00 03 00 00 00 01 00 00 00 03  ...^............
00008260: 00 00 00 00 00 00 20 b3 00 00 00 03 00 00 00 00  ...... .........
00008270: 00 00 20 c0 00 00 00 03 00 00 00 00 00 00 20 cd  .. ........... .
00008280: 00 00 00 03 00 00 00 00 00 00 20 da 00 00 00 03  .......... .....
00008290: 00 00 00 04 00 00 20 e8 00 00 00 4b 00 00 00 03  ...... ....K....
000082a0: 00 00 00 04 00 00 20 f5 00 00 00 95 00 00 00 03  ...... .........
000082b0: 00 00 00 04 00 00 13 95 00 00 01 05 00 00 00 02  ................
000082c0: 00 00 00 01 64 77 6d 6d 63 40 66 66 33 38 30 30  ....dwmmc@ff3800
000082d0: 30 30 00 00 00 00 00 03 00 00 00 2e 00 00 00 00  00..............
000082e0: 72 6f 63 6b 63 68 69 70 2c 70 78 33 30 2d 64 77  rockchip,px30-dw
000082f0: 2d 6d 73 68 63 00 72 6f 63 6b 63 68 69 70 2c 72  -mshc.rockchip,r
00008300: 6b 33 32 38 38 2d 64 77 2d 6d 73 68 63 00 00 00  k3288-dw-mshc...
00008310: 00 00 00 03 00 00 00 10 00 00 14 01 00 00 00 00  ................
00008320: ff 38 00 00 00 00 00 00 00 00 40 00 00 00 00 03  .8........@.....
00008330: 00 00 00 04 00 00 20 47 05 f5 e1 00 00 00 00 03  ...... G........
00008340: 00 00 00 20 00 00 14 13 00 00 00 02 00 00 00 ff  ... ............
00008350: 00 00 00 02 00 00 00 38 00 00 00 02 00 00 00 45  .......8.......E
00008360: 00 00 00 02 00 00 00 46 00 00 00 03 00 00 00 1b  .......F........
00008370: 00 00 17 6b 62 69 75 00 63 69 75 00 63 69 75 2d  ...kbiu.ciu.ciu-
00008380: 64 72 76 00 63 69 75 2d 73 61 6d 70 6c 65 00 00  drv.ciu-sample..
00008390: 00 00 00 03 00 00 00 08 00 00 19 62 00 00 00 02  ...........b....
000083a0: 00 00 00 38 00 00 00 03 00 00 00 08 00 00 1f b0  ...8............
000083b0: 00 00 00 02 00 00 00 51 00 00 00 03 00 00 00 08  .......Q........
000083c0: 00 00 1f e2 00 00 00 8b 00 00 00 0a 00 00 00 03  ................
000083d0: 00 00 00 04 00 00 20 55 00 00 01 00 00 00 00 03  ...... U........
000083e0: 00 00 00 0c 00 00 17 13 00 00 00 00 00 00 00 37  ...............7
000083f0: 00 00 00 04 00 00 00 03 00 00 00 08 00 00 19 02  ................
00008400: 64 65 66 61 75 6c 74 00 00 00 00 03 00 00 00 0c  default.........
00008410: 00 00 19 10 00 00 00 96 00 00 00 97 00 00 00 98  ................
00008420: 00 00 00 03 00 00 00 05 00 00 17 64 6f 6b 61 79  ...........dokay
00008430: 00 00 00 00 00 00 00 03 00 00 00 04 00 00 20 60  .............. `
00008440: 00 00 00 04 00 00 00 03 00 00 00 00 00 00 20 6a  .............. j
00008450: 00 00 00 03 00 00 00 00 00 00 20 7b 00 00 00 03  .......... {....
00008460: 00 00 00 04 00 00 20 87 00 00 03 20 00 00 00 03  ...... .... ....
00008470: 00 00 00 00 00 00 20 99 00 00 00 03 00 00 00 0c  ...... .........
00008480: 00 00 20 aa 00 00 00 5e 00 00 00 02 00 00 00 01  .. ....^........
00008490: 00 00 00 03 00 00 00 00 00 00 20 b3 00 00 00 03  .......... .....
000084a0: 00 00 00 00 00 00 20 c0 00 00 00 03 00 00 00 00  ...... .........
000084b0: 00 00 20 cd 00 00 00 03 00 00 00 00 00 00 20 da  .. ........... .
000084c0: 00 00 00 03 00 00 00 04 00 00 20 e8 00 00 00 4a  .......... ....J
000084d0: 00 00 00 03 00 00 00 04 00 00 20 f5 00 00 00 99  .......... .....
000084e0: 00 00 00 03 00 00 00 04 00 00 13 95 00 00 01 06  ................
000084f0: 00 00 00 02 00 00 00 01 64 77 6d 6d 63 40 66 66  ........dwmmc@ff
00008500: 33 39 30 30 30 30 00 00 00 00 00 03 00 00 00 2e  390000..........
00008510: 00 00 00 00 72 6f 63 6b 63 68 69 70 2c 70 78 33  ....rockchip,px3
00008520: 30 2d 64 77 2d 6d 73 68 63 00 72 6f 63 6b 63 68  0-dw-mshc.rockch
00008530: 69 70 2c 72 6b 33 32 38 38 2d 64 77 2d 6d 73 68  ip,rk3288-dw-msh
00008540: 63 00 00 00 00 00 00 03 00 00 00 10 00 00 14 01  c...............
00008550: 00 00 00 00 ff 39 00 00 00 00 00 00 00 00 40 00  .....9........@.
00008560: 00 00 00 03 00 00 00 04 00 00 20 47 08 f0 d1 80  .......... G....
00008570: 00 00 00 03 00 00 00 20 00 00 14 13 00 00 00 02  ....... ........
00008580: 00 00 01 00 00 00 00 02 00 00 00 39 00 00 00 02  ...........9....
00008590: 00 00 00 47 00 00 00 02 00 00 00 48 00 00 00 03  ...G.......H....
000085a0: 00 00 00 1b 00 00 17 6b 62 69 75 00 63 69 75 00  .......kbiu.ciu.
000085b0: 63 69 75 2d 64 72 76 00 63 69 75 2d 73 61 6d 70  ciu-drv.ciu-samp
000085c0: 6c 65 00 00 00 00 00 03 00 00 00 08 00 00 19 62  le.............b
000085d0: 00 00 00 02 00 00 00 39 00 00 00 03 00 00 00 08  .......9........
000085e0: 00 00 1f b0 00 00 00 02 00 00 00 53 00 00 00 03  ...........S....
000085f0: 00 00 00 08 00 00 1f e2 00 00 00 8b 00 00 00 0a  ................
00008600: 00 00 00 03 00 00 00 04 00 00 20 55 00 00 01 00  .......... U....
00008610: 00 00 00 03 00 00 00 0c 00 00 17 13 00 00 00 00  ................
00008620: 00 00 00 35 00 00 00 04 00 00 00 03 00 00 00 09  ...5............
00008630: 00 00 17 64 64 69 73 61 62 6c 65 64 00 00 00 00  ...ddisabled....
00008640: 00 00 00 03 00 00 00 04 00 00 13 95 00 00 01 07  ................
00008650: 00 00 00 02 00 00 00 01 6e 61 6e 64 63 40 66 66  ........nandc@ff
00008660: 33 62 30 30 30 30 00 00 00 00 00 03 00 00 00 12  3b0000..........
00008670: 00 00 00 00 72 6f 63 6b 63 68 69 70 2c 72 6b 2d  ....rockchip,rk-
00008680: 6e 61 6e 64 63 00 00 00 00 00 00 03 00 00 00 10  nandc...........
00008690: 00 00 14 01 00 00 00 00 ff 3b 00 00 00 00 00 00  .........;......
000086a0: 00 00 40 00 00 00 00 03 00 00 00 0c 00 00 17 13  ..@.............
000086b0: 00 00 00 00 00 00 00 39 00 00 00 04 00 00 00 03  .......9........
000086c0: 00 00 00 04 00 00 21 01 00 00 00 00 00 00 00 03  ......!.........
000086d0: 00 00 00 10 00 00 14 13 00 00 00 02 00 00 00 37  ...............7
000086e0: 00 00 00 02 00 00 00 fe 00 00 00 03 00 00 00 15  ................
000086f0: 00 00 17 6b 63 6c 6b 5f 6e 61 6e 64 63 00 68 63  ...kclk_nandc.hc
00008700: 6c 6b 5f 6e 61 6e 64 63 00 00 00 00 00 00 00 03  lk_nandc........
00008710: 00 00 00 08 00 00 19 62 00 00 00 02 00 00 00 37  .......b.......7
00008720: 00 00 00 03 00 00 00 08 00 00 1f b0 00 00 00 02  ................
00008730: 00 00 00 4f 00 00 00 03 00 00 00 08 00 00 1f e2  ...O............
00008740: 00 00 00 8b 00 00 00 0a 00 00 00 03 00 00 00 09  ................
00008750: 00 00 17 64 64 69 73 61 62 6c 65 64 00 00 00 00  ...ddisabled....
00008760: 00 00 00 03 00 00 00 04 00 00 13 95 00 00 01 08  ................
00008770: 00 00 00 02 00 00 00 01 73 66 63 40 66 66 33 61  ........sfc@ff3a
00008780: 30 30 30 30 00 00 00 00 00 00 00 03 00 00 00 0d  0000............
00008790: 00 00 00 00 72 6f 63 6b 63 68 69 70 2c 73 66 63  ....rockchip,sfc
000087a0: 00 00 00 00 00 00 00 03 00 00 00 10 00 00 14 01  ................
000087b0: 00 00 00 00 ff 3a 00 00 00 00 00 00 00 00 40 00  .....:........@.
000087c0: 00 00 00 03 00 00 00 0c 00 00 17 13 00 00 00 00  ................
000087d0: 00 00 00 38 00 00 00 04 00 00 00 03 00 00 00 10  ...8............
000087e0: 00 00 14 13 00 00 00 02 00 00 00 3a 00 00 00 02  ...........:....
000087f0: 00 00 01 01 00 00 00 03 00 00 00 11 00 00 17 6b  ...............k
00008800: 63 6c 6b 5f 73 66 63 00 68 63 6c 6b 5f 73 66 63  clk_sfc.hclk_sfc
00008810: 00 00 00 00 00 00 00 03 00 00 00 08 00 00 19 62  ...............b
00008820: 00 00 00 02 00 00 00 3a 00 00 00 03 00 00 00 04  .......:........
00008830: 00 00 19 72 00 98 96 80 00 00 00 03 00 00 00 09  ...r............
00008840: 00 00 17 64 64 69 73 61 62 6c 65 64 00 00 00 00  ...ddisabled....
00008850: 00 00 00 03 00 00 00 04 00 00 13 95 00 00 01 09  ................
00008860: 00 00 00 02 00 00 00 01 67 70 75 40 66 66 34 30  ........gpu@ff40
00008870: 30 30 30 30 00 00 00 00 00 00 00 03 00 00 00 38  0000...........8
00008880: 00 00 00 00 61 72 6d 2c 6d 61 6c 69 74 36 30 32  ....arm,malit602
00008890: 00 61 72 6d 2c 6d 61 6c 69 74 36 30 78 00 61 72  .arm,malit60x.ar
000088a0: 6d 2c 6d 61 6c 69 74 36 78 78 00 61 72 6d 2c 6d  m,malit6xx.arm,m
000088b0: 61 6c 69 2d 6d 69 64 67 61 72 64 00 00 00 00 03  ali-midgard.....
000088c0: 00 00 00 10 00 00 14 01 00 00 00 00 ff 40 00 00  .............@..
000088d0: 00 00 00 00 00 00 40 00 00 00 00 03 00 00 00 24  ......@........$
000088e0: 00 00 17 13 00 00 00 00 00 00 00 2d 00 00 00 04  ...........-....
000088f0: 00 00 00 00 00 00 00 2e 00 00 00 04 00 00 00 00  ................
00008900: 00 00 00 2f 00 00 00 04 00 00 00 03 00 00 00 0c  .../............
00008910: 00 00 1f d2 47 50 55 00 4d 4d 55 00 4a 4f 42 00  ....GPU.MMU.JOB.
00008920: 00 00 00 03 00 00 00 08 00 00 14 13 00 00 00 02  ................
00008930: 00 00 00 49 00 00 00 03 00 00 00 09 00 00 17 6b  ...I...........k
00008940: 63 6c 6b 5f 6d 61 6c 69 00 00 00 00 00 00 00 03  clk_mali........
00008950: 00 00 00 08 00 00 1f e2 00 00 00 8b 00 00 00 0e  ................
00008960: 00 00 00 03 00 00 00 04 00 00 14 1a 00 00 00 02  ................
00008970: 00 00 00 03 00 00 00 04 00 00 14 43 00 00 00 9a  ...........C....
00008980: 00 00 00 03 00 00 00 05 00 00 17 64 6f 6b 61 79  ...........dokay
00008990: 00 00 00 00 00 00 00 03 00 00 00 04 00 00 21 0a  ..............!.
000089a0: 00 00 00 0e 00 00 00 03 00 00 00 04 00 00 13 95  ................
000089b0: 00 00 00 87 00 00 00 01 70 6f 77 65 72 5f 6d 6f  ........power_mo
000089c0: 64 65 6c 00 00 00 00 03 00 00 00 1c 00 00 00 00  del.............
000089d0: 61 72 6d 2c 6d 61 6c 69 2d 73 69 6d 70 6c 65 2d  arm,mali-simple-
000089e0: 70 6f 77 65 72 2d 6d 6f 64 65 6c 00 00 00 00 03  power-model.....
000089f0: 00 00 00 04 00 00 21 16 00 06 45 78 00 00 00 03  ......!...Ex....
00008a00: 00 00 00 04 00 00 21 29 00 00 02 dd 00 00 00 03  ......!)........
00008a10: 00 00 00 10 00 00 17 1b 00 00 7d 00 00 00 12 5c  ..........}....\
00008a20: ff ff ff b0 00 00 00 02 00 00 00 03 00 00 00 0c  ................
00008a30: 00 00 16 83 67 70 75 2d 74 68 65 72 6d 61 6c 00  ....gpu-thermal.
00008a40: 00 00 00 02 00 00 00 02 00 00 00 01 67 70 75 2d  ............gpu-
00008a50: 6f 70 70 2d 74 61 62 6c 65 00 00 00 00 00 00 03  opp-table.......
00008a60: 00 00 00 14 00 00 00 00 6f 70 65 72 61 74 69 6e  ........operatin
00008a70: 67 2d 70 6f 69 6e 74 73 2d 76 32 00 00 00 00 03  g-points-v2.....
00008a80: 00 00 00 0c 00 00 16 7a 73 6f 63 2d 74 68 65 72  .......zsoc-ther
00008a90: 6d 61 6c 00 00 00 00 03 00 00 00 04 00 00 14 e4  mal.............
00008aa0: 00 00 13 88 00 00 00 03 00 00 00 04 00 00 14 fd  ................
00008ab0: 00 00 00 00 00 00 00 03 00 00 00 04 00 00 15 0f  ................
00008ac0: 00 0f 42 40 00 00 00 03 00 00 00 0c 00 00 15 2a  ..B@...........*
00008ad0: 00 00 00 00 00 00 01 e0 00 00 c3 50 00 00 00 03  ...........P....
00008ae0: 00 00 00 04 00 00 15 5b 00 11 ed d8 00 00 00 03  .......[........
00008af0: 00 00 00 04 00 00 15 6d 00 00 61 a8 00 00 00 03  .......m..a.....
00008b00: 00 00 00 30 00 00 15 b7 00 00 00 00 00 00 c3 50  ...0...........P
00008b10: 00 00 00 00 00 00 c3 51 00 00 d2 f0 00 00 00 01  .......Q........
00008b20: 00 00 d2 f1 00 00 ea 60 00 00 00 02 00 00 ea 61  .......`.......a
00008b30: 00 01 86 9f 00 00 00 03 00 00 00 03 00 00 00 08  ................
00008b40: 00 00 15 f7 00 00 00 00 00 00 00 00 00 00 00 03  ................
00008b50: 00 00 00 04 00 00 13 95 00 00 00 9a 00 00 00 01  ................
00008b60: 6f 70 70 2d 32 30 30 30 30 30 30 30 30 00 00 00  opp-200000000...
00008b70: 00 00 00 03 00 00 00 08 00 00 16 9d 00 00 00 00  ................
00008b80: 0b eb c2 00 00 00 00 03 00 00 00 04 00 00 16 a4  ................
00008b90: 00 0e 7e f0 00 00 00 03 00 00 00 04 00 00 16 b2  ..~.............
00008ba0: 00 0e 7e f0 00 00 00 03 00 00 00 04 00 00 16 c3  ..~.............
00008bb0: 00 0e 7e f0 00 00 00 03 00 00 00 04 00 00 16 d4  ..~.............
00008bc0: 00 0e 7e f0 00 00 00 03 00 00 00 04 00 00 16 e5  ..~.............
00008bd0: 00 0e 7e f0 00 00 00 02 00 00 00 01 6f 70 70 2d  ..~.........opp-
00008be0: 33 30 30 30 30 30 30 30 30 00 00 00 00 00 00 03  300000000.......
00008bf0: 00 00 00 08 00 00 16 9d 00 00 00 00 11 e1 a3 00  ................
00008c00: 00 00 00 03 00 00 00 04 00 00 16 a4 00 0e e0 98  ................
00008c10: 00 00 00 03 00 00 00 04 00 00 16 b2 00 0e e0 98  ................
00008c20: 00 00 00 03 00 00 00 04 00 00 16 c3 00 0e 7e f0  ..............~.
00008c30: 00 00 00 03 00 00 00 04 00 00 16 d4 00 0e 7e f0  ..............~.
00008c40: 00 00 00 03 00 00 00 04 00 00 16 e5 00 0e 7e f0  ..............~.
00008c50: 00 00 00 02 00 00 00 01 6f 70 70 2d 34 30 30 30  ........opp-4000
00008c60: 30 30 30 30 30 00 00 00 00 00 00 03 00 00 00 08  00000...........
00008c70: 00 00 16 9d 00 00 00 00 17 d7 84 00 00 00 00 03  ................
00008c80: 00 00 00 04 00 00 16 a4 00 10 05 90 00 00 00 03  ................
00008c90: 00 00 00 04 00 00 16 b2 00 10 05 90 00 00 00 03  ................
00008ca0: 00 00 00 04 00 00 16 c3 00 0f a3 e8 00 00 00 03  ................
00008cb0: 00 00 00 04 00 00 16 d4 00 0e e0 98 00 00 00 03  ................
00008cc0: 00 00 00 04 00 00 16 e5 00 0e 7e f0 00 00 00 02  ..........~.....
00008cd0: 00 00 00 01 6f 70 70 2d 34 38 30 30 30 30 30 30  ....opp-48000000
00008ce0: 30 00 00 00 00 00 00 03 00 00 00 08 00 00 16 9d  0...............
00008cf0: 00 00 00 00 1c 9c 38 00 00 00 00 03 00 00 00 04  ......8.........
00008d00: 00 00 16 a4 00 11 2a 88 00 00 00 03 00 00 00 04  ......*.........
00008d10: 00 00 16 b2 00 11 2a 88 00 00 00 03 00 00 00 04  ......*.........
00008d20: 00 00 16 c3 00 10 c8 e0 00 00 00 03 00 00 00 04  ................
00008d30: 00 00 16 d4 00 10 05 90 00 00 00 03 00 00 00 04  ................
00008d40: 00 00 16 e5 00 0f 42 40 00 00 00 02 00 00 00 01  ......B@........
00008d50: 6f 70 70 2d 35 36 30 30 30 30 30 30 30 00 00 00  opp-560000000...
00008d60: 00 00 00 03 00 00 00 08 00 00 16 9d 00 00 00 00  ................
00008d70: 21 60 ec 00 00 00 00 03 00 00 00 04 00 00 16 a4  !`..............
00008d80: 00 11 8c 30 00 00 00 03 00 00 00 04 00 00 16 b2  ...0............
00008d90: 00 11 8c 30 00 00 00 03 00 00 00 04 00 00 16 c3  ...0............
00008da0: 00 11 8c 30 00 00 00 03 00 00 00 04 00 00 16 d4  ...0............
00008db0: 00 10 c8 e0 00 00 00 03 00 00 00 04 00 00 16 e5  ................
00008dc0: 00 10 05 90 00 00 00 02 00 00 00 01 6f 70 70 2d  ............opp-
00008dd0: 36 30 30 30 30 30 30 30 30 00 00 00 00 00 00 03  600000000.......
00008de0: 00 00 00 08 00 00 16 9d 00 00 00 00 23 c3 46 00  ............#.F.
00008df0: 00 00 00 03 00 00 00 04 00 00 16 a4 00 11 8c 30  ...............0
00008e00: 00 00 00 03 00 00 00 04 00 00 16 b2 00 11 8c 30  ...............0
00008e10: 00 00 00 03 00 00 00 04 00 00 16 c3 00 11 8c 30  ...............0
00008e20: 00 00 00 03 00 00 00 04 00 00 16 d4 00 11 8c 30  ...............0
00008e30: 00 00 00 03 00 00 00 04 00 00 16 e5 00 11 8c 30  ...............0
00008e40: 00 00 00 02 00 00 00 01 6f 70 70 2d 36 34 30 30  ........opp-6400
00008e50: 30 30 30 30 30 00 00 00 00 00 00 03 00 00 00 08  00000...........
00008e60: 00 00 16 9d 00 00 00 00 26 25 a0 00 00 00 00 03  ........&%......
00008e70: 00 00 00 04 00 00 16 a4 00 12 4f 80 00 00 00 03  ..........O.....
00008e80: 00 00 00 04 00 00 16 b2 00 12 4f 80 00 00 00 03  ..........O.....
00008e90: 00 00 00 04 00 00 16 c3 00 12 4f 80 00 00 00 03  ..........O.....
00008ea0: 00 00 00 04 00 00 16 d4 00 12 4f 80 00 00 00 03  ..........O.....
00008eb0: 00 00 00 04 00 00 16 e5 00 12 4f 80 00 00 00 02  ..........O.....
00008ec0: 00 00 00 01 6f 70 70 2d 35 32 30 30 30 30 30 30  ....opp-52000000
00008ed0: 30 00 00 00 00 00 00 03 00 00 00 08 00 00 16 9d  0...............
00008ee0: 00 00 00 00 1e fe 92 00 00 00 00 03 00 00 00 04  ................
00008ef0: 00 00 16 a4 00 11 8c 30 00 00 00 03 00 00 00 04  .......0........
00008f00: 00 00 16 b2 00 11 8c 30 00 00 00 03 00 00 00 04  .......0........
00008f10: 00 00 16 c3 00 11 8c 30 00 00 00 03 00 00 00 04  .......0........
00008f20: 00 00 16 d4 00 10 c8 e0 00 00 00 03 00 00 00 04  ................
00008f30: 00 00 16 e5 00 10 05 90 00 00 00 02 00 00 00 02  ................
00008f40: 00 00 00 01 68 65 76 63 5f 73 65 72 76 69 63 65  ....hevc_service
00008f50: 40 66 66 34 34 30 30 30 30 00 00 00 00 00 00 03  @ff440000.......
00008f60: 00 00 00 12 00 00 00 00 72 6f 63 6b 63 68 69 70  ........rockchip
00008f70: 2c 68 65 76 63 5f 73 75 62 00 00 00 00 00 00 03  ,hevc_sub.......
00008f80: 00 00 00 04 00 00 21 3d 00 00 00 01 00 00 00 03  ......!=........
00008f90: 00 00 00 10 00 00 14 01 00 00 00 00 ff 44 00 00  .............D..
00008fa0: 00 00 00 00 00 00 04 00 00 00 00 03 00 00 00 0c  ................
00008fb0: 00 00 17 13 00 00 00 00 00 00 00 31 00 00 00 04  ...........1....
00008fc0: 00 00 00 03 00 00 00 08 00 00 1f d2 69 72 71 5f  ............irq_
00008fd0: 64 65 63 00 00 00 00 03 00 00 00 04 00 00 21 4b  dec...........!K
00008fe0: 00 00 00 01 00 00 00 03 00 00 00 04 00 00 21 54  ..............!T
00008ff0: 00 00 00 9b 00 00 00 03 00 00 00 04 00 00 21 5b  ..............![
00009000: 00 00 00 01 00 00 00 03 00 00 00 04 00 00 13 95  ................
00009010: 00 00 00 9e 00 00 00 02 00 00 00 01 76 70 75 5f  ............vpu_
00009020: 73 65 72 76 69 63 65 40 66 66 34 34 32 30 30 30  service@ff442000
00009030: 00 00 00 00 00 00 00 03 00 00 00 11 00 00 00 00  ................
00009040: 72 6f 63 6b 63 68 69 70 2c 76 70 75 5f 73 75 62  rockchip,vpu_sub
00009050: 00 00 00 00 00 00 00 03 00 00 00 04 00 00 21 3d  ..............!=
00009060: 00 00 00 01 00 00 00 03 00 00 00 10 00 00 14 01  ................
00009070: 00 00 00 00 ff 44 20 00 00 00 00 00 00 00 08 00  .....D .........
00009080: 00 00 00 03 00 00 00 18 00 00 17 13 00 00 00 00  ................
00009090: 00 00 00 50 00 00 00 04 00 00 00 00 00 00 00 4f  ...P...........O
000090a0: 00 00 00 04 00 00 00 03 00 00 00 10 00 00 1f d2  ................
000090b0: 69 72 71 5f 65 6e 63 00 69 72 71 5f 64 65 63 00  irq_enc.irq_dec.
000090c0: 00 00 00 03 00 00 00 04 00 00 21 4b 00 00 00 00  ..........!K....
000090d0: 00 00 00 03 00 00 00 04 00 00 21 54 00 00 00 9c  ..........!T....
000090e0: 00 00 00 03 00 00 00 04 00 00 21 5b 00 00 00 01  ..........![....
000090f0: 00 00 00 03 00 00 00 04 00 00 13 95 00 00 00 9d  ................
00009100: 00 00 00 02 00 00 00 01 76 70 75 5f 63 6f 6d 62  ........vpu_comb
00009110: 6f 00 00 00 00 00 00 03 00 00 00 13 00 00 00 00  o...............
00009120: 72 6f 63 6b 63 68 69 70 2c 76 70 75 5f 63 6f 6d  rockchip,vpu_com
00009130: 62 6f 00 00 00 00 00 03 00 00 00 04 00 00 21 65  bo............!e
00009140: 00 00 00 02 00 00 00 03 00 00 00 04 00 00 19 44  ...............D
00009150: 00 00 00 2f 00 00 00 03 00 00 00 08 00 00 21 6c  .../..........!l
00009160: 00 00 00 9d 00 00 00 9e 00 00 00 03 00 00 00 18  ................
00009170: 00 00 14 13 00 00 00 02 00 00 00 af 00 00 00 02  ................
00009180: 00 00 00 f4 00 00 00 02 00 00 00 4b 00 00 00 03  ...........K....
00009190: 00 00 00 21 00 00 17 6b 61 63 6c 6b 5f 76 63 6f  ...!...kaclk_vco
000091a0: 64 65 63 00 68 63 6c 6b 5f 76 63 6f 64 65 63 00  dec.hclk_vcodec.
000091b0: 63 6c 6b 5f 63 6f 72 65 00 00 00 00 00 00 00 03  clk_core........
000091c0: 00 00 00 28 00 00 19 24 00 00 00 02 00 00 00 24  ...(...$.......$
000091d0: 00 00 00 02 00 00 00 26 00 00 00 02 00 00 00 25  .......&.......%
000091e0: 00 00 00 02 00 00 00 27 00 00 00 02 00 00 00 3f  .......'.......?
000091f0: 00 00 00 03 00 00 00 27 00 00 19 2b 76 69 64 65  .......'...+vide
00009200: 6f 5f 61 00 76 69 64 65 6f 5f 68 00 6e 69 75 5f  o_a.video_h.niu_
00009210: 61 00 6e 69 75 5f 68 00 76 69 64 65 6f 5f 63 6f  a.niu_h.video_co
00009220: 72 65 00 00 00 00 00 03 00 00 00 08 00 00 1f e2  re..............
00009230: 00 00 00 8b 00 00 00 0b 00 00 00 03 00 00 00 04  ................
00009240: 00 00 21 79 00 00 00 0f 00 00 00 03 00 00 00 04  ..!y............
00009250: 00 00 21 82 00 00 04 10 00 00 00 03 00 00 00 05  ..!.............
00009260: 00 00 17 64 6f 6b 61 79 00 00 00 00 00 00 00 03  ...dokay........
00009270: 00 00 00 04 00 00 13 95 00 00 01 0a 00 00 00 02  ................
00009280: 00 00 00 01 69 6f 6d 6d 75 40 66 66 34 34 30 34  ....iommu@ff4404
00009290: 34 30 00 00 00 00 00 03 00 00 00 0f 00 00 00 00  40..............
000092a0: 72 6f 63 6b 63 68 69 70 2c 69 6f 6d 6d 75 00 00  rockchip,iommu..
000092b0: 00 00 00 03 00 00 00 20 00 00 14 01 00 00 00 00  ....... ........
000092c0: ff 44 04 40 00 00 00 00 00 00 00 40 00 00 00 00  .D.@.......@....
000092d0: ff 44 04 80 00 00 00 00 00 00 00 40 00 00 00 03  .D.........@....
000092e0: 00 00 00 0c 00 00 17 13 00 00 00 00 00 00 00 32  ...............2
000092f0: 00 00 00 04 00 00 00 03 00 00 00 09 00 00 1f d2  ................
00009300: 68 65 76 63 5f 6d 6d 75 00 00 00 00 00 00 00 03  hevc_mmu........
00009310: 00 00 00 10 00 00 14 13 00 00 00 02 00 00 00 af  ................
00009320: 00 00 00 02 00 00 00 f4 00 00 00 03 00 00 00 0a  ................
00009330: 00 00 17 6b 61 63 6c 6b 00 68 63 6c 6b 00 00 00  ...kaclk.hclk...
00009340: 00 00 00 03 00 00 00 08 00 00 1f e2 00 00 00 8b  ................
00009350: 00 00 00 0b 00 00 00 03 00 00 00 04 00 00 21 8c  ..............!.
00009360: 00 00 00 00 00 00 00 03 00 00 00 04 00 00 13 95  ................
00009370: 00 00 00 9b 00 00 00 02 00 00 00 01 69 6f 6d 6d  ............iomm
00009380: 75 40 66 66 34 34 32 38 30 30 00 00 00 00 00 03  u@ff442800......
00009390: 00 00 00 0f 00 00 00 00 72 6f 63 6b 63 68 69 70  ........rockchip
000093a0: 2c 69 6f 6d 6d 75 00 00 00 00 00 03 00 00 00 10  ,iommu..........
000093b0: 00 00 14 01 00 00 00 00 ff 44 28 00 00 00 00 00  .........D(.....
000093c0: 00 00 01 00 00 00 00 03 00 00 00 0c 00 00 17 13  ................
000093d0: 00 00 00 00 00 00 00 51 00 00 00 04 00 00 00 03  .......Q........
000093e0: 00 00 00 08 00 00 1f d2 76 70 75 5f 6d 6d 75 00  ........vpu_mmu.
000093f0: 00 00 00 03 00 00 00 10 00 00 14 13 00 00 00 02  ................
00009400: 00 00 00 af 00 00 00 02 00 00 00 f4 00 00 00 03  ................
00009410: 00 00 00 0a 00 00 17 6b 61 63 6c 6b 00 68 63 6c  .......kaclk.hcl
00009420: 6b 00 00 00 00 00 00 03 00 00 00 08 00 00 1f e2  k...............
00009430: 00 00 00 8b 00 00 00 0b 00 00 00 03 00 00 00 04  ................
00009440: 00 00 21 8c 00 00 00 00 00 00 00 03 00 00 00 04  ..!.............
00009450: 00 00 13 95 00 00 00 9c 00 00 00 02 00 00 00 01  ................
00009460: 64 73 69 40 66 66 34 35 30 30 30 30 00 00 00 00  dsi@ff450000....
00009470: 00 00 00 03 00 00 00 17 00 00 00 00 72 6f 63 6b  ............rock
00009480: 63 68 69 70 2c 70 78 33 30 2d 6d 69 70 69 2d 64  chip,px30-mipi-d
00009490: 73 69 00 00 00 00 00 03 00 00 00 10 00 00 14 01  si..............
000094a0: 00 00 00 00 ff 45 00 00 00 00 00 00 00 01 00 00  .....E..........
000094b0: 00 00 00 03 00 00 00 0c 00 00 17 13 00 00 00 00  ................
000094c0: 00 00 00 4b 00 00 00 04 00 00 00 03 00 00 00 0c  ...K............
000094d0: 00 00 14 13 00 00 00 02 00 00 01 44 00 00 00 4e  ...........D...N
000094e0: 00 00 00 03 00 00 00 0c 00 00 17 6b 70 63 6c 6b  ...........kpclk
000094f0: 00 68 73 5f 63 6c 6b 00 00 00 00 03 00 00 00 08  .hs_clk.........
00009500: 00 00 19 24 00 00 00 02 00 00 00 3d 00 00 00 03  ...$.......=....
00009510: 00 00 00 04 00 00 19 2b 61 70 62 00 00 00 00 03  .......+apb.....
00009520: 00 00 00 04 00 00 1a 01 00 00 00 4e 00 00 00 03  ...........N....
00009530: 00 00 00 0a 00 00 1a 06 6d 69 70 69 5f 64 70 68  ........mipi_dph
00009540: 79 00 00 00 00 00 00 03 00 00 00 08 00 00 1f e2  y...............
00009550: 00 00 00 8b 00 00 00 0c 00 00 00 03 00 00 00 04  ................
00009560: 00 00 19 44 00 00 00 2f 00 00 00 03 00 00 00 04  ...D.../........
00009570: 00 00 00 1c 00 00 00 01 00 00 00 03 00 00 00 04  ................
00009580: 00 00 00 2b 00 00 00 00 00 00 00 03 00 00 00 05  ...+............
00009590: 00 00 17 64 6f 6b 61 79 00 00 00 00 00 00 00 03  ...dokay........
000095a0: 00 00 00 04 00 00 13 95 00 00 01 0b 00 00 00 01  ................
000095b0: 70 6f 72 74 73 00 00 00 00 00 00 03 00 00 00 04  ports...........
000095c0: 00 00 00 1c 00 00 00 01 00 00 00 03 00 00 00 04  ................
000095d0: 00 00 00 2b 00 00 00 00 00 00 00 01 70 6f 72 74  ...+........port
000095e0: 40 30 00 00 00 00 00 03 00 00 00 04 00 00 14 01  @0..............
000095f0: 00 00 00 00 00 00 00 03 00 00 00 04 00 00 00 1c  ................
00009600: 00 00 00 01 00 00 00 03 00 00 00 04 00 00 00 2b  ...............+
00009610: 00 00 00 00 00 00 00 01 65 6e 64 70 6f 69 6e 74  ........endpoint
00009620: 40 30 00 00 00 00 00 03 00 00 00 04 00 00 14 01  @0..............
00009630: 00 00 00 00 00 00 00 03 00 00 00 04 00 00 1a 10  ................
00009640: 00 00 00 13 00 00 00 03 00 00 00 05 00 00 17 64  ...............d
00009650: 6f 6b 61 79 00 00 00 00 00 00 00 03 00 00 00 04  okay............
00009660: 00 00 13 95 00 00 00 a3 00 00 00 02 00 00 00 02  ................
00009670: 00 00 00 02 00 00 00 01 70 61 6e 65 6c 40 30 00  ........panel@0.
00009680: 00 00 00 03 00 00 00 11 00 00 00 00 73 69 6d 70  ............simp
00009690: 6c 65 2d 70 61 6e 65 6c 2d 64 73 69 00 00 00 00  le-panel-dsi....
000096a0: 00 00 00 03 00 00 00 04 00 00 14 01 00 00 00 00  ................
000096b0: 00 00 00 03 00 00 00 04 00 00 21 99 00 00 00 9f  ..........!.....
000096c0: 00 00 00 03 00 00 00 0c 00 00 21 a3 00 00 00 68  ..........!....h
000096d0: 00 00 00 1b 00 00 00 01 00 00 00 03 00 00 00 0c  ................
000096e0: 00 00 21 af 00 00 00 68 00 00 00 03 00 00 00 00  ..!....h........
000096f0: 00 00 00 03 00 00 00 04 00 00 21 bc 00 00 00 14  ..........!.....
00009700: 00 00 00 03 00 00 00 04 00 00 21 cd 00 00 00 14  ..........!.....
00009710: 00 00 00 03 00 00 00 04 00 00 21 dc 00 00 00 14  ..........!.....
00009720: 00 00 00 03 00 00 00 04 00 00 21 ea 00 00 00 78  ..........!....x
00009730: 00 00 00 03 00 00 00 04 00 00 21 fa 00 00 00 14  ..........!.....
00009740: 00 00 00 03 00 00 00 04 00 00 22 0b 00 00 00 14  ..........".....
00009750: 00 00 00 03 00 00 00 04 00 00 22 1e 00 00 00 99  ..........".....
00009760: 00 00 00 03 00 00 00 04 00 00 22 27 00 00 00 55  .........."'...U
00009770: 00 00 00 03 00 00 00 04 00 00 22 31 00 00 0a 03  .........."1....
00009780: 00 00 00 03 00 00 00 04 00 00 22 3b 00 00 00 00  ..........";....
00009790: 00 00 00 03 00 00 00 04 00 00 22 46 00 00 00 04  .........."F....
000097a0: 00 00 00 03 00 00 02 f1 00 00 22 50 15 00 02 ff  .........."P....
000097b0: 30 15 00 02 ff 52 15 00 02 ff 01 15 00 02 e3 00  0....R..........
000097c0: 15 00 02 25 10 15 00 02 28 6f 15 00 02 29 01 15  ...%....(o...)..
000097d0: 00 02 2a df 15 00 02 2c 22 15 00 02 c3 0f 15 00  ..*....,".......
000097e0: 02 37 9c 15 00 02 38 a7 15 00 02 39 41 15 00 02  .7....8....9A...
000097f0: 80 20 15 00 02 91 67 15 00 02 92 67 15 00 02 a0  . ....g....g....
00009800: 55 15 00 02 a1 50 15 00 02 a3 58 15 00 02 a4 9c  U....P....X.....
00009810: 15 00 02 a7 02 15 00 02 a8 01 15 00 02 a9 21 15  ..............!.
00009820: 00 02 aa fc 15 00 02 ab 28 15 00 02 ac 06 15 00  ........(.......
00009830: 02 ad 06 15 00 02 ae 06 15 00 02 af 03 15 00 02  ................
00009840: b0 08 15 00 02 b1 26 15 00 02 b2 28 15 00 02 b3  ......&....(....
00009850: 28 15 00 02 b4 03 15 00 02 b5 08 15 00 02 b6 26  (..............&
00009860: 15 00 02 b7 08 15 00 02 b8 26 15 00 02 c0 00 15  .........&......
00009870: 00 02 c1 00 15 00 02 c2 00 15 00 02 ff 30 15 00  .............0..
00009880: 02 ff 52 15 00 02 ff 02 15 00 02 b0 02 15 00 02  ..R.............
00009890: d0 02 15 00 02 b1 0f 15 00 02 d1 10 15 00 02 b2  ................
000098a0: 11 15 00 02 d2 12 15 00 02 b3 32 15 00 02 d3 33  ..........2....3
000098b0: 15 00 02 b4 36 15 00 02 d4 36 15 00 02 b5 3c 15  ....6....6....<.
000098c0: 00 02 d5 3c 15 00 02 b6 20 15 00 02 d6 20 15 00  ...<.... .... ..
000098d0: 02 b7 3e 15 00 02 d7 3e 15 00 02 b8 0e 15 00 02  ..>....>........
000098e0: d8 0d 15 00 02 b9 05 15 00 02 d9 05 15 00 02 ba  ................
000098f0: 11 15 00 02 da 12 15 00 02 bb 11 15 00 02 db 11  ................
00009900: 15 00 02 bc 13 15 00 02 dc 14 15 00 02 bd 14 15  ................
00009910: 00 02 dd 14 15 00 02 be 16 15 00 02 de 18 15 00  ................
00009920: 02 bf 0e 15 00 02 df 0f 15 00 02 c0 17 15 00 02  ................
00009930: e0 17 15 00 02 c1 07 15 00 02 e1 08 15 00 02 ff  ................
00009940: 30 15 00 02 ff 52 15 00 02 ff 03 15 00 02 08 8a  0....R..........
00009950: 15 00 02 09 8b 15 00 02 30 00 15 00 02 31 00 15  ........0....1..
00009960: 00 02 32 00 15 00 02 33 00 15 00 02 34 61 15 00  ..2....3....4a..
00009970: 02 35 d4 15 00 02 36 24 15 00 02 37 03 15 00 02  .5....6$...7....
00009980: 40 86 15 00 02 41 87 15 00 02 42 84 15 00 02 43  @....A....B....C
00009990: 85 15 00 02 44 11 15 00 02 45 de 15 00 02 46 dd  ....D....E....F.
000099a0: 15 00 02 47 11 15 00 02 48 e0 15 00 02 49 df 15  ...G....H....I..
000099b0: 00 02 50 82 15 00 02 51 83 15 00 02 52 80 15 00  ..P....Q....R...
000099c0: 02 53 81 15 00 02 54 11 15 00 02 55 e2 15 00 02  .S....T....U....
000099d0: 56 e1 15 00 02 57 11 15 00 02 58 e4 15 00 02 59  V....W....X....Y
000099e0: e3 15 00 02 82 0f 15 00 02 83 0f 15 00 02 84 00  ................
000099f0: 15 00 02 85 0f 15 00 02 86 0f 15 00 02 87 0e 15  ................
00009a00: 00 02 88 0e 15 00 02 89 06 15 00 02 8a 06 15 00  ................
00009a10: 02 8b 07 15 00 02 8c 07 15 00 02 8d 04 15 00 02  ................
00009a20: 8e 04 15 00 02 8f 05 15 00 02 90 05 15 00 02 98  ................
00009a30: 0f 15 00 02 99 0f 15 00 02 9a 00 15 00 02 9b 0f  ................
00009a40: 15 00 02 9c 0f 15 00 02 9d 0e 15 00 02 9e 0e 15  ................
00009a50: 00 02 9f 06 15 00 02 a0 06 15 00 02 a1 07 15 00  ................
00009a60: 02 a2 07 15 00 02 a3 04 15 00 02 a4 04 15 00 02  ................
00009a70: a5 05 15 00 02 a6 05 15 00 02 e0 02 15 00 02 e1  ................
00009a80: 52 15 00 02 ff 30 15 00 02 ff 52 15 00 02 ff 00  R....0....R.....
00009a90: 15 00 02 36 02 05 c8 01 11 05 64 01 29 00 00 00  ...6......d.)...
00009aa0: 00 00 00 03 00 00 00 08 00 00 22 64 05 00 01 28  .........."d...(
00009ab0: 05 00 01 10 00 00 00 01 64 69 73 70 6c 61 79 2d  ........display-
00009ac0: 74 69 6d 69 6e 67 73 00 00 00 00 03 00 00 00 04  timings.........
00009ad0: 00 00 22 78 00 00 00 a0 00 00 00 01 61 64 6a 75  .."x........adju
00009ae0: 73 74 00 00 00 00 00 03 00 00 00 04 00 00 17 d5  st..............
00009af0: 01 c9 c3 80 00 00 00 03 00 00 00 04 00 00 22 84  ..............".
00009b00: 00 00 02 80 00 00 00 03 00 00 00 04 00 00 22 8c  ..............".
00009b10: 00 00 01 e0 00 00 00 03 00 00 00 04 00 00 22 94  ..............".
00009b20: 00 00 00 a8 00 00 00 03 00 00 00 04 00 00 22 a1  ..............".
00009b30: 00 00 00 08 00 00 00 03 00 00 00 04 00 00 22 ab  ..............".
00009b40: 00 00 00 a1 00 00 00 03 00 00 00 04 00 00 22 b7  ..............".
00009b50: 00 00 00 10 00 00 00 03 00 00 00 04 00 00 22 c4  ..............".
00009b60: 00 00 00 02 00 00 00 03 00 00 00 04 00 00 22 ce  ..............".
00009b70: 00 00 00 0e 00 00 00 03 00 00 00 04 00 00 22 da  ..............".
00009b80: 00 00 00 00 00 00 00 03 00 00 00 04 00 00 22 e7  ..............".
00009b90: 00 00 00 00 00 00 00 03 00 00 00 04 00 00 22 f4  ..............".
00009ba0: 00 00 00 00 00 00 00 03 00 00 00 04 00 00 22 fe  ..............".
00009bb0: 00 00 00 00 00 00 00 03 00 00 00 04 00 00 13 95  ................
00009bc0: 00 00 01 0c 00 00 00 02 00 00 00 01 6f 72 69 67  ............orig
00009bd0: 69 6e 00 00 00 00 00 03 00 00 00 04 00 00 17 d5  in..............
00009be0: 01 c9 c3 80 00 00 00 03 00 00 00 04 00 00 22 84  ..............".
00009bf0: 00 00 02 80 00 00 00 03 00 00 00 04 00 00 22 8c  ..............".
00009c00: 00 00 01 e0 00 00 00 03 00 00 00 04 00 00 22 94  ..............".
00009c10: 00 00 00 2e 00 00 00 03 00 00 00 04 00 00 22 a1  ..............".
00009c20: 00 00 00 02 00 00 00 03 00 00 00 04 00 00 22 ab  ..............".
00009c30: 00 00 00 2c 00 00 00 03 00 00 00 04 00 00 22 b7  ...,..........".
00009c40: 00 00 00 10 00 00 00 03 00 00 00 04 00 00 22 c4  ..............".
00009c50: 00 00 00 02 00 00 00 03 00 00 00 04 00 00 22 ce  ..............".
00009c60: 00 00 00 0e 00 00 00 03 00 00 00 04 00 00 22 da  ..............".
00009c70: 00 00 00 00 00 00 00 03 00 00 00 04 00 00 22 e7  ..............".
00009c80: 00 00 00 00 00 00 00 03 00 00 00 04 00 00 22 f4  ..............".
00009c90: 00 00 00 00 00 00 00 03 00 00 00 04 00 00 22 fe  ..............".
00009ca0: 00 00 00 00 00 00 00 03 00 00 00 04 00 00 13 95  ................
00009cb0: 00 00 00 a0 00 00 00 02 00 00 00 02 00 00 00 02  ................
00009cc0: 00 00 00 02 00 00 00 01 76 6f 70 40 66 66 34 36  ........vop@ff46
00009cd0: 30 30 30 30 00 00 00 00 00 00 00 03 00 00 00 16  0000............
00009ce0: 00 00 00 00 72 6f 63 6b 63 68 69 70 2c 70 78 33  ....rockchip,px3
00009cf0: 30 2d 76 6f 70 2d 62 69 67 00 00 00 00 00 00 03  0-vop-big.......
00009d00: 00 00 00 20 00 00 14 01 00 00 00 00 ff 46 00 00  ... .........F..
00009d10: 00 00 00 00 00 00 01 fc 00 00 00 00 ff 46 0a 00  .............F..
00009d20: 00 00 00 00 00 00 04 00 00 00 00 03 00 00 00 04  ................
00009d30: 00 00 19 44 00 00 00 2f 00 00 00 03 00 00 00 0f  ...D.../........
00009d40: 00 00 23 0e 72 65 67 73 00 67 61 6d 6d 61 5f 6c  ..#.regs.gamma_l
00009d50: 75 74 00 00 00 00 00 03 00 00 00 0c 00 00 17 13  ut..............
00009d60: 00 00 00 00 00 00 00 4d 00 00 00 04 00 00 00 03  .......M........
00009d70: 00 00 00 18 00 00 14 13 00 00 00 02 00 00 00 b5  ................
00009d80: 00 00 00 02 00 00 00 96 00 00 00 02 00 00 00 fb  ................
00009d90: 00 00 00 03 00 00 00 1b 00 00 17 6b 61 63 6c 6b  ...........kaclk
00009da0: 5f 76 6f 70 00 64 63 6c 6b 5f 76 6f 70 00 68 63  _vop.dclk_vop.hc
00009db0: 6c 6b 5f 76 6f 70 00 00 00 00 00 03 00 00 00 08  lk_vop..........
00009dc0: 00 00 1f e2 00 00 00 8b 00 00 00 0c 00 00 00 03  ................
00009dd0: 00 00 00 04 00 00 21 54 00 00 00 a1 00 00 00 03  ......!T........
00009de0: 00 00 00 05 00 00 17 64 6f 6b 61 79 00 00 00 00  .......dokay....
00009df0: 00 00 00 03 00 00 00 04 00 00 13 95 00 00 01 0d  ................
00009e00: 00 00 00 01 70 6f 72 74 00 00 00 00 00 00 00 03  ....port........
00009e10: 00 00 00 04 00 00 00 1c 00 00 00 01 00 00 00 03  ................
00009e20: 00 00 00 04 00 00 00 2b 00 00 00 00 00 00 00 03  .......+........
00009e30: 00 00 00 04 00 00 13 95 00 00 00 10 00 00 00 01  ................
00009e40: 65 6e 64 70 6f 69 6e 74 40 30 00 00 00 00 00 03  endpoint@0......
00009e50: 00 00 00 04 00 00 14 01 00 00 00 00 00 00 00 03  ................
00009e60: 00 00 00 04 00 00 1a 10 00 00 00 a2 00 00 00 03  ................
00009e70: 00 00 00 04 00 00 13 95 00 00 00 12 00 00 00 02  ................
00009e80: 00 00 00 01 65 6e 64 70 6f 69 6e 74 40 31 00 00  ....endpoint@1..
00009e90: 00 00 00 03 00 00 00 04 00 00 14 01 00 00 00 01  ................
00009ea0: 00 00 00 03 00 00 00 04 00 00 1a 10 00 00 00 a3  ................
00009eb0: 00 00 00 03 00 00 00 04 00 00 13 95 00 00 00 13  ................
00009ec0: 00 00 00 02 00 00 00 01 65 6e 64 70 6f 69 6e 74  ........endpoint
00009ed0: 40 32 00 00 00 00 00 03 00 00 00 04 00 00 14 01  @2..............
00009ee0: 00 00 00 02 00 00 00 03 00 00 00 04 00 00 1a 10  ................
00009ef0: 00 00 00 a4 00 00 00 03 00 00 00 04 00 00 13 95  ................
00009f00: 00 00 00 14 00 00 00 02 00 00 00 02 00 00 00 02  ................
00009f10: 00 00 00 01 69 6f 6d 6d 75 40 66 66 34 36 30 66  ....iommu@ff460f
00009f20: 30 30 00 00 00 00 00 03 00 00 00 0f 00 00 00 00  00..............
00009f30: 72 6f 63 6b 63 68 69 70 2c 69 6f 6d 6d 75 00 00  rockchip,iommu..
00009f40: 00 00 00 03 00 00 00 10 00 00 14 01 00 00 00 00  ................
00009f50: ff 46 0f 00 00 00 00 00 00 00 01 00 00 00 00 03  .F..............
00009f60: 00 00 00 0c 00 00 17 13 00 00 00 00 00 00 00 4d  ...............M
00009f70: 00 00 00 04 00 00 00 03 00 00 00 09 00 00 1f d2  ................
00009f80: 76 6f 70 62 5f 6d 6d 75 00 00 00 00 00 00 00 03  vopb_mmu........
00009f90: 00 00 00 10 00 00 14 13 00 00 00 02 00 00 00 b5  ................
00009fa0: 00 00 00 02 00 00 00 fb 00 00 00 03 00 00 00 0a  ................
00009fb0: 00 00 17 6b 61 63 6c 6b 00 68 63 6c 6b 00 00 00  ...kaclk.hclk...
00009fc0: 00 00 00 03 00 00 00 08 00 00 1f e2 00 00 00 8b  ................
00009fd0: 00 00 00 0c 00 00 00 03 00 00 00 04 00 00 21 8c  ..............!.
00009fe0: 00 00 00 00 00 00 00 03 00 00 00 05 00 00 17 64  ...............d
00009ff0: 6f 6b 61 79 00 00 00 00 00 00 00 03 00 00 00 04  okay............
0000a000: 00 00 13 95 00 00 00 a1 00 00 00 02 00 00 00 01  ................
0000a010: 72 6b 5f 72 67 61 40 66 66 34 38 30 30 30 30 00  rk_rga@ff480000.
0000a020: 00 00 00 03 00 00 00 0e 00 00 00 00 72 6f 63 6b  ............rock
0000a030: 63 68 69 70 2c 72 67 61 32 00 00 00 00 00 00 03  chip,rga2.......
0000a040: 00 00 00 10 00 00 14 01 00 00 00 00 ff 48 00 00  .............H..
0000a050: 00 00 00 00 00 00 10 00 00 00 00 03 00 00 00 0c  ................
0000a060: 00 00 17 13 00 00 00 00 00 00 00 4c 00 00 00 04  ...........L....
0000a070: 00 00 00 03 00 00 00 18 00 00 14 13 00 00 00 02  ................
0000a080: 00 00 00 b7 00 00 00 02 00 00 00 fd 00 00 00 02  ................
0000a090: 00 00 00 35 00 00 00 03 00 00 00 1a 00 00 17 6b  ...5...........k
0000a0a0: 61 63 6c 6b 5f 72 67 61 00 68 63 6c 6b 5f 72 67  aclk_rga.hclk_rg
0000a0b0: 61 00 63 6c 6b 5f 72 67 61 00 00 00 00 00 00 03  a.clk_rga.......
0000a0c0: 00 00 00 08 00 00 1f e2 00 00 00 8b 00 00 00 0c  ................
0000a0d0: 00 00 00 03 00 00 00 00 00 00 23 18 00 00 00 03  ..........#.....
0000a0e0: 00 00 00 05 00 00 17 64 6f 6b 61 79 00 00 00 00  .......dokay....
0000a0f0: 00 00 00 03 00 00 00 04 00 00 13 95 00 00 01 0e  ................
0000a100: 00 00 00 02 00 00 00 01 63 69 66 40 66 66 34 39  ........cif@ff49
0000a110: 30 30 30 30 00 00 00 00 00 00 00 03 00 00 00 0d  0000............
0000a120: 00 00 00 00 72 6f 63 6b 63 68 69 70 2c 63 69 66  ....rockchip,cif
0000a130: 00 00 00 00 00 00 00 03 00 00 00 10 00 00 14 01  ................
0000a140: 00 00 00 00 ff 49 00 00 00 00 00 00 00 00 02 00  .....I..........
0000a150: 00 00 00 03 00 00 00 0c 00 00 17 13 00 00 00 00  ................
0000a160: 00 00 00 45 00 00 00 04 00 00 00 03 00 00 00 20  ...E........... 
0000a170: 00 00 14 13 00 00 00 02 00 00 00 b3 00 00 00 02  ................
0000a180: 00 00 00 f9 00 00 00 02 00 00 01 60 00 00 00 02  ...........`....
0000a190: 00 00 00 34 00 00 00 03 00 00 00 26 00 00 17 6b  ...4.......&...k
0000a1a0: 61 63 6c 6b 5f 63 69 66 30 00 68 63 6c 6b 5f 63  aclk_cif0.hclk_c
0000a1b0: 69 66 30 00 70 63 6c 6b 5f 63 69 66 00 63 69 66  if0.pclk_cif.cif
0000a1c0: 30 5f 6f 75 74 00 00 00 00 00 00 03 00 00 00 18  0_out...........
0000a1d0: 00 00 19 24 00 00 00 02 00 00 00 2c 00 00 00 02  ...$.......,....
0000a1e0: 00 00 00 2d 00 00 00 02 00 00 00 2e 00 00 00 03  ...-............
0000a1f0: 00 00 00 23 00 00 19 2b 72 73 74 5f 63 69 66 5f  ...#...+rst_cif_
0000a200: 61 00 72 73 74 5f 63 69 66 5f 68 00 72 73 74 5f  a.rst_cif_h.rst_
0000a210: 63 69 66 5f 70 63 6c 6b 69 6e 00 00 00 00 00 03  cif_pclkin......
0000a220: 00 00 00 08 00 00 1f e2 00 00 00 8b 00 00 00 0d  ................
0000a230: 00 00 00 03 00 00 00 0c 00 00 19 02 63 69 66 5f  ............cif_
0000a240: 70 69 6e 5f 61 6c 6c 00 00 00 00 03 00 00 00 04  pin_all.........
0000a250: 00 00 19 10 00 00 00 a5 00 00 00 03 00 00 00 04  ................
0000a260: 00 00 21 54 00 00 00 a6 00 00 00 03 00 00 00 09  ..!T............
0000a270: 00 00 17 64 64 69 73 61 62 6c 65 64 00 00 00 00  ...ddisabled....
0000a280: 00 00 00 03 00 00 00 04 00 00 13 95 00 00 01 0f  ................
0000a290: 00 00 00 02 00 00 00 01 63 69 66 2d 6e 65 77 40  ........cif-new@
0000a2a0: 66 66 34 39 30 30 30 30 00 00 00 00 00 00 00 03  ff490000........
0000a2b0: 00 00 00 12 00 00 00 00 72 6f 63 6b 63 68 69 70  ........rockchip
0000a2c0: 2c 70 78 33 30 2d 63 69 66 00 00 00 00 00 00 03  ,px30-cif.......
0000a2d0: 00 00 00 10 00 00 14 01 00 00 00 00 ff 49 00 00  .............I..
0000a2e0: 00 00 00 00 00 00 02 00 00 00 00 03 00 00 00 0c  ................
0000a2f0: 00 00 17 13 00 00 00 00 00 00 00 45 00 00 00 04  ...........E....
0000a300: 00 00 00 03 00 00 00 20 00 00 14 13 00 00 00 02  ....... ........
0000a310: 00 00 00 b3 00 00 00 02 00 00 00 f9 00 00 00 02  ................
0000a320: 00 00 01 60 00 00 00 02 00 00 00 34 00 00 00 03  ...`.......4....
0000a330: 00 00 00 23 00 00 17 6b 61 63 6c 6b 5f 63 69 66  ...#...kaclk_cif
0000a340: 00 68 63 6c 6b 5f 63 69 66 00 70 63 6c 6b 5f 63  .hclk_cif.pclk_c
0000a350: 69 66 00 63 69 66 5f 6f 75 74 00 00 00 00 00 03  if.cif_out......
0000a360: 00 00 00 18 00 00 19 24 00 00 00 02 00 00 00 2c  .......$.......,
0000a370: 00 00 00 02 00 00 00 2d 00 00 00 02 00 00 00 2e  .......-........
0000a380: 00 00 00 03 00 00 00 23 00 00 19 2b 72 73 74 5f  .......#...+rst_
0000a390: 63 69 66 5f 61 00 72 73 74 5f 63 69 66 5f 68 00  cif_a.rst_cif_h.
0000a3a0: 72 73 74 5f 63 69 66 5f 70 63 6c 6b 69 6e 00 00  rst_cif_pclkin..
0000a3b0: 00 00 00 03 00 00 00 08 00 00 1f e2 00 00 00 8b  ................
0000a3c0: 00 00 00 0d 00 00 00 03 00 00 00 04 00 00 21 54  ..............!T
0000a3d0: 00 00 00 a6 00 00 00 03 00 00 00 09 00 00 17 64  ...............d
0000a3e0: 64 69 73 61 62 6c 65 64 00 00 00 00 00 00 00 03  disabled........
0000a3f0: 00 00 00 04 00 00 13 95 00 00 01 10 00 00 00 02  ................
0000a400: 00 00 00 01 69 6f 6d 6d 75 40 66 66 34 39 30 38  ....iommu@ff4908
0000a410: 30 30 00 00 00 00 00 03 00 00 00 0f 00 00 00 00  00..............
0000a420: 72 6f 63 6b 63 68 69 70 2c 69 6f 6d 6d 75 00 00  rockchip,iommu..
0000a430: 00 00 00 03 00 00 00 10 00 00 14 01 00 00 00 00  ................
0000a440: ff 49 08 00 00 00 00 00 00 00 01 00 00 00 00 03  .I..............
0000a450: 00 00 00 0c 00 00 17 13 00 00 00 00 00 00 00 45  ...............E
0000a460: 00 00 00 04 00 00 00 03 00 00 00 08 00 00 1f d2  ................
0000a470: 76 69 70 5f 6d 6d 75 00 00 00 00 03 00 00 00 10  vip_mmu.........
0000a480: 00 00 14 13 00 00 00 02 00 00 00 b3 00 00 00 02  ................
0000a490: 00 00 00 f9 00 00 00 03 00 00 00 0a 00 00 17 6b  ...............k
0000a4a0: 61 63 6c 6b 00 68 63 6c 6b 00 00 00 00 00 00 03  aclk.hclk.......
0000a4b0: 00 00 00 08 00 00 1f e2 00 00 00 8b 00 00 00 0d  ................
0000a4c0: 00 00 00 03 00 00 00 00 00 00 23 25 00 00 00 03  ..........#%....
0000a4d0: 00 00 00 04 00 00 21 8c 00 00 00 00 00 00 00 03  ......!.........
0000a4e0: 00 00 00 09 00 00 17 64 64 69 73 61 62 6c 65 64  .......ddisabled
0000a4f0: 00 00 00 00 00 00 00 03 00 00 00 04 00 00 13 95  ................
0000a500: 00 00 00 a6 00 00 00 02 00 00 00 01 72 6b 5f 69  ............rk_i
0000a510: 73 70 40 66 66 34 61 30 30 30 30 00 00 00 00 03  sp@ff4a0000.....
0000a520: 00 00 00 1f 00 00 00 00 72 6f 63 6b 63 68 69 70  ........rockchip
0000a530: 2c 70 78 33 30 2d 69 73 70 00 72 6f 63 6b 63 68  ,px30-isp.rockch
0000a540: 69 70 2c 69 73 70 00 00 00 00 00 03 00 00 00 10  ip,isp..........
0000a550: 00 00 14 01 00 00 00 00 ff 4a 00 00 00 00 00 00  .........J......
0000a560: 00 00 80 00 00 00 00 03 00 00 00 0c 00 00 17 13  ................
0000a570: 00 00 00 00 00 00 00 46 00 00 00 04 00 00 00 03  .......F........
0000a580: 00 00 00 40 00 00 14 13 00 00 00 02 00 00 00 b4  ...@............
0000a590: 00 00 00 02 00 00 00 fa 00 00 00 02 00 00 00 33  ...............3
0000a5a0: 00 00 00 02 00 00 00 33 00 00 00 02 00 00 01 5f  .......3......._
0000a5b0: 00 00 00 02 00 00 00 34 00 00 00 02 00 00 00 34  .......4.......4
0000a5c0: 00 00 00 02 00 00 01 46 00 00 00 03 00 00 00 55  .......F.......U
0000a5d0: 00 00 17 6b 61 63 6c 6b 5f 69 73 70 00 68 63 6c  ...kaclk_isp.hcl
0000a5e0: 6b 5f 69 73 70 00 63 6c 6b 5f 69 73 70 00 63 6c  k_isp.clk_isp.cl
0000a5f0: 6b 5f 69 73 70 5f 6a 70 65 00 70 63 6c 6b 69 6e  k_isp_jpe.pclkin
0000a600: 5f 69 73 70 00 63 6c 6b 5f 63 69 66 5f 70 6c 6c  _isp.clk_cif_pll
0000a610: 00 63 6c 6b 5f 63 69 66 5f 6f 75 74 00 70 63 6c  .clk_cif_out.pcl
0000a620: 6b 5f 64 70 68 79 72 78 00 00 00 00 00 00 00 03  k_dphyrx........
0000a630: 00 00 00 10 00 00 19 24 00 00 00 02 00 00 00 2b  .......$.......+
0000a640: 00 00 00 02 00 00 00 2f 00 00 00 03 00 00 00 17  ......./........
0000a650: 00 00 19 2b 72 73 74 5f 69 73 70 00 72 73 74 5f  ...+rst_isp.rst_
0000a660: 6d 69 70 69 63 73 69 70 68 79 00 00 00 00 00 03  mipicsiphy......
0000a670: 00 00 00 08 00 00 1f e2 00 00 00 8b 00 00 00 0d  ................
0000a680: 00 00 00 03 00 00 00 2f 00 00 19 02 64 65 66 61  ......./....defa
0000a690: 75 6c 74 00 69 73 70 5f 64 76 70 38 62 69 74 32  ult.isp_dvp8bit2
0000a6a0: 00 69 73 70 5f 64 76 70 31 30 62 69 74 00 69 73  .isp_dvp10bit.is
0000a6b0: 70 5f 64 76 70 31 32 62 69 74 00 00 00 00 00 03  p_dvp12bit......
0000a6c0: 00 00 00 04 00 00 19 10 00 00 00 a7 00 00 00 03  ................
0000a6d0: 00 00 00 04 00 00 1a 20 00 00 00 a5 00 00 00 03  ....... ........
0000a6e0: 00 00 00 08 00 00 1a 59 00 00 00 a5 00 00 00 a8  .......Y........
0000a6f0: 00 00 00 03 00 00 00 0c 00 00 1a 63 00 00 00 a9  ...........c....
0000a700: 00 00 00 a5 00 00 00 a8 00 00 00 03 00 00 00 04  ................
0000a710: 00 00 23 42 00 00 00 01 00 00 00 03 00 00 00 08  ..#B............
0000a720: 00 00 23 57 ff 2f 00 00 00 00 40 00 00 00 00 03  ..#W./....@.....
0000a730: 00 00 00 04 00 00 19 44 00 00 00 2f 00 00 00 03  .......D.../....
0000a740: 00 00 00 04 00 00 19 37 00 00 00 02 00 00 00 03  .......7........
0000a750: 00 00 00 04 00 00 23 6f 00 00 00 01 00 00 00 03  ......#o........
0000a760: 00 00 00 04 00 00 21 54 00 00 00 aa 00 00 00 03  ......!T........
0000a770: 00 00 00 09 00 00 17 64 64 69 73 61 62 6c 65 64  .......ddisabled
0000a780: 00 00 00 00 00 00 00 03 00 00 00 04 00 00 13 95  ................
0000a790: 00 00 01 11 00 00 00 02 00 00 00 01 72 6b 69 73  ............rkis
0000a7a0: 70 31 40 66 66 34 61 30 30 30 30 00 00 00 00 03  p1@ff4a0000.....
0000a7b0: 00 00 00 17 00 00 00 00 72 6f 63 6b 63 68 69 70  ........rockchip
0000a7c0: 2c 72 6b 33 33 32 36 2d 72 6b 69 73 70 31 00 00  ,rk3326-rkisp1..
0000a7d0: 00 00 00 03 00 00 00 10 00 00 14 01 00 00 00 00  ................
0000a7e0: ff 4a 00 00 00 00 00 00 00 00 80 00 00 00 00 03  .J..............
0000a7f0: 00 00 00 24 00 00 17 13 00 00 00 00 00 00 00 46  ...$...........F
0000a800: 00 00 00 04 00 00 00 00 00 00 00 49 00 00 00 04  ...........I....
0000a810: 00 00 00 00 00 00 00 4a 00 00 00 04 00 00 00 03  .......J........
0000a820: 00 00 00 18 00 00 1f d2 69 73 70 5f 69 72 71 00  ........isp_irq.
0000a830: 6d 69 5f 69 72 71 00 6d 69 70 69 5f 69 72 71 00  mi_irq.mipi_irq.
0000a840: 00 00 00 03 00 00 00 20 00 00 14 13 00 00 00 02  ....... ........
0000a850: 00 00 00 b4 00 00 00 02 00 00 00 fa 00 00 00 02  ................
0000a860: 00 00 00 33 00 00 00 02 00 00 01 5f 00 00 00 03  ...3......._....
0000a870: 00 00 00 23 00 00 17 6b 61 63 6c 6b 5f 69 73 70  ...#...kaclk_isp
0000a880: 00 68 63 6c 6b 5f 69 73 70 00 63 6c 6b 5f 69 73  .hclk_isp.clk_is
0000a890: 70 00 70 63 6c 6b 5f 69 73 70 00 00 00 00 00 03  p.pclk_isp......
0000a8a0: 00 00 00 04 00 00 23 89 00 00 00 ab 00 00 00 03  ......#.........
0000a8b0: 00 00 00 08 00 00 1f e2 00 00 00 8b 00 00 00 0d  ................
0000a8c0: 00 00 00 03 00 00 00 04 00 00 21 54 00 00 00 aa  ..........!T....
0000a8d0: 00 00 00 03 00 00 00 04 00 00 19 44 00 00 00 2f  ...........D.../
0000a8e0: 00 00 00 03 00 00 00 09 00 00 17 64 64 69 73 61  ...........ddisa
0000a8f0: 62 6c 65 64 00 00 00 00 00 00 00 03 00 00 00 04  bled............
0000a900: 00 00 13 95 00 00 01 12 00 00 00 02 00 00 00 01  ................
0000a910: 69 6f 6d 6d 75 40 66 66 34 61 38 30 30 30 00 00  iommu@ff4a8000..
0000a920: 00 00 00 03 00 00 00 0f 00 00 00 00 72 6f 63 6b  ............rock
0000a930: 63 68 69 70 2c 69 6f 6d 6d 75 00 00 00 00 00 03  chip,iommu......
0000a940: 00 00 00 10 00 00 14 01 00 00 00 00 ff 4a 80 00  .............J..
0000a950: 00 00 00 00 00 00 01 00 00 00 00 03 00 00 00 0c  ................
0000a960: 00 00 17 13 00 00 00 00 00 00 00 46 00 00 00 04  ...........F....
0000a970: 00 00 00 03 00 00 00 08 00 00 1f d2 69 73 70 5f  ............isp_
0000a980: 6d 6d 75 00 00 00 00 03 00 00 00 10 00 00 14 13  mmu.............
0000a990: 00 00 00 02 00 00 00 b4 00 00 00 02 00 00 00 fa  ................
0000a9a0: 00 00 00 03 00 00 00 0a 00 00 17 6b 61 63 6c 6b  ...........kaclk
0000a9b0: 00 68 63 6c 6b 00 00 00 00 00 00 03 00 00 00 08  .hclk...........
0000a9c0: 00 00 1f e2 00 00 00 8b 00 00 00 0d 00 00 00 03  ................
0000a9d0: 00 00 00 00 00 00 23 25 00 00 00 03 00 00 00 04  ......#%........
0000a9e0: 00 00 21 8c 00 00 00 00 00 00 00 03 00 00 00 05  ..!.............
0000a9f0: 00 00 17 64 6f 6b 61 79 00 00 00 00 00 00 00 03  ...dokay........
0000aa00: 00 00 00 04 00 00 13 95 00 00 00 aa 00 00 00 02  ................
0000aa10: 00 00 00 01 71 6f 73 40 66 66 35 31 38 30 30 30  ....qos@ff518000
0000aa20: 00 00 00 00 00 00 00 03 00 00 00 07 00 00 00 00  ................
0000aa30: 73 79 73 63 6f 6e 00 00 00 00 00 03 00 00 00 10  syscon..........
0000aa40: 00 00 14 01 00 00 00 00 ff 51 80 00 00 00 00 00  .........Q......
0000aa50: 00 00 00 20 00 00 00 03 00 00 00 04 00 00 13 95  ... ............
0000aa60: 00 00 00 18 00 00 00 02 00 00 00 01 71 6f 73 40  ............qos@
0000aa70: 66 66 35 32 30 30 30 30 00 00 00 00 00 00 00 03  ff520000........
0000aa80: 00 00 00 07 00 00 00 00 73 79 73 63 6f 6e 00 00  ........syscon..
0000aa90: 00 00 00 03 00 00 00 10 00 00 14 01 00 00 00 00  ................
0000aaa0: ff 52 00 00 00 00 00 00 00 00 00 20 00 00 00 03  .R......... ....
0000aab0: 00 00 00 04 00 00 13 95 00 00 00 28 00 00 00 02  ...........(....
0000aac0: 00 00 00 01 71 6f 73 40 66 66 35 32 63 30 30 30  ....qos@ff52c000
0000aad0: 00 00 00 00 00 00 00 03 00 00 00 07 00 00 00 00  ................
0000aae0: 73 79 73 63 6f 6e 00 00 00 00 00 03 00 00 00 10  syscon..........
0000aaf0: 00 00 14 01 00 00 00 00 ff 52 c0 00 00 00 00 00  .........R......
0000ab00: 00 00 00 20 00 00 00 03 00 00 00 04 00 00 13 95  ... ............
0000ab10: 00 00 00 17 00 00 00 02 00 00 00 01 71 6f 73 40  ............qos@
0000ab20: 66 66 35 33 38 30 30 30 00 00 00 00 00 00 00 03  ff538000........
0000ab30: 00 00 00 07 00 00 00 00 73 79 73 63 6f 6e 00 00  ........syscon..
0000ab40: 00 00 00 03 00 00 00 10 00 00 14 01 00 00 00 00  ................
0000ab50: ff 53 80 00 00 00 00 00 00 00 00 20 00 00 00 03  .S......... ....
0000ab60: 00 00 00 04 00 00 13 95 00 00 00 19 00 00 00 02  ................
0000ab70: 00 00 00 01 71 6f 73 40 66 66 35 33 38 30 38 30  ....qos@ff538080
0000ab80: 00 00 00 00 00 00 00 03 00 00 00 07 00 00 00 00  ................
0000ab90: 73 79 73 63 6f 6e 00 00 00 00 00 03 00 00 00 10  syscon..........
0000aba0: 00 00 14 01 00 00 00 00 ff 53 80 80 00 00 00 00  .........S......
0000abb0: 00 00 00 20 00 00 00 03 00 00 00 04 00 00 13 95  ... ............
0000abc0: 00 00 00 1a 00 00 00 02 00 00 00 01 71 6f 73 40  ............qos@
0000abd0: 66 66 35 33 38 31 30 30 00 00 00 00 00 00 00 03  ff538100........
0000abe0: 00 00 00 07 00 00 00 00 73 79 73 63 6f 6e 00 00  ........syscon..
0000abf0: 00 00 00 03 00 00 00 10 00 00 14 01 00 00 00 00  ................
0000ac00: ff 53 81 00 00 00 00 00 00 00 00 20 00 00 00 03  .S......... ....
0000ac10: 00 00 00 04 00 00 13 95 00 00 00 1b 00 00 00 02  ................
0000ac20: 00 00 00 01 71 6f 73 40 66 66 35 33 38 31 38 30  ....qos@ff538180
0000ac30: 00 00 00 00 00 00 00 03 00 00 00 07 00 00 00 00  ................
0000ac40: 73 79 73 63 6f 6e 00 00 00 00 00 03 00 00 00 10  syscon..........
0000ac50: 00 00 14 01 00 00 00 00 ff 53 81 80 00 00 00 00  .........S......
0000ac60: 00 00 00 20 00 00 00 03 00 00 00 04 00 00 13 95  ... ............
0000ac70: 00 00 00 1c 00 00 00 02 00 00 00 01 71 6f 73 40  ............qos@
0000ac80: 66 66 35 34 30 30 30 30 00 00 00 00 00 00 00 03  ff540000........
0000ac90: 00 00 00 07 00 00 00 00 73 79 73 63 6f 6e 00 00  ........syscon..
0000aca0: 00 00 00 03 00 00 00 10 00 00 14 01 00 00 00 00  ................
0000acb0: ff 54 00 00 00 00 00 00 00 00 00 20 00 00 00 03  .T......... ....
0000acc0: 00 00 00 04 00 00 13 95 00 00 00 15 00 00 00 02  ................
0000acd0: 00 00 00 01 71 6f 73 40 66 66 35 34 30 30 38 30  ....qos@ff540080
0000ace0: 00 00 00 00 00 00 00 03 00 00 00 07 00 00 00 00  ................
0000acf0: 73 79 73 63 6f 6e 00 00 00 00 00 03 00 00 00 10  syscon..........
0000ad00: 00 00 14 01 00 00 00 00 ff 54 00 80 00 00 00 00  .........T......
0000ad10: 00 00 00 20 00 00 00 03 00 00 00 04 00 00 13 95  ... ............
0000ad20: 00 00 00 16 00 00 00 02 00 00 00 01 71 6f 73 40  ............qos@
0000ad30: 66 66 35 34 38 30 30 30 00 00 00 00 00 00 00 03  ff548000........
0000ad40: 00 00 00 07 00 00 00 00 73 79 73 63 6f 6e 00 00  ........syscon..
0000ad50: 00 00 00 03 00 00 00 10 00 00 14 01 00 00 00 00  ................
0000ad60: ff 54 80 00 00 00 00 00 00 00 00 20 00 00 00 03  .T......... ....
0000ad70: 00 00 00 04 00 00 13 95 00 00 00 23 00 00 00 02  ...........#....
0000ad80: 00 00 00 01 71 6f 73 40 66 66 35 34 38 30 38 30  ....qos@ff548080
0000ad90: 00 00 00 00 00 00 00 03 00 00 00 07 00 00 00 00  ................
0000ada0: 73 79 73 63 6f 6e 00 00 00 00 00 03 00 00 00 10  syscon..........
0000adb0: 00 00 14 01 00 00 00 00 ff 54 80 80 00 00 00 00  .........T......
0000adc0: 00 00 00 20 00 00 00 03 00 00 00 04 00 00 13 95  ... ............
0000add0: 00 00 00 24 00 00 00 02 00 00 00 01 71 6f 73 40  ...$........qos@
0000ade0: 66 66 35 34 38 31 30 30 00 00 00 00 00 00 00 03  ff548100........
0000adf0: 00 00 00 07 00 00 00 00 73 79 73 63 6f 6e 00 00  ........syscon..
0000ae00: 00 00 00 03 00 00 00 10 00 00 14 01 00 00 00 00  ................
0000ae10: ff 54 81 00 00 00 00 00 00 00 00 20 00 00 00 03  .T......... ....
0000ae20: 00 00 00 04 00 00 13 95 00 00 00 25 00 00 00 02  ...........%....
0000ae30: 00 00 00 01 71 6f 73 40 66 66 35 34 38 31 38 30  ....qos@ff548180
0000ae40: 00 00 00 00 00 00 00 03 00 00 00 07 00 00 00 00  ................
0000ae50: 73 79 73 63 6f 6e 00 00 00 00 00 03 00 00 00 10  syscon..........
0000ae60: 00 00 14 01 00 00 00 00 ff 54 81 80 00 00 00 00  .........T......
0000ae70: 00 00 00 20 00 00 00 03 00 00 00 04 00 00 13 95  ... ............
0000ae80: 00 00 00 26 00 00 00 02 00 00 00 01 71 6f 73 40  ...&........qos@
0000ae90: 66 66 35 34 38 32 30 30 00 00 00 00 00 00 00 03  ff548200........
0000aea0: 00 00 00 07 00 00 00 00 73 79 73 63 6f 6e 00 00  ........syscon..
0000aeb0: 00 00 00 03 00 00 00 10 00 00 14 01 00 00 00 00  ................
0000aec0: ff 54 82 00 00 00 00 00 00 00 00 20 00 00 00 03  .T......... ....
0000aed0: 00 00 00 04 00 00 13 95 00 00 00 27 00 00 00 02  ...........'....
0000aee0: 00 00 00 01 71 6f 73 40 66 66 35 35 30 30 30 30  ....qos@ff550000
0000aef0: 00 00 00 00 00 00 00 03 00 00 00 07 00 00 00 00  ................
0000af00: 73 79 73 63 6f 6e 00 00 00 00 00 03 00 00 00 10  syscon..........
0000af10: 00 00 14 01 00 00 00 00 ff 55 00 00 00 00 00 00  .........U......
0000af20: 00 00 00 20 00 00 00 03 00 00 00 04 00 00 13 95  ... ............
0000af30: 00 00 00 1f 00 00 00 02 00 00 00 01 71 6f 73 40  ............qos@
0000af40: 66 66 35 35 30 30 38 30 00 00 00 00 00 00 00 03  ff550080........
0000af50: 00 00 00 07 00 00 00 00 73 79 73 63 6f 6e 00 00  ........syscon..
0000af60: 00 00 00 03 00 00 00 10 00 00 14 01 00 00 00 00  ................
0000af70: ff 55 00 80 00 00 00 00 00 00 00 20 00 00 00 03  .U......... ....
0000af80: 00 00 00 04 00 00 13 95 00 00 00 20 00 00 00 02  ........... ....
0000af90: 00 00 00 01 71 6f 73 40 66 66 35 35 30 31 30 30  ....qos@ff550100
0000afa0: 00 00 00 00 00 00 00 03 00 00 00 07 00 00 00 00  ................
0000afb0: 73 79 73 63 6f 6e 00 00 00 00 00 03 00 00 00 10  syscon..........
0000afc0: 00 00 14 01 00 00 00 00 ff 55 01 00 00 00 00 00  .........U......
0000afd0: 00 00 00 20 00 00 00 03 00 00 00 04 00 00 13 95  ... ............
0000afe0: 00 00 00 21 00 00 00 02 00 00 00 01 71 6f 73 40  ...!........qos@
0000aff0: 66 66 35 35 30 31 38 30 00 00 00 00 00 00 00 03  ff550180........
0000b000: 00 00 00 07 00 00 00 00 73 79 73 63 6f 6e 00 00  ........syscon..
0000b010: 00 00 00 03 00 00 00 10 00 00 14 01 00 00 00 00  ................
0000b020: ff 55 01 80 00 00 00 00 00 00 00 20 00 00 00 03  .U......... ....
0000b030: 00 00 00 04 00 00 13 95 00 00 00 22 00 00 00 02  ..........."....
0000b040: 00 00 00 01 71 6f 73 40 66 66 35 35 38 30 30 30  ....qos@ff558000
0000b050: 00 00 00 00 00 00 00 03 00 00 00 07 00 00 00 00  ................
0000b060: 73 79 73 63 6f 6e 00 00 00 00 00 03 00 00 00 10  syscon..........
0000b070: 00 00 14 01 00 00 00 00 ff 55 80 00 00 00 00 00  .........U......
0000b080: 00 00 00 20 00 00 00 03 00 00 00 04 00 00 13 95  ... ............
0000b090: 00 00 00 1d 00 00 00 02 00 00 00 01 71 6f 73 40  ............qos@
0000b0a0: 66 66 35 35 38 30 38 30 00 00 00 00 00 00 00 03  ff558080........
0000b0b0: 00 00 00 07 00 00 00 00 73 79 73 63 6f 6e 00 00  ........syscon..
0000b0c0: 00 00 00 03 00 00 00 10 00 00 14 01 00 00 00 00  ................
0000b0d0: ff 55 80 80 00 00 00 00 00 00 00 20 00 00 00 03  .U......... ....
0000b0e0: 00 00 00 04 00 00 13 95 00 00 00 1e 00 00 00 02  ................
0000b0f0: 00 00 00 01 64 66 69 40 66 66 36 31 30 30 30 30  ....dfi@ff610000
0000b100: 00 00 00 00 00 00 00 03 00 00 00 10 00 00 14 01  ................
0000b110: 00 00 00 00 ff 61 00 00 00 00 00 00 00 00 04 00  .....a..........
0000b120: 00 00 00 03 00 00 00 12 00 00 00 00 72 6f 63 6b  ............rock
0000b130: 63 68 69 70 2c 70 78 33 30 2d 64 66 69 00 00 00  chip,px30-dfi...
0000b140: 00 00 00 03 00 00 00 04 00 00 23 91 00 00 00 ac  ..........#.....
0000b150: 00 00 00 03 00 00 00 05 00 00 17 64 6f 6b 61 79  ...........dokay
0000b160: 00 00 00 00 00 00 00 03 00 00 00 04 00 00 13 95  ................
0000b170: 00 00 00 ad 00 00 00 02 00 00 00 01 64 6d 63 00  ............dmc.
0000b180: 00 00 00 03 00 00 00 12 00 00 00 00 72 6f 63 6b  ............rock
0000b190: 63 68 69 70 2c 70 78 33 30 2d 64 6d 63 00 00 00  chip,px30-dmc...
0000b1a0: 00 00 00 03 00 00 00 0c 00 00 17 13 00 00 00 00  ................
0000b1b0: 00 00 00 69 00 00 00 04 00 00 00 03 00 00 00 0d  ...i............
0000b1c0: 00 00 1f d2 63 6f 6d 70 6c 65 74 65 5f 69 72 71  ....complete_irq
0000b1d0: 00 00 00 00 00 00 00 03 00 00 00 04 00 00 23 a1  ..............#.
0000b1e0: 00 00 00 ad 00 00 00 03 00 00 00 08 00 00 14 13  ................
0000b1f0: 00 00 00 02 00 00 00 54 00 00 00 03 00 00 00 08  .......T........
0000b200: 00 00 17 6b 64 6d 63 5f 63 6c 6b 00 00 00 00 03  ...kdmc_clk.....
0000b210: 00 00 00 04 00 00 14 43 00 00 00 ae 00 00 00 03  .......C........
0000b220: 00 00 00 04 00 00 23 b0 00 00 00 af 00 00 00 03  ......#.........
0000b230: 00 00 00 04 00 00 23 bb 00 00 00 28 00 00 00 03  ......#....(....
0000b240: 00 00 00 04 00 00 23 c7 00 00 00 14 00 00 00 03  ......#.........
0000b250: 00 00 00 38 00 00 23 d8 00 00 00 01 00 08 0e 80  ...8..#.........
0000b260: 00 00 00 08 00 06 dd d0 00 00 00 02 00 02 f5 d0  ................
0000b270: 00 00 00 20 00 06 dd d0 00 00 10 00 00 08 0e 80  ... ............
0000b280: 00 00 40 00 00 0a 29 90 00 00 20 00 00 0a 29 90  ..@...)... ...).
0000b290: 00 00 00 03 00 00 00 04 00 00 23 eb 00 05 01 40  ..........#....@
0000b2a0: 00 00 00 03 00 00 00 04 00 00 23 f9 00 00 00 01  ..........#.....
0000b2b0: 00 00 00 03 00 00 00 04 00 00 14 1a 00 00 00 02  ................
0000b2c0: 00 00 00 03 00 00 00 05 00 00 17 64 6f 6b 61 79  ...........dokay
0000b2d0: 00 00 00 00 00 00 00 03 00 00 00 04 00 00 24 06  ..............$.
0000b2e0: 00 00 00 0e 00 00 00 03 00 00 00 04 00 00 13 95  ................
0000b2f0: 00 00 00 ab 00 00 00 01 64 64 72 5f 70 6f 77 65  ........ddr_powe
0000b300: 72 5f 6d 6f 64 65 6c 00 00 00 00 03 00 00 00 10  r_model.........
0000b310: 00 00 00 00 64 64 72 5f 70 6f 77 65 72 5f 6d 6f  ....ddr_power_mo
0000b320: 64 65 6c 00 00 00 00 03 00 00 00 04 00 00 14 29  del............)
0000b330: 00 00 00 78 00 00 00 03 00 00 00 04 00 00 24 14  ...x..........$.
0000b340: 00 00 00 c8 00 00 00 03 00 00 00 10 00 00 17 1b  ................
0000b350: 00 00 7d 00 00 00 12 5c ff ff ff b0 00 00 00 02  ..}....\........
0000b360: 00 00 00 03 00 00 00 0c 00 00 16 83 73 6f 63 2d  ............soc-
0000b370: 74 68 65 72 6d 61 6c 00 00 00 00 03 00 00 00 04  thermal.........
0000b380: 00 00 13 95 00 00 01 13 00 00 00 02 00 00 00 02  ................
0000b390: 00 00 00 01 64 6d 63 2d 6f 70 70 2d 74 61 62 6c  ....dmc-opp-tabl
0000b3a0: 65 00 00 00 00 00 00 03 00 00 00 14 00 00 00 00  e...............
0000b3b0: 6f 70 65 72 61 74 69 6e 67 2d 70 6f 69 6e 74 73  operating-points
0000b3c0: 2d 76 32 00 00 00 00 03 00 00 00 04 00 00 15 5b  -v2............[
0000b3d0: 00 11 8c 30 00 00 00 03 00 00 00 04 00 00 15 6d  ...0...........m
0000b3e0: 00 00 61 a8 00 00 00 03 00 00 00 30 00 00 15 b7  ..a........0....
0000b3f0: 00 00 00 00 00 00 c3 50 00 00 00 00 00 00 c3 51  .......P.......Q
0000b400: 00 00 d2 f0 00 00 00 01 00 00 d2 f1 00 00 ea 60  ...............`
0000b410: 00 00 00 02 00 00 ea 61 00 01 86 9f 00 00 00 03  .......a........
0000b420: 00 00 00 03 00 00 00 08 00 00 15 f7 00 00 00 00  ................
0000b430: 00 00 00 00 00 00 00 03 00 00 00 04 00 00 13 95  ................
0000b440: 00 00 00 ae 00 00 00 01 6f 70 70 2d 31 39 34 30  ........opp-1940
0000b450: 30 30 30 30 30 00 00 00 00 00 00 03 00 00 00 08  00000...........
0000b460: 00 00 16 9d 00 00 00 00 0b 90 34 80 00 00 00 03  ..........4.....
0000b470: 00 00 00 04 00 00 16 a4 00 0e 7e f0 00 00 00 03  ..........~.....
0000b480: 00 00 00 04 00 00 16 b2 00 0e 7e f0 00 00 00 03  ..........~.....
0000b490: 00 00 00 04 00 00 16 c3 00 0e 7e f0 00 00 00 03  ..........~.....
0000b4a0: 00 00 00 04 00 00 16 d4 00 0e 7e f0 00 00 00 03  ..........~.....
0000b4b0: 00 00 00 04 00 00 16 e5 00 0e 7e f0 00 00 00 02  ..........~.....
0000b4c0: 00 00 00 01 6f 70 70 2d 33 32 38 30 30 30 30 30  ....opp-32800000
0000b4d0: 30 00 00 00 00 00 00 03 00 00 00 08 00 00 16 9d  0...............
0000b4e0: 00 00 00 00 13 8c e2 00 00 00 00 03 00 00 00 04  ................
0000b4f0: 00 00 16 a4 00 0e 7e f0 00 00 00 03 00 00 00 04  ......~.........
0000b500: 00 00 16 b2 00 0e 7e f0 00 00 00 03 00 00 00 04  ......~.........
0000b510: 00 00 16 c3 00 0e 7e f0 00 00 00 03 00 00 00 04  ......~.........
0000b520: 00 00 16 d4 00 0e 7e f0 00 00 00 03 00 00 00 04  ......~.........
0000b530: 00 00 16 e5 00 0e 7e f0 00 00 00 02 00 00 00 01  ......~.........
0000b540: 6f 70 70 2d 34 35 30 30 30 30 30 30 30 00 00 00  opp-450000000...
0000b550: 00 00 00 03 00 00 00 08 00 00 16 9d 00 00 00 00  ................
0000b560: 1a d2 74 80 00 00 00 03 00 00 00 04 00 00 16 a4  ..t.............
0000b570: 00 0e 7e f0 00 00 00 03 00 00 00 04 00 00 16 b2  ..~.............
0000b580: 00 0e 7e f0 00 00 00 03 00 00 00 04 00 00 16 c3  ..~.............
0000b590: 00 0e 7e f0 00 00 00 03 00 00 00 04 00 00 16 d4  ..~.............
0000b5a0: 00 0e 7e f0 00 00 00 03 00 00 00 04 00 00 16 e5  ..~.............
0000b5b0: 00 0e 7e f0 00 00 00 02 00 00 00 01 6f 70 70 2d  ..~.........opp-
0000b5c0: 35 32 38 30 30 30 30 30 30 00 00 00 00 00 00 03  528000000.......
0000b5d0: 00 00 00 08 00 00 16 9d 00 00 00 00 1f 78 a4 00  .............x..
0000b5e0: 00 00 00 03 00 00 00 04 00 00 16 a4 00 0e e0 98  ................
0000b5f0: 00 00 00 03 00 00 00 04 00 00 16 b2 00 0e e0 98  ................
0000b600: 00 00 00 03 00 00 00 04 00 00 16 c3 00 0e e0 98  ................
0000b610: 00 00 00 03 00 00 00 04 00 00 16 d4 00 0e 7e f0  ..............~.
0000b620: 00 00 00 03 00 00 00 04 00 00 16 e5 00 0e 7e f0  ..............~.
0000b630: 00 00 00 02 00 00 00 01 6f 70 70 2d 36 36 36 30  ........opp-6660
0000b640: 30 30 30 30 30 00 00 00 00 00 00 03 00 00 00 08  00000...........
0000b650: 00 00 16 9d 00 00 00 00 27 b2 5a 80 00 00 00 03  ........'.Z.....
0000b660: 00 00 00 04 00 00 16 a4 00 10 05 90 00 00 00 03  ................
0000b670: 00 00 00 04 00 00 16 b2 00 10 05 90 00 00 00 03  ................
0000b680: 00 00 00 04 00 00 16 c3 00 0f 42 40 00 00 00 03  ..........B@....
0000b690: 00 00 00 04 00 00 16 d4 00 0e e0 98 00 00 00 03  ................
0000b6a0: 00 00 00 04 00 00 16 e5 00 0e 7e f0 00 00 00 02  ..........~.....
0000b6b0: 00 00 00 01 6f 70 70 2d 37 38 36 30 30 30 30 30  ....opp-78600000
0000b6c0: 30 00 00 00 00 00 00 03 00 00 00 08 00 00 16 9d  0...............
0000b6d0: 00 00 00 00 2e d9 68 80 00 00 00 03 00 00 00 04  ......h.........
0000b6e0: 00 00 16 a4 00 10 c8 e0 00 00 00 03 00 00 00 04  ................
0000b6f0: 00 00 16 b2 00 10 c8 e0 00 00 00 03 00 00 00 04  ................
0000b700: 00 00 16 c3 00 10 05 90 00 00 00 03 00 00 00 04  ................
0000b710: 00 00 16 d4 00 0f a3 e8 00 00 00 03 00 00 00 04  ................
0000b720: 00 00 16 e5 00 0f 42 40 00 00 00 03 00 00 00 05  ......B@........
0000b730: 00 00 17 64 6f 6b 61 79 00 00 00 00 00 00 00 02  ...dokay........
0000b740: 00 00 00 01 6f 70 70 2d 39 32 34 30 30 30 30 30  ....opp-92400000
0000b750: 30 00 00 00 00 00 00 03 00 00 00 08 00 00 16 9d  0...............
0000b760: 00 00 00 00 37 13 1f 00 00 00 00 03 00 00 00 04  ....7...........
0000b770: 00 00 16 a4 00 11 8c 30 00 00 00 03 00 00 00 04  .......0........
0000b780: 00 00 16 b2 00 11 8c 30 00 00 00 03 00 00 00 04  .......0........
0000b790: 00 00 16 c3 00 11 8c 30 00 00 00 03 00 00 00 04  .......0........
0000b7a0: 00 00 16 d4 00 11 8c 30 00 00 00 03 00 00 00 04  .......0........
0000b7b0: 00 00 16 e5 00 11 8c 30 00 00 00 02 00 00 00 01  .......0........
0000b7c0: 6f 70 70 2d 31 30 34 30 30 30 30 30 30 30 00 00  opp-1040000000..
0000b7d0: 00 00 00 03 00 00 00 08 00 00 16 9d 00 00 00 00  ................
0000b7e0: 3d fd 24 00 00 00 00 03 00 00 00 04 00 00 16 a4  =.$.............
0000b7f0: 00 12 4f 80 00 00 00 03 00 00 00 04 00 00 16 b2  ..O.............
0000b800: 00 12 4f 80 00 00 00 03 00 00 00 04 00 00 16 c3  ..O.............
0000b810: 00 12 4f 80 00 00 00 03 00 00 00 04 00 00 16 d4  ..O.............
0000b820: 00 12 4f 80 00 00 00 03 00 00 00 04 00 00 16 e5  ..O.............
0000b830: 00 12 4f 80 00 00 00 02 00 00 00 02 00 00 00 01  ..O.............
0000b840: 72 6f 63 6b 63 68 69 70 2d 73 79 73 74 65 6d 2d  rockchip-system-
0000b850: 6d 6f 6e 69 74 6f 72 00 00 00 00 03 00 00 00 18  monitor.........
0000b860: 00 00 00 00 72 6f 63 6b 63 68 69 70 2c 73 79 73  ....rockchip,sys
0000b870: 74 65 6d 2d 6d 6f 6e 69 74 6f 72 00 00 00 00 03  tem-monitor.....
0000b880: 00 00 00 0c 00 00 16 7a 73 6f 63 2d 74 68 65 72  .......zsoc-ther
0000b890: 6d 61 6c 00 00 00 00 03 00 00 00 04 00 00 24 2d  mal...........$-
0000b8a0: 00 00 00 c8 00 00 00 03 00 00 00 04 00 00 13 95  ................
0000b8b0: 00 00 01 14 00 00 00 02 00 00 00 01 70 69 6e 63  ............pinc
0000b8c0: 74 72 6c 00 00 00 00 03 00 00 00 16 00 00 00 00  trl.............
0000b8d0: 72 6f 63 6b 63 68 69 70 2c 70 78 33 30 2d 70 69  rockchip,px30-pi
0000b8e0: 6e 63 74 72 6c 00 00 00 00 00 00 03 00 00 00 04  nctrl...........
0000b8f0: 00 00 19 44 00 00 00 2f 00 00 00 03 00 00 00 04  ...D.../........
0000b900: 00 00 24 44 00 00 00 ac 00 00 00 03 00 00 00 04  ..$D............
0000b910: 00 00 00 1c 00 00 00 02 00 00 00 03 00 00 00 04  ................
0000b920: 00 00 00 2b 00 00 00 02 00 00 00 03 00 00 00 00  ...+............
0000b930: 00 00 1d 95 00 00 00 03 00 00 00 04 00 00 13 95  ................
0000b940: 00 00 01 15 00 00 00 01 67 70 69 6f 30 40 66 66  ........gpio0@ff
0000b950: 30 34 30 30 30 30 00 00 00 00 00 03 00 00 00 13  040000..........
0000b960: 00 00 00 00 72 6f 63 6b 63 68 69 70 2c 67 70 69  ....rockchip,gpi
0000b970: 6f 2d 62 61 6e 6b 00 00 00 00 00 03 00 00 00 10  o-bank..........
0000b980: 00 00 14 01 00 00 00 00 ff 04 00 00 00 00 00 00  ................
0000b990: 00 00 01 00 00 00 00 03 00 00 00 0c 00 00 17 13  ................
0000b9a0: 00 00 00 00 00 00 00 03 00 00 00 04 00 00 00 03  ................
0000b9b0: 00 00 00 08 00 00 14 13 00 00 00 2a 00 00 00 14  ...........*....
0000b9c0: 00 00 00 03 00 00 00 00 00 00 1b 18 00 00 00 03  ................
0000b9d0: 00 00 00 04 00 00 1b 28 00 00 00 02 00 00 00 03  .......(........
0000b9e0: 00 00 00 00 00 00 19 98 00 00 00 03 00 00 00 04  ................
0000b9f0: 00 00 19 87 00 00 00 02 00 00 00 03 00 00 00 04  ................
0000ba00: 00 00 13 95 00 00 00 5e 00 00 00 02 00 00 00 01  .......^........
0000ba10: 67 70 69 6f 31 40 66 66 32 35 30 30 30 30 00 00  gpio1@ff250000..
0000ba20: 00 00 00 03 00 00 00 13 00 00 00 00 72 6f 63 6b  ............rock
0000ba30: 63 68 69 70 2c 67 70 69 6f 2d 62 61 6e 6b 00 00  chip,gpio-bank..
0000ba40: 00 00 00 03 00 00 00 10 00 00 14 01 00 00 00 00  ................
0000ba50: ff 25 00 00 00 00 00 00 00 00 01 00 00 00 00 03  .%..............
0000ba60: 00 00 00 0c 00 00 17 13 00 00 00 00 00 00 00 04  ................
0000ba70: 00 00 00 04 00 00 00 03 00 00 00 08 00 00 14 13  ................
0000ba80: 00 00 00 02 00 00 01 5c 00 00 00 03 00 00 00 00  .......\........
0000ba90: 00 00 1b 18 00 00 00 03 00 00 00 04 00 00 1b 28  ...............(
0000baa0: 00 00 00 02 00 00 00 03 00 00 00 00 00 00 19 98  ................
0000bab0: 00 00 00 03 00 00 00 04 00 00 19 87 00 00 00 02  ................
0000bac0: 00 00 00 03 00 00 00 04 00 00 13 95 00 00 01 16  ................
0000bad0: 00 00 00 02 00 00 00 01 67 70 69 6f 32 40 66 66  ........gpio2@ff
0000bae0: 32 36 30 30 30 30 00 00 00 00 00 03 00 00 00 13  260000..........
0000baf0: 00 00 00 00 72 6f 63 6b 63 68 69 70 2c 67 70 69  ....rockchip,gpi
0000bb00: 6f 2d 62 61 6e 6b 00 00 00 00 00 03 00 00 00 10  o-bank..........
0000bb10: 00 00 14 01 00 00 00 00 ff 26 00 00 00 00 00 00  .........&......
0000bb20: 00 00 01 00 00 00 00 03 00 00 00 0c 00 00 17 13  ................
0000bb30: 00 00 00 00 00 00 00 05 00 00 00 04 00 00 00 03  ................
0000bb40: 00 00 00 08 00 00 14 13 00 00 00 02 00 00 01 5d  ...............]
0000bb50: 00 00 00 03 00 00 00 00 00 00 1b 18 00 00 00 03  ................
0000bb60: 00 00 00 04 00 00 1b 28 00 00 00 02 00 00 00 03  .......(........
0000bb70: 00 00 00 00 00 00 19 98 00 00 00 03 00 00 00 04  ................
0000bb80: 00 00 19 87 00 00 00 02 00 00 00 03 00 00 00 04  ................
0000bb90: 00 00 13 95 00 00 00 bd 00 00 00 02 00 00 00 01  ................
0000bba0: 67 70 69 6f 33 40 66 66 32 37 30 30 30 30 00 00  gpio3@ff270000..
0000bbb0: 00 00 00 03 00 00 00 13 00 00 00 00 72 6f 63 6b  ............rock
0000bbc0: 63 68 69 70 2c 67 70 69 6f 2d 62 61 6e 6b 00 00  chip,gpio-bank..
0000bbd0: 00 00 00 03 00 00 00 10 00 00 14 01 00 00 00 00  ................
0000bbe0: ff 27 00 00 00 00 00 00 00 00 01 00 00 00 00 03  .'..............
0000bbf0: 00 00 00 0c 00 00 17 13 00 00 00 00 00 00 00 06  ................
0000bc00: 00 00 00 04 00 00 00 03 00 00 00 08 00 00 14 13  ................
0000bc10: 00 00 00 02 00 00 01 5e 00 00 00 03 00 00 00 00  .......^........
0000bc20: 00 00 1b 18 00 00 00 03 00 00 00 04 00 00 1b 28  ...............(
0000bc30: 00 00 00 02 00 00 00 03 00 00 00 00 00 00 19 98  ................
0000bc40: 00 00 00 03 00 00 00 04 00 00 19 87 00 00 00 02  ................
0000bc50: 00 00 00 03 00 00 00 04 00 00 13 95 00 00 00 68  ...............h
0000bc60: 00 00 00 02 00 00 00 01 70 63 66 67 2d 70 75 6c  ........pcfg-pul
0000bc70: 6c 2d 75 70 00 00 00 00 00 00 00 03 00 00 00 00  l-up............
0000bc80: 00 00 24 51 00 00 00 03 00 00 00 04 00 00 13 95  ..$Q............
0000bc90: 00 00 00 b2 00 00 00 02 00 00 00 01 70 63 66 67  ............pcfg
0000bca0: 2d 70 75 6c 6c 2d 64 6f 77 6e 00 00 00 00 00 03  -pull-down......
0000bcb0: 00 00 00 00 00 00 24 5e 00 00 00 03 00 00 00 04  ......$^........
0000bcc0: 00 00 13 95 00 00 01 17 00 00 00 02 00 00 00 01  ................
0000bcd0: 70 63 66 67 2d 70 75 6c 6c 2d 6e 6f 6e 65 00 00  pcfg-pull-none..
0000bce0: 00 00 00 03 00 00 00 00 00 00 24 6d 00 00 00 03  ..........$m....
0000bcf0: 00 00 00 04 00 00 13 95 00 00 00 b1 00 00 00 02  ................
0000bd00: 00 00 00 01 70 63 66 67 2d 70 75 6c 6c 2d 6e 6f  ....pcfg-pull-no
0000bd10: 6e 65 2d 32 6d 61 00 00 00 00 00 03 00 00 00 00  ne-2ma..........
0000bd20: 00 00 24 6d 00 00 00 03 00 00 00 04 00 00 24 7a  ..$m..........$z
0000bd30: 00 00 00 02 00 00 00 03 00 00 00 04 00 00 13 95  ................
0000bd40: 00 00 01 18 00 00 00 02 00 00 00 01 70 63 66 67  ............pcfg
0000bd50: 2d 70 75 6c 6c 2d 75 70 2d 32 6d 61 00 00 00 00  -pull-up-2ma....
0000bd60: 00 00 00 03 00 00 00 00 00 00 24 51 00 00 00 03  ..........$Q....
0000bd70: 00 00 00 04 00 00 24 7a 00 00 00 02 00 00 00 03  ......$z........
0000bd80: 00 00 00 04 00 00 13 95 00 00 01 19 00 00 00 02  ................
0000bd90: 00 00 00 01 70 63 66 67 2d 70 75 6c 6c 2d 75 70  ....pcfg-pull-up
0000bda0: 2d 34 6d 61 00 00 00 00 00 00 00 03 00 00 00 00  -4ma............
0000bdb0: 00 00 24 51 00 00 00 03 00 00 00 04 00 00 24 7a  ..$Q..........$z
0000bdc0: 00 00 00 04 00 00 00 03 00 00 00 04 00 00 13 95  ................
0000bdd0: 00 00 00 b3 00 00 00 02 00 00 00 01 70 63 66 67  ............pcfg
0000bde0: 2d 70 75 6c 6c 2d 6e 6f 6e 65 2d 34 6d 61 00 00  -pull-none-4ma..
0000bdf0: 00 00 00 03 00 00 00 00 00 00 24 6d 00 00 00 03  ..........$m....
0000be00: 00 00 00 04 00 00 24 7a 00 00 00 04 00 00 00 03  ......$z........
0000be10: 00 00 00 04 00 00 13 95 00 00 01 1a 00 00 00 02  ................
0000be20: 00 00 00 01 70 63 66 67 2d 70 75 6c 6c 2d 64 6f  ....pcfg-pull-do
0000be30: 77 6e 2d 34 6d 61 00 00 00 00 00 03 00 00 00 00  wn-4ma..........
0000be40: 00 00 24 5e 00 00 00 03 00 00 00 04 00 00 24 7a  ..$^..........$z
0000be50: 00 00 00 04 00 00 00 03 00 00 00 04 00 00 13 95  ................
0000be60: 00 00 01 1b 00 00 00 02 00 00 00 01 70 63 66 67  ............pcfg
0000be70: 2d 70 75 6c 6c 2d 6e 6f 6e 65 2d 38 6d 61 00 00  -pull-none-8ma..
0000be80: 00 00 00 03 00 00 00 00 00 00 24 6d 00 00 00 03  ..........$m....
0000be90: 00 00 00 04 00 00 24 7a 00 00 00 08 00 00 00 03  ......$z........
0000bea0: 00 00 00 04 00 00 13 95 00 00 00 b6 00 00 00 02  ................
0000beb0: 00 00 00 01 70 63 66 67 2d 70 75 6c 6c 2d 75 70  ....pcfg-pull-up
0000bec0: 2d 38 6d 61 00 00 00 00 00 00 00 03 00 00 00 00  -8ma............
0000bed0: 00 00 24 51 00 00 00 03 00 00 00 04 00 00 24 7a  ..$Q..........$z
0000bee0: 00 00 00 08 00 00 00 03 00 00 00 04 00 00 13 95  ................
0000bef0: 00 00 00 b4 00 00 00 02 00 00 00 01 70 63 66 67  ............pcfg
0000bf00: 2d 70 75 6c 6c 2d 6e 6f 6e 65 2d 31 32 6d 61 00  -pull-none-12ma.
0000bf10: 00 00 00 03 00 00 00 00 00 00 24 6d 00 00 00 03  ..........$m....
0000bf20: 00 00 00 04 00 00 24 7a 00 00 00 0c 00 00 00 03  ......$z........
0000bf30: 00 00 00 04 00 00 13 95 00 00 00 b8 00 00 00 02  ................
0000bf40: 00 00 00 01 70 63 66 67 2d 70 75 6c 6c 2d 75 70  ....pcfg-pull-up
0000bf50: 2d 31 32 6d 61 00 00 00 00 00 00 03 00 00 00 00  -12ma...........
0000bf60: 00 00 24 51 00 00 00 03 00 00 00 04 00 00 24 7a  ..$Q..........$z
0000bf70: 00 00 00 0c 00 00 00 03 00 00 00 04 00 00 13 95  ................
0000bf80: 00 00 00 b7 00 00 00 02 00 00 00 01 70 63 66 67  ............pcfg
0000bf90: 2d 70 75 6c 6c 2d 6e 6f 6e 65 2d 73 6d 74 00 00  -pull-none-smt..
0000bfa0: 00 00 00 03 00 00 00 00 00 00 24 6d 00 00 00 03  ..........$m....
0000bfb0: 00 00 00 00 00 00 24 89 00 00 00 03 00 00 00 04  ......$.........
0000bfc0: 00 00 13 95 00 00 00 b0 00 00 00 02 00 00 00 01  ................
0000bfd0: 70 63 66 67 2d 6f 75 74 70 75 74 2d 68 69 67 68  pcfg-output-high
0000bfe0: 00 00 00 00 00 00 00 03 00 00 00 00 00 00 24 9e  ..............$.
0000bff0: 00 00 00 03 00 00 00 04 00 00 13 95 00 00 01 1c  ................
0000c000: 00 00 00 02 00 00 00 01 70 63 66 67 2d 6f 75 74  ........pcfg-out
0000c010: 70 75 74 2d 6c 6f 77 00 00 00 00 03 00 00 00 00  put-low.........
0000c020: 00 00 24 aa 00 00 00 03 00 00 00 04 00 00 13 95  ..$.............
0000c030: 00 00 00 b9 00 00 00 02 00 00 00 01 70 63 66 67  ............pcfg
0000c040: 2d 69 6e 70 75 74 2d 68 69 67 68 00 00 00 00 03  -input-high.....
0000c050: 00 00 00 00 00 00 24 51 00 00 00 03 00 00 00 00  ......$Q........
0000c060: 00 00 24 b5 00 00 00 03 00 00 00 04 00 00 13 95  ..$.............
0000c070: 00 00 00 b5 00 00 00 02 00 00 00 01 70 63 66 67  ............pcfg
0000c080: 2d 69 6e 70 75 74 00 00 00 00 00 03 00 00 00 00  -input..........
0000c090: 00 00 24 b5 00 00 00 03 00 00 00 04 00 00 13 95  ..$.............
0000c0a0: 00 00 01 1d 00 00 00 02 00 00 00 01 69 32 63 30  ............i2c0
0000c0b0: 00 00 00 00 00 00 00 01 69 32 63 30 2d 78 66 65  ........i2c0-xfe
0000c0c0: 72 00 00 00 00 00 00 03 00 00 00 20 00 00 24 c2  r.......... ..$.
0000c0d0: 00 00 00 00 00 00 00 08 00 00 00 01 00 00 00 b0  ................
0000c0e0: 00 00 00 00 00 00 00 09 00 00 00 01 00 00 00 b0  ................
0000c0f0: 00 00 00 03 00 00 00 04 00 00 13 95 00 00 00 5d  ...............]
0000c100: 00 00 00 02 00 00 00 02 00 00 00 01 69 32 63 31  ............i2c1
0000c110: 00 00 00 00 00 00 00 01 69 32 63 31 2d 78 66 65  ........i2c1-xfe
0000c120: 72 00 00 00 00 00 00 03 00 00 00 20 00 00 24 c2  r.......... ..$.
0000c130: 00 00 00 00 00 00 00 12 00 00 00 01 00 00 00 b0  ................
0000c140: 00 00 00 00 00 00 00 13 00 00 00 01 00 00 00 b0  ................
0000c150: 00 00 00 03 00 00 00 04 00 00 13 95 00 00 00 6b  ...............k
0000c160: 00 00 00 02 00 00 00 02 00 00 00 01 69 32 63 32  ............i2c2
0000c170: 00 00 00 00 00 00 00 01 69 32 63 32 2d 78 66 65  ........i2c2-xfe
0000c180: 72 00 00 00 00 00 00 03 00 00 00 20 00 00 24 c2  r.......... ..$.
0000c190: 00 00 00 02 00 00 00 0f 00 00 00 02 00 00 00 b0  ................
0000c1a0: 00 00 00 02 00 00 00 10 00 00 00 02 00 00 00 b0  ................
0000c1b0: 00 00 00 03 00 00 00 04 00 00 13 95 00 00 00 6c  ...............l
0000c1c0: 00 00 00 02 00 00 00 02 00 00 00 01 69 32 63 33  ............i2c3
0000c1d0: 00 00 00 00 00 00 00 01 69 32 63 33 2d 78 66 65  ........i2c3-xfe
0000c1e0: 72 00 00 00 00 00 00 03 00 00 00 20 00 00 24 c2  r.......... ..$.
0000c1f0: 00 00 00 01 00 00 00 0c 00 00 00 04 00 00 00 b0  ................
0000c200: 00 00 00 01 00 00 00 0d 00 00 00 04 00 00 00 b0  ................
0000c210: 00 00 00 03 00 00 00 04 00 00 13 95 00 00 00 6d  ...............m
0000c220: 00 00 00 02 00 00 00 02 00 00 00 01 74 73 61 64  ............tsad
0000c230: 63 00 00 00 00 00 00 01 74 73 61 64 63 2d 6f 74  c.......tsadc-ot
0000c240: 70 2d 67 70 69 6f 00 00 00 00 00 03 00 00 00 10  p-gpio..........
0000c250: 00 00 24 c2 00 00 00 00 00 00 00 06 00 00 00 00  ..$.............
0000c260: 00 00 00 b1 00 00 00 03 00 00 00 04 00 00 13 95  ................
0000c270: 00 00 00 88 00 00 00 02 00 00 00 01 74 73 61 64  ............tsad
0000c280: 63 2d 6f 74 70 2d 6f 75 74 00 00 00 00 00 00 03  c-otp-out.......
0000c290: 00 00 00 10 00 00 24 c2 00 00 00 00 00 00 00 06  ......$.........
0000c2a0: 00 00 00 01 00 00 00 b1 00 00 00 03 00 00 00 04  ................
0000c2b0: 00 00 13 95 00 00 00 89 00 00 00 02 00 00 00 02  ................
0000c2c0: 00 00 00 01 75 61 72 74 30 00 00 00 00 00 00 01  ....uart0.......
0000c2d0: 75 61 72 74 30 2d 78 66 65 72 00 00 00 00 00 03  uart0-xfer......
0000c2e0: 00 00 00 20 00 00 24 c2 00 00 00 00 00 00 00 0a  ... ..$.........
0000c2f0: 00 00 00 01 00 00 00 b2 00 00 00 00 00 00 00 0b  ................
0000c300: 00 00 00 01 00 00 00 b2 00 00 00 03 00 00 00 04  ................
0000c310: 00 00 13 95 00 00 00 2c 00 00 00 02 00 00 00 01  .......,........
0000c320: 75 61 72 74 30 2d 63 74 73 00 00 00 00 00 00 03  uart0-cts.......
0000c330: 00 00 00 10 00 00 24 c2 00 00 00 00 00 00 00 0c  ......$.........
0000c340: 00 00 00 01 00 00 00 b1 00 00 00 03 00 00 00 04  ................
0000c350: 00 00 13 95 00 00 00 2d 00 00 00 02 00 00 00 01  .......-........
0000c360: 75 61 72 74 30 2d 72 74 73 00 00 00 00 00 00 03  uart0-rts.......
0000c370: 00 00 00 10 00 00 24 c2 00 00 00 00 00 00 00 0d  ......$.........
0000c380: 00 00 00 01 00 00 00 b1 00 00 00 03 00 00 00 04  ................
0000c390: 00 00 13 95 00 00 00 2e 00 00 00 02 00 00 00 01  ................
0000c3a0: 75 61 72 74 30 2d 72 74 73 2d 67 70 69 6f 00 00  uart0-rts-gpio..
0000c3b0: 00 00 00 03 00 00 00 10 00 00 24 c2 00 00 00 00  ..........$.....
0000c3c0: 00 00 00 0d 00 00 00 00 00 00 00 b1 00 00 00 03  ................
0000c3d0: 00 00 00 04 00 00 13 95 00 00 01 1e 00 00 00 02  ................
0000c3e0: 00 00 00 02 00 00 00 01 75 61 72 74 31 00 00 00  ........uart1...
0000c3f0: 00 00 00 01 75 61 72 74 31 2d 78 66 65 72 00 00  ....uart1-xfer..
0000c400: 00 00 00 03 00 00 00 20 00 00 24 c2 00 00 00 01  ....... ..$.....
0000c410: 00 00 00 11 00 00 00 01 00 00 00 b2 00 00 00 01  ................
0000c420: 00 00 00 10 00 00 00 01 00 00 00 b2 00 00 00 03  ................
0000c430: 00 00 00 04 00 00 13 95 00 00 00 51 00 00 00 02  ...........Q....
0000c440: 00 00 00 01 75 61 72 74 31 2d 63 74 73 00 00 00  ....uart1-cts...
0000c450: 00 00 00 03 00 00 00 10 00 00 24 c2 00 00 00 01  ..........$.....
0000c460: 00 00 00 12 00 00 00 01 00 00 00 b1 00 00 00 03  ................
0000c470: 00 00 00 04 00 00 13 95 00 00 00 52 00 00 00 02  ...........R....
0000c480: 00 00 00 01 75 61 72 74 31 2d 72 74 73 00 00 00  ....uart1-rts...
0000c490: 00 00 00 03 00 00 00 10 00 00 24 c2 00 00 00 01  ..........$.....
0000c4a0: 00 00 00 13 00 00 00 01 00 00 00 b1 00 00 00 03  ................
0000c4b0: 00 00 00 04 00 00 13 95 00 00 01 1f 00 00 00 02  ................
0000c4c0: 00 00 00 01 75 61 72 74 31 2d 72 74 73 2d 67 70  ....uart1-rts-gp
0000c4d0: 69 6f 00 00 00 00 00 03 00 00 00 10 00 00 24 c2  io............$.
0000c4e0: 00 00 00 01 00 00 00 13 00 00 00 00 00 00 00 b1  ................
0000c4f0: 00 00 00 03 00 00 00 04 00 00 13 95 00 00 01 20  ............... 
0000c500: 00 00 00 02 00 00 00 02 00 00 00 01 75 61 72 74  ............uart
0000c510: 32 2d 6d 30 00 00 00 00 00 00 00 01 75 61 72 74  2-m0........uart
0000c520: 32 6d 30 2d 78 66 65 72 00 00 00 00 00 00 00 03  2m0-xfer........
0000c530: 00 00 00 20 00 00 24 c2 00 00 00 01 00 00 00 1a  ... ..$.........
0000c540: 00 00 00 02 00 00 00 b2 00 00 00 01 00 00 00 1b  ................
0000c550: 00 00 00 02 00 00 00 b2 00 00 00 03 00 00 00 04  ................
0000c560: 00 00 13 95 00 00 00 53 00 00 00 02 00 00 00 02  .......S........
0000c570: 00 00 00 01 75 61 72 74 32 2d 6d 31 00 00 00 00  ....uart2-m1....
0000c580: 00 00 00 01 75 61 72 74 32 6d 31 2d 78 66 65 72  ....uart2m1-xfer
0000c590: 00 00 00 00 00 00 00 03 00 00 00 20 00 00 24 c2  ........... ..$.
0000c5a0: 00 00 00 02 00 00 00 0c 00 00 00 02 00 00 00 b2  ................
0000c5b0: 00 00 00 02 00 00 00 0e 00 00 00 02 00 00 00 b2  ................
0000c5c0: 00 00 00 03 00 00 00 04 00 00 13 95 00 00 01 21  ...............!
0000c5d0: 00 00 00 02 00 00 00 02 00 00 00 01 75 61 72 74  ............uart
0000c5e0: 33 2d 6d 30 00 00 00 00 00 00 00 01 75 61 72 74  3-m0........uart
0000c5f0: 33 6d 30 2d 78 66 65 72 00 00 00 00 00 00 00 03  3m0-xfer........
0000c600: 00 00 00 20 00 00 24 c2 00 00 00 00 00 00 00 10  ... ..$.........
0000c610: 00 00 00 02 00 00 00 b2 00 00 00 00 00 00 00 11  ................
0000c620: 00 00 00 02 00 00 00 b2 00 00 00 03 00 00 00 04  ................
0000c630: 00 00 13 95 00 00 01 22 00 00 00 02 00 00 00 01  ......."........
0000c640: 75 61 72 74 33 6d 30 2d 63 74 73 00 00 00 00 03  uart3m0-cts.....
0000c650: 00 00 00 10 00 00 24 c2 00 00 00 00 00 00 00 12  ......$.........
0000c660: 00 00 00 02 00 00 00 b1 00 00 00 03 00 00 00 04  ................
0000c670: 00 00 13 95 00 00 01 23 00 00 00 02 00 00 00 01  .......#........
0000c680: 75 61 72 74 33 6d 30 2d 72 74 73 00 00 00 00 03  uart3m0-rts.....
0000c690: 00 00 00 10 00 00 24 c2 00 00 00 00 00 00 00 13  ......$.........
0000c6a0: 00 00 00 02 00 00 00 b1 00 00 00 03 00 00 00 04  ................
0000c6b0: 00 00 13 95 00 00 01 24 00 00 00 02 00 00 00 01  .......$........
0000c6c0: 75 61 72 74 33 6d 30 2d 72 74 73 2d 67 70 69 6f  uart3m0-rts-gpio
0000c6d0: 00 00 00 00 00 00 00 03 00 00 00 10 00 00 24 c2  ..............$.
0000c6e0: 00 00 00 00 00 00 00 13 00 00 00 00 00 00 00 b1  ................
0000c6f0: 00 00 00 03 00 00 00 04 00 00 13 95 00 00 01 25  ...............%
0000c700: 00 00 00 02 00 00 00 02 00 00 00 01 75 61 72 74  ............uart
0000c710: 33 2d 6d 31 00 00 00 00 00 00 00 01 75 61 72 74  3-m1........uart
0000c720: 33 6d 31 2d 78 66 65 72 00 00 00 00 00 00 00 03  3m1-xfer........
0000c730: 00 00 00 20 00 00 24 c2 00 00 00 01 00 00 00 0e  ... ..$.........
0000c740: 00 00 00 02 00 00 00 b2 00 00 00 01 00 00 00 0f  ................
0000c750: 00 00 00 02 00 00 00 b2 00 00 00 03 00 00 00 04  ................
0000c760: 00 00 13 95 00 00 00 54 00 00 00 02 00 00 00 01  .......T........
0000c770: 75 61 72 74 33 6d 31 2d 63 74 73 00 00 00 00 03  uart3m1-cts.....
0000c780: 00 00 00 10 00 00 24 c2 00 00 00 01 00 00 00 0c  ......$.........
0000c790: 00 00 00 02 00 00 00 b1 00 00 00 03 00 00 00 04  ................
0000c7a0: 00 00 13 95 00 00 00 55 00 00 00 02 00 00 00 01  .......U........
0000c7b0: 75 61 72 74 33 6d 31 2d 72 74 73 00 00 00 00 03  uart3m1-rts.....
0000c7c0: 00 00 00 10 00 00 24 c2 00 00 00 01 00 00 00 0d  ......$.........
0000c7d0: 00 00 00 02 00 00 00 b1 00 00 00 03 00 00 00 04  ................
0000c7e0: 00 00 13 95 00 00 00 56 00 00 00 02 00 00 00 01  .......V........
0000c7f0: 75 61 72 74 33 6d 31 2d 72 74 73 2d 67 70 69 6f  uart3m1-rts-gpio
0000c800: 00 00 00 00 00 00 00 03 00 00 00 10 00 00 24 c2  ..............$.
0000c810: 00 00 00 01 00 00 00 0d 00 00 00 00 00 00 00 b1  ................
0000c820: 00 00 00 03 00 00 00 04 00 00 13 95 00 00 01 26  ...............&
0000c830: 00 00 00 02 00 00 00 02 00 00 00 01 75 61 72 74  ............uart
0000c840: 34 00 00 00 00 00 00 01 75 61 72 74 34 2d 78 66  4.......uart4-xf
0000c850: 65 72 00 00 00 00 00 03 00 00 00 20 00 00 24 c2  er......... ..$.
0000c860: 00 00 00 01 00 00 00 1c 00 00 00 02 00 00 00 b2  ................
0000c870: 00 00 00 01 00 00 00 1d 00 00 00 02 00 00 00 b2  ................
0000c880: 00 00 00 03 00 00 00 04 00 00 13 95 00 00 00 57  ...............W
0000c890: 00 00 00 02 00 00 00 01 75 61 72 74 34 2d 63 74  ........uart4-ct
0000c8a0: 73 00 00 00 00 00 00 03 00 00 00 10 00 00 24 c2  s.............$.
0000c8b0: 00 00 00 01 00 00 00 1e 00 00 00 02 00 00 00 b1  ................
0000c8c0: 00 00 00 03 00 00 00 04 00 00 13 95 00 00 00 58  ...............X
0000c8d0: 00 00 00 02 00 00 00 01 75 61 72 74 34 2d 72 74  ........uart4-rt
0000c8e0: 73 00 00 00 00 00 00 03 00 00 00 10 00 00 24 c2  s.............$.
0000c8f0: 00 00 00 01 00 00 00 1f 00 00 00 02 00 00 00 b1  ................
0000c900: 00 00 00 03 00 00 00 04 00 00 13 95 00 00 00 59  ...............Y
0000c910: 00 00 00 02 00 00 00 02 00 00 00 01 75 61 72 74  ............uart
0000c920: 35 00 00 00 00 00 00 01 75 61 72 74 35 2d 78 66  5.......uart5-xf
0000c930: 65 72 00 00 00 00 00 03 00 00 00 20 00 00 24 c2  er......... ..$.
0000c940: 00 00 00 03 00 00 00 02 00 00 00 04 00 00 00 b2  ................
0000c950: 00 00 00 03 00 00 00 01 00 00 00 04 00 00 00 b2  ................
0000c960: 00 00 00 03 00 00 00 04 00 00 13 95 00 00 00 5a  ...............Z
0000c970: 00 00 00 02 00 00 00 01 75 61 72 74 35 2d 63 74  ........uart5-ct
0000c980: 73 00 00 00 00 00 00 03 00 00 00 10 00 00 24 c2  s.............$.
0000c990: 00 00 00 03 00 00 00 03 00 00 00 04 00 00 00 b1  ................
0000c9a0: 00 00 00 03 00 00 00 04 00 00 13 95 00 00 00 5b  ...............[
0000c9b0: 00 00 00 02 00 00 00 01 75 61 72 74 35 2d 72 74  ........uart5-rt
0000c9c0: 73 00 00 00 00 00 00 03 00 00 00 10 00 00 24 c2  s.............$.
0000c9d0: 00 00 00 03 00 00 00 05 00 00 00 04 00 00 00 b1  ................
0000c9e0: 00 00 00 03 00 00 00 04 00 00 13 95 00 00 00 5c  ...............\
0000c9f0: 00 00 00 02 00 00 00 02 00 00 00 01 73 70 69 30  ............spi0
0000ca00: 00 00 00 00 00 00 00 01 73 70 69 30 2d 63 6c 6b  ........spi0-clk
0000ca10: 00 00 00 00 00 00 00 03 00 00 00 10 00 00 24 c2  ..............$.
0000ca20: 00 00 00 01 00 00 00 0f 00 00 00 03 00 00 00 b3  ................
0000ca30: 00 00 00 03 00 00 00 04 00 00 13 95 00 00 00 6e  ...............n
0000ca40: 00 00 00 02 00 00 00 01 73 70 69 30 2d 63 73 6e  ........spi0-csn
0000ca50: 00 00 00 00 00 00 00 03 00 00 00 10 00 00 24 c2  ..............$.
0000ca60: 00 00 00 01 00 00 00 0e 00 00 00 03 00 00 00 b3  ................
0000ca70: 00 00 00 03 00 00 00 04 00 00 13 95 00 00 00 6f  ...............o
0000ca80: 00 00 00 02 00 00 00 01 73 70 69 30 2d 6d 69 73  ........spi0-mis
0000ca90: 6f 00 00 00 00 00 00 03 00 00 00 10 00 00 24 c2  o.............$.
0000caa0: 00 00 00 01 00 00 00 0d 00 00 00 03 00 00 00 b3  ................
0000cab0: 00 00 00 03 00 00 00 04 00 00 13 95 00 00 00 70  ...............p
0000cac0: 00 00 00 02 00 00 00 01 73 70 69 30 2d 6d 6f 73  ........spi0-mos
0000cad0: 69 00 00 00 00 00 00 03 00 00 00 10 00 00 24 c2  i.............$.
0000cae0: 00 00 00 01 00 00 00 0c 00 00 00 03 00 00 00 b3  ................
0000caf0: 00 00 00 03 00 00 00 04 00 00 13 95 00 00 00 71  ...............q
0000cb00: 00 00 00 02 00 00 00 01 73 70 69 30 2d 63 6c 6b  ........spi0-clk
0000cb10: 2d 68 73 00 00 00 00 03 00 00 00 10 00 00 24 c2  -hs...........$.
0000cb20: 00 00 00 01 00 00 00 0f 00 00 00 03 00 00 00 b4  ................
0000cb30: 00 00 00 03 00 00 00 04 00 00 13 95 00 00 00 72  ...............r
0000cb40: 00 00 00 02 00 00 00 01 73 70 69 30 2d 6d 69 73  ........spi0-mis
0000cb50: 6f 2d 68 73 00 00 00 00 00 00 00 03 00 00 00 10  o-hs............
0000cb60: 00 00 24 c2 00 00 00 01 00 00 00 0d 00 00 00 03  ..$.............
0000cb70: 00 00 00 b4 00 00 00 03 00 00 00 04 00 00 13 95  ................
0000cb80: 00 00 00 73 00 00 00 02 00 00 00 01 73 70 69 30  ...s........spi0
0000cb90: 2d 6d 6f 73 69 2d 68 73 00 00 00 00 00 00 00 03  -mosi-hs........
0000cba0: 00 00 00 10 00 00 24 c2 00 00 00 01 00 00 00 0c  ......$.........
0000cbb0: 00 00 00 03 00 00 00 b4 00 00 00 03 00 00 00 04  ................
0000cbc0: 00 00 13 95 00 00 00 74 00 00 00 02 00 00 00 02  .......t........
0000cbd0: 00 00 00 01 73 70 69 31 00 00 00 00 00 00 00 01  ....spi1........
0000cbe0: 73 70 69 31 2d 63 6c 6b 00 00 00 00 00 00 00 03  spi1-clk........
0000cbf0: 00 00 00 10 00 00 24 c2 00 00 00 03 00 00 00 0f  ......$.........
0000cc00: 00 00 00 04 00 00 00 b3 00 00 00 03 00 00 00 04  ................
0000cc10: 00 00 13 95 00 00 00 75 00 00 00 02 00 00 00 01  .......u........
0000cc20: 73 70 69 31 2d 63 73 6e 30 00 00 00 00 00 00 03  spi1-csn0.......
0000cc30: 00 00 00 10 00 00 24 c2 00 00 00 03 00 00 00 09  ......$.........
0000cc40: 00 00 00 04 00 00 00 b3 00 00 00 03 00 00 00 04  ................
0000cc50: 00 00 13 95 00 00 00 76 00 00 00 02 00 00 00 01  .......v........
0000cc60: 73 70 69 31 2d 63 73 6e 31 00 00 00 00 00 00 03  spi1-csn1.......
0000cc70: 00 00 00 10 00 00 24 c2 00 00 00 03 00 00 00 0a  ......$.........
0000cc80: 00 00 00 02 00 00 00 b3 00 00 00 03 00 00 00 04  ................
0000cc90: 00 00 13 95 00 00 00 77 00 00 00 02 00 00 00 01  .......w........
0000cca0: 73 70 69 31 2d 6d 69 73 6f 00 00 00 00 00 00 03  spi1-miso.......
0000ccb0: 00 00 00 10 00 00 24 c2 00 00 00 03 00 00 00 0e  ......$.........
0000ccc0: 00 00 00 04 00 00 00 b3 00 00 00 03 00 00 00 04  ................
0000ccd0: 00 00 13 95 00 00 00 78 00 00 00 02 00 00 00 01  .......x........
0000cce0: 73 70 69 31 2d 6d 6f 73 69 00 00 00 00 00 00 03  spi1-mosi.......
0000ccf0: 00 00 00 10 00 00 24 c2 00 00 00 03 00 00 00 0c  ......$.........
0000cd00: 00 00 00 04 00 00 00 b3 00 00 00 03 00 00 00 04  ................
0000cd10: 00 00 13 95 00 00 00 79 00 00 00 02 00 00 00 01  .......y........
0000cd20: 73 70 69 31 2d 63 6c 6b 2d 68 73 00 00 00 00 03  spi1-clk-hs.....
0000cd30: 00 00 00 10 00 00 24 c2 00 00 00 03 00 00 00 0f  ......$.........
0000cd40: 00 00 00 04 00 00 00 b4 00 00 00 03 00 00 00 04  ................
0000cd50: 00 00 13 95 00 00 00 7a 00 00 00 02 00 00 00 01  .......z........
0000cd60: 73 70 69 31 2d 6d 69 73 6f 2d 68 73 00 00 00 00  spi1-miso-hs....
0000cd70: 00 00 00 03 00 00 00 10 00 00 24 c2 00 00 00 03  ..........$.....
0000cd80: 00 00 00 0e 00 00 00 04 00 00 00 b4 00 00 00 03  ................
0000cd90: 00 00 00 04 00 00 13 95 00 00 00 7b 00 00 00 02  ...........{....
0000cda0: 00 00 00 01 73 70 69 31 2d 6d 6f 73 69 2d 68 73  ....spi1-mosi-hs
0000cdb0: 00 00 00 00 00 00 00 03 00 00 00 10 00 00 24 c2  ..............$.
0000cdc0: 00 00 00 03 00 00 00 0c 00 00 00 04 00 00 00 b4  ................
0000cdd0: 00 00 00 03 00 00 00 04 00 00 13 95 00 00 00 7c  ...............|
0000cde0: 00 00 00 02 00 00 00 02 00 00 00 01 70 64 6d 00  ............pdm.
0000cdf0: 00 00 00 01 70 64 6d 2d 63 6c 6b 30 6d 30 00 00  ....pdm-clk0m0..
0000ce00: 00 00 00 03 00 00 00 10 00 00 24 c2 00 00 00 03  ..........$.....
0000ce10: 00 00 00 16 00 00 00 02 00 00 00 b1 00 00 00 03  ................
0000ce20: 00 00 00 04 00 00 13 95 00 00 00 44 00 00 00 02  ...........D....
0000ce30: 00 00 00 01 70 64 6d 2d 63 6c 6b 30 6d 31 00 00  ....pdm-clk0m1..
0000ce40: 00 00 00 03 00 00 00 10 00 00 24 c2 00 00 00 02  ..........$.....
0000ce50: 00 00 00 16 00 00 00 01 00 00 00 b1 00 00 00 03  ................
0000ce60: 00 00 00 04 00 00 13 95 00 00 01 27 00 00 00 02  ...........'....
0000ce70: 00 00 00 01 70 64 6d 2d 63 6c 6b 31 00 00 00 00  ....pdm-clk1....
0000ce80: 00 00 00 03 00 00 00 10 00 00 24 c2 00 00 00 03  ..........$.....
0000ce90: 00 00 00 17 00 00 00 02 00 00 00 b1 00 00 00 03  ................
0000cea0: 00 00 00 04 00 00 13 95 00 00 00 45 00 00 00 02  ...........E....
0000ceb0: 00 00 00 01 70 64 6d 2d 73 64 69 30 6d 30 00 00  ....pdm-sdi0m0..
0000cec0: 00 00 00 03 00 00 00 10 00 00 24 c2 00 00 00 03  ..........$.....
0000ced0: 00 00 00 1b 00 00 00 02 00 00 00 b1 00 00 00 03  ................
0000cee0: 00 00 00 04 00 00 13 95 00 00 00 46 00 00 00 02  ...........F....
0000cef0: 00 00 00 01 70 64 6d 2d 73 64 69 30 6d 31 00 00  ....pdm-sdi0m1..
0000cf00: 00 00 00 03 00 00 00 10 00 00 24 c2 00 00 00 02  ..........$.....
0000cf10: 00 00 00 15 00 00 00 02 00 00 00 b1 00 00 00 03  ................
0000cf20: 00 00 00 04 00 00 13 95 00 00 01 28 00 00 00 02  ...........(....
0000cf30: 00 00 00 01 70 64 6d 2d 73 64 69 31 00 00 00 00  ....pdm-sdi1....
0000cf40: 00 00 00 03 00 00 00 10 00 00 24 c2 00 00 00 03  ..........$.....
0000cf50: 00 00 00 18 00 00 00 02 00 00 00 b1 00 00 00 03  ................
0000cf60: 00 00 00 04 00 00 13 95 00 00 00 47 00 00 00 02  ...........G....
0000cf70: 00 00 00 01 70 64 6d 2d 73 64 69 32 00 00 00 00  ....pdm-sdi2....
0000cf80: 00 00 00 03 00 00 00 10 00 00 24 c2 00 00 00 03  ..........$.....
0000cf90: 00 00 00 19 00 00 00 02 00 00 00 b1 00 00 00 03  ................
0000cfa0: 00 00 00 04 00 00 13 95 00 00 00 48 00 00 00 02  ...........H....
0000cfb0: 00 00 00 01 70 64 6d 2d 73 64 69 33 00 00 00 00  ....pdm-sdi3....
0000cfc0: 00 00 00 03 00 00 00 10 00 00 24 c2 00 00 00 03  ..........$.....
0000cfd0: 00 00 00 1a 00 00 00 02 00 00 00 b1 00 00 00 03  ................
0000cfe0: 00 00 00 04 00 00 13 95 00 00 00 49 00 00 00 02  ...........I....
0000cff0: 00 00 00 01 70 64 6d 2d 63 6c 6b 30 6d 30 2d 73  ....pdm-clk0m0-s
0000d000: 6c 65 65 70 00 00 00 00 00 00 00 03 00 00 00 10  leep............
0000d010: 00 00 24 c2 00 00 00 03 00 00 00 16 00 00 00 00  ..$.............
0000d020: 00 00 00 b5 00 00 00 03 00 00 00 04 00 00 13 95  ................
0000d030: 00 00 01 29 00 00 00 02 00 00 00 01 70 64 6d 2d  ...)........pdm-
0000d040: 63 6c 6b 30 6d 31 2d 73 6c 65 65 70 00 00 00 00  clk0m1-sleep....
0000d050: 00 00 00 03 00 00 00 10 00 00 24 c2 00 00 00 02  ..........$.....
0000d060: 00 00 00 16 00 00 00 00 00 00 00 b5 00 00 00 03  ................
0000d070: 00 00 00 04 00 00 13 95 00 00 01 2a 00 00 00 02  ...........*....
0000d080: 00 00 00 01 70 64 6d 2d 63 6c 6b 31 2d 73 6c 65  ....pdm-clk1-sle
0000d090: 65 70 00 00 00 00 00 03 00 00 00 10 00 00 24 c2  ep............$.
0000d0a0: 00 00 00 03 00 00 00 17 00 00 00 00 00 00 00 b5  ................
0000d0b0: 00 00 00 03 00 00 00 04 00 00 13 95 00 00 01 2b  ...............+
0000d0c0: 00 00 00 02 00 00 00 01 70 64 6d 2d 73 64 69 30  ........pdm-sdi0
0000d0d0: 6d 30 2d 73 6c 65 65 70 00 00 00 00 00 00 00 03  m0-sleep........
0000d0e0: 00 00 00 10 00 00 24 c2 00 00 00 03 00 00 00 1b  ......$.........
0000d0f0: 00 00 00 00 00 00 00 b5 00 00 00 03 00 00 00 04  ................
0000d100: 00 00 13 95 00 00 01 2c 00 00 00 02 00 00 00 01  .......,........
0000d110: 70 64 6d 2d 73 64 69 30 6d 31 2d 73 6c 65 65 70  pdm-sdi0m1-sleep
0000d120: 00 00 00 00 00 00 00 03 00 00 00 10 00 00 24 c2  ..............$.
0000d130: 00 00 00 02 00 00 00 15 00 00 00 00 00 00 00 b5  ................
0000d140: 00 00 00 03 00 00 00 04 00 00 13 95 00 00 01 2d  ...............-
0000d150: 00 00 00 02 00 00 00 01 70 64 6d 2d 73 64 69 31  ........pdm-sdi1
0000d160: 2d 73 6c 65 65 70 00 00 00 00 00 03 00 00 00 10  -sleep..........
0000d170: 00 00 24 c2 00 00 00 03 00 00 00 18 00 00 00 00  ..$.............
0000d180: 00 00 00 b5 00 00 00 03 00 00 00 04 00 00 13 95  ................
0000d190: 00 00 01 2e 00 00 00 02 00 00 00 01 70 64 6d 2d  ............pdm-
0000d1a0: 73 64 69 32 2d 73 6c 65 65 70 00 00 00 00 00 03  sdi2-sleep......
0000d1b0: 00 00 00 10 00 00 24 c2 00 00 00 03 00 00 00 19  ......$.........
0000d1c0: 00 00 00 00 00 00 00 b5 00 00 00 03 00 00 00 04  ................
0000d1d0: 00 00 13 95 00 00 01 2f 00 00 00 02 00 00 00 01  ......./........
0000d1e0: 70 64 6d 2d 73 64 69 33 2d 73 6c 65 65 70 00 00  pdm-sdi3-sleep..
0000d1f0: 00 00 00 03 00 00 00 10 00 00 24 c2 00 00 00 03  ..........$.....
0000d200: 00 00 00 1a 00 00 00 00 00 00 00 b5 00 00 00 03  ................
0000d210: 00 00 00 04 00 00 13 95 00 00 01 30 00 00 00 02  ...........0....
0000d220: 00 00 00 02 00 00 00 01 69 32 73 30 00 00 00 00  ........i2s0....
0000d230: 00 00 00 01 69 32 73 30 2d 38 63 68 2d 6d 63 6c  ....i2s0-8ch-mcl
0000d240: 6b 00 00 00 00 00 00 03 00 00 00 10 00 00 24 c2  k.............$.
0000d250: 00 00 00 03 00 00 00 11 00 00 00 02 00 00 00 b1  ................
0000d260: 00 00 00 03 00 00 00 04 00 00 13 95 00 00 01 31  ...............1
0000d270: 00 00 00 02 00 00 00 01 69 32 73 30 2d 38 63 68  ........i2s0-8ch
0000d280: 2d 73 63 6c 6b 74 78 00 00 00 00 03 00 00 00 10  -sclktx.........
0000d290: 00 00 24 c2 00 00 00 03 00 00 00 13 00 00 00 02  ..$.............
0000d2a0: 00 00 00 b1 00 00 00 03 00 00 00 04 00 00 13 95  ................
0000d2b0: 00 00 00 30 00 00 00 02 00 00 00 01 69 32 73 30  ...0........i2s0
0000d2c0: 2d 38 63 68 2d 73 63 6c 6b 72 78 00 00 00 00 03  -8ch-sclkrx.....
0000d2d0: 00 00 00 10 00 00 24 c2 00 00 00 03 00 00 00 0c  ......$.........
0000d2e0: 00 00 00 02 00 00 00 b1 00 00 00 03 00 00 00 04  ................
0000d2f0: 00 00 13 95 00 00 00 31 00 00 00 02 00 00 00 01  .......1........
0000d300: 69 32 73 30 2d 38 63 68 2d 6c 72 63 6b 74 78 00  i2s0-8ch-lrcktx.
0000d310: 00 00 00 03 00 00 00 10 00 00 24 c2 00 00 00 03  ..........$.....
0000d320: 00 00 00 12 00 00 00 02 00 00 00 b1 00 00 00 03  ................
0000d330: 00 00 00 04 00 00 13 95 00 00 00 32 00 00 00 02  ...........2....
0000d340: 00 00 00 01 69 32 73 30 2d 38 63 68 2d 6c 72 63  ....i2s0-8ch-lrc
0000d350: 6b 72 78 00 00 00 00 03 00 00 00 10 00 00 24 c2  krx...........$.
0000d360: 00 00 00 03 00 00 00 0d 00 00 00 02 00 00 00 b1  ................
0000d370: 00 00 00 03 00 00 00 04 00 00 13 95 00 00 00 33  ...............3
0000d380: 00 00 00 02 00 00 00 01 69 32 73 30 2d 38 63 68  ........i2s0-8ch
0000d390: 2d 73 64 6f 30 00 00 00 00 00 00 03 00 00 00 10  -sdo0...........
0000d3a0: 00 00 24 c2 00 00 00 03 00 00 00 14 00 00 00 02  ..$.............
0000d3b0: 00 00 00 b1 00 00 00 03 00 00 00 04 00 00 13 95  ................
0000d3c0: 00 00 00 38 00 00 00 02 00 00 00 01 69 32 73 30  ...8........i2s0
0000d3d0: 2d 38 63 68 2d 73 64 6f 31 00 00 00 00 00 00 03  -8ch-sdo1.......
0000d3e0: 00 00 00 10 00 00 24 c2 00 00 00 03 00 00 00 10  ......$.........
0000d3f0: 00 00 00 02 00 00 00 b1 00 00 00 03 00 00 00 04  ................
0000d400: 00 00 13 95 00 00 00 39 00 00 00 02 00 00 00 01  .......9........
0000d410: 69 32 73 30 2d 38 63 68 2d 73 64 6f 32 00 00 00  i2s0-8ch-sdo2...
0000d420: 00 00 00 03 00 00 00 10 00 00 24 c2 00 00 00 03  ..........$.....
0000d430: 00 00 00 0f 00 00 00 02 00 00 00 b1 00 00 00 03  ................
0000d440: 00 00 00 04 00 00 13 95 00 00 00 3a 00 00 00 02  ...........:....
0000d450: 00 00 00 01 69 32 73 30 2d 38 63 68 2d 73 64 6f  ....i2s0-8ch-sdo
0000d460: 33 00 00 00 00 00 00 03 00 00 00 10 00 00 24 c2  3.............$.
0000d470: 00 00 00 03 00 00 00 0e 00 00 00 02 00 00 00 b1  ................
0000d480: 00 00 00 03 00 00 00 04 00 00 13 95 00 00 00 3b  ...............;
0000d490: 00 00 00 02 00 00 00 01 69 32 73 30 2d 38 63 68  ........i2s0-8ch
0000d4a0: 2d 73 64 69 30 00 00 00 00 00 00 03 00 00 00 10  -sdi0...........
0000d4b0: 00 00 24 c2 00 00 00 03 00 00 00 15 00 00 00 02  ..$.............
0000d4c0: 00 00 00 b1 00 00 00 03 00 00 00 04 00 00 13 95  ................
0000d4d0: 00 00 00 34 00 00 00 02 00 00 00 01 69 32 73 30  ...4........i2s0
0000d4e0: 2d 38 63 68 2d 73 64 69 31 00 00 00 00 00 00 03  -8ch-sdi1.......
0000d4f0: 00 00 00 10 00 00 24 c2 00 00 00 03 00 00 00 0b  ......$.........
0000d500: 00 00 00 02 00 00 00 b1 00 00 00 03 00 00 00 04  ................
0000d510: 00 00 13 95 00 00 00 35 00 00 00 02 00 00 00 01  .......5........
0000d520: 69 32 73 30 2d 38 63 68 2d 73 64 69 32 00 00 00  i2s0-8ch-sdi2...
0000d530: 00 00 00 03 00 00 00 10 00 00 24 c2 00 00 00 03  ..........$.....
0000d540: 00 00 00 09 00 00 00 02 00 00 00 b1 00 00 00 03  ................
0000d550: 00 00 00 04 00 00 13 95 00 00 00 36 00 00 00 02  ...........6....
0000d560: 00 00 00 01 69 32 73 30 2d 38 63 68 2d 73 64 69  ....i2s0-8ch-sdi
0000d570: 33 00 00 00 00 00 00 03 00 00 00 10 00 00 24 c2  3.............$.
0000d580: 00 00 00 03 00 00 00 08 00 00 00 02 00 00 00 b1  ................
0000d590: 00 00 00 03 00 00 00 04 00 00 13 95 00 00 00 37  ...............7
0000d5a0: 00 00 00 02 00 00 00 02 00 00 00 01 69 32 73 31  ............i2s1
0000d5b0: 00 00 00 00 00 00 00 01 69 32 73 31 2d 32 63 68  ........i2s1-2ch
0000d5c0: 2d 6d 63 6c 6b 00 00 00 00 00 00 03 00 00 00 10  -mclk...........
0000d5d0: 00 00 24 c2 00 00 00 02 00 00 00 13 00 00 00 01  ..$.............
0000d5e0: 00 00 00 b1 00 00 00 03 00 00 00 04 00 00 13 95  ................
0000d5f0: 00 00 00 6a 00 00 00 02 00 00 00 01 69 32 73 31  ...j........i2s1
0000d600: 2d 32 63 68 2d 73 63 6c 6b 00 00 00 00 00 00 03  -2ch-sclk.......
0000d610: 00 00 00 10 00 00 24 c2 00 00 00 02 00 00 00 12  ......$.........
0000d620: 00 00 00 01 00 00 00 b1 00 00 00 03 00 00 00 04  ................
0000d630: 00 00 13 95 00 00 00 3c 00 00 00 02 00 00 00 01  .......<........
0000d640: 69 32 73 31 2d 32 63 68 2d 6c 72 63 6b 00 00 00  i2s1-2ch-lrck...
0000d650: 00 00 00 03 00 00 00 10 00 00 24 c2 00 00 00 02  ..........$.....
0000d660: 00 00 00 11 00 00 00 01 00 00 00 b1 00 00 00 03  ................
0000d670: 00 00 00 04 00 00 13 95 00 00 00 3d 00 00 00 02  ...........=....
0000d680: 00 00 00 01 69 32 73 31 2d 32 63 68 2d 73 64 69  ....i2s1-2ch-sdi
0000d690: 00 00 00 00 00 00 00 03 00 00 00 10 00 00 24 c2  ..............$.
0000d6a0: 00 00 00 02 00 00 00 15 00 00 00 01 00 00 00 b1  ................
0000d6b0: 00 00 00 03 00 00 00 04 00 00 13 95 00 00 00 3e  ...............>
0000d6c0: 00 00 00 02 00 00 00 01 69 32 73 31 2d 32 63 68  ........i2s1-2ch
0000d6d0: 2d 73 64 6f 00 00 00 00 00 00 00 03 00 00 00 10  -sdo............
0000d6e0: 00 00 24 c2 00 00 00 02 00 00 00 14 00 00 00 01  ..$.............
0000d6f0: 00 00 00 b1 00 00 00 03 00 00 00 04 00 00 13 95  ................
0000d700: 00 00 00 3f 00 00 00 02 00 00 00 02 00 00 00 01  ...?............
0000d710: 69 32 73 32 00 00 00 00 00 00 00 01 69 32 73 32  i2s2........i2s2
0000d720: 2d 32 63 68 2d 6d 63 6c 6b 00 00 00 00 00 00 03  -2ch-mclk.......
0000d730: 00 00 00 10 00 00 24 c2 00 00 00 03 00 00 00 01  ......$.........
0000d740: 00 00 00 02 00 00 00 b1 00 00 00 03 00 00 00 04  ................
0000d750: 00 00 13 95 00 00 01 32 00 00 00 02 00 00 00 01  .......2........
0000d760: 69 32 73 32 2d 32 63 68 2d 73 63 6c 6b 00 00 00  i2s2-2ch-sclk...
0000d770: 00 00 00 03 00 00 00 10 00 00 24 c2 00 00 00 03  ..........$.....
0000d780: 00 00 00 02 00 00 00 02 00 00 00 b1 00 00 00 03  ................
0000d790: 00 00 00 04 00 00 13 95 00 00 00 40 00 00 00 02  ...........@....
0000d7a0: 00 00 00 01 69 32 73 32 2d 32 63 68 2d 6c 72 63  ....i2s2-2ch-lrc
0000d7b0: 6b 00 00 00 00 00 00 03 00 00 00 10 00 00 24 c2  k.............$.
0000d7c0: 00 00 00 03 00 00 00 03 00 00 00 02 00 00 00 b1  ................
0000d7d0: 00 00 00 03 00 00 00 04 00 00 13 95 00 00 00 41  ...............A
0000d7e0: 00 00 00 02 00 00 00 01 69 32 73 32 2d 32 63 68  ........i2s2-2ch
0000d7f0: 2d 73 64 69 00 00 00 00 00 00 00 03 00 00 00 10  -sdi............
0000d800: 00 00 24 c2 00 00 00 03 00 00 00 05 00 00 00 02  ..$.............
0000d810: 00 00 00 b1 00 00 00 03 00 00 00 04 00 00 13 95  ................
0000d820: 00 00 00 42 00 00 00 02 00 00 00 01 69 32 73 32  ...B........i2s2
0000d830: 2d 32 63 68 2d 73 64 6f 00 00 00 00 00 00 00 03  -2ch-sdo........
0000d840: 00 00 00 10 00 00 24 c2 00 00 00 03 00 00 00 07  ......$.........
0000d850: 00 00 00 02 00 00 00 b1 00 00 00 03 00 00 00 04  ................
0000d860: 00 00 13 95 00 00 00 43 00 00 00 02 00 00 00 02  .......C........
0000d870: 00 00 00 01 73 64 6d 6d 63 00 00 00 00 00 00 01  ....sdmmc.......
0000d880: 73 64 6d 6d 63 2d 63 6c 6b 00 00 00 00 00 00 03  sdmmc-clk.......
0000d890: 00 00 00 10 00 00 24 c2 00 00 00 01 00 00 00 1e  ......$.........
0000d8a0: 00 00 00 01 00 00 00 b6 00 00 00 03 00 00 00 04  ................
0000d8b0: 00 00 13 95 00 00 00 91 00 00 00 02 00 00 00 01  ................
0000d8c0: 73 64 6d 6d 63 2d 63 6d 64 00 00 00 00 00 00 03  sdmmc-cmd.......
0000d8d0: 00 00 00 10 00 00 24 c2 00 00 00 01 00 00 00 1f  ......$.........
0000d8e0: 00 00 00 01 00 00 00 b4 00 00 00 03 00 00 00 04  ................
0000d8f0: 00 00 13 95 00 00 00 92 00 00 00 02 00 00 00 01  ................
0000d900: 73 64 6d 6d 63 2d 64 65 74 00 00 00 00 00 00 03  sdmmc-det.......
0000d910: 00 00 00 10 00 00 24 c2 00 00 00 00 00 00 00 03  ......$.........
0000d920: 00 00 00 01 00 00 00 b4 00 00 00 03 00 00 00 04  ................
0000d930: 00 00 13 95 00 00 00 93 00 00 00 02 00 00 00 01  ................
0000d940: 73 64 6d 6d 63 2d 62 75 73 31 00 00 00 00 00 03  sdmmc-bus1......
0000d950: 00 00 00 10 00 00 24 c2 00 00 00 01 00 00 00 1a  ......$.........
0000d960: 00 00 00 01 00 00 00 b4 00 00 00 03 00 00 00 04  ................
0000d970: 00 00 13 95 00 00 01 33 00 00 00 02 00 00 00 01  .......3........
0000d980: 73 64 6d 6d 63 2d 62 75 73 34 00 00 00 00 00 03  sdmmc-bus4......
0000d990: 00 00 00 40 00 00 24 c2 00 00 00 01 00 00 00 1a  ...@..$.........
0000d9a0: 00 00 00 01 00 00 00 b4 00 00 00 01 00 00 00 1b  ................
0000d9b0: 00 00 00 01 00 00 00 b4 00 00 00 01 00 00 00 1c  ................
0000d9c0: 00 00 00 01 00 00 00 b4 00 00 00 01 00 00 00 1d  ................
0000d9d0: 00 00 00 01 00 00 00 b4 00 00 00 03 00 00 00 04  ................
0000d9e0: 00 00 13 95 00 00 00 94 00 00 00 02 00 00 00 01  ................
0000d9f0: 73 64 6d 6d 63 2d 67 70 69 6f 00 00 00 00 00 03  sdmmc-gpio......
0000da00: 00 00 00 60 00 00 24 c2 00 00 00 01 00 00 00 1a  ...`..$.........
0000da10: 00 00 00 00 00 00 00 b3 00 00 00 01 00 00 00 1b  ................
0000da20: 00 00 00 00 00 00 00 b3 00 00 00 01 00 00 00 1c  ................
0000da30: 00 00 00 00 00 00 00 b3 00 00 00 01 00 00 00 1d  ................
0000da40: 00 00 00 00 00 00 00 b3 00 00 00 01 00 00 00 1e  ................
0000da50: 00 00 00 00 00 00 00 b3 00 00 00 01 00 00 00 1f  ................
0000da60: 00 00 00 00 00 00 00 b3 00 00 00 03 00 00 00 04  ................
0000da70: 00 00 13 95 00 00 01 34 00 00 00 02 00 00 00 02  .......4........
0000da80: 00 00 00 01 73 64 69 6f 00 00 00 00 00 00 00 01  ....sdio........
0000da90: 73 64 69 6f 2d 63 6c 6b 00 00 00 00 00 00 00 03  sdio-clk........
0000daa0: 00 00 00 10 00 00 24 c2 00 00 00 01 00 00 00 15  ......$.........
0000dab0: 00 00 00 01 00 00 00 b1 00 00 00 03 00 00 00 04  ................
0000dac0: 00 00 13 95 00 00 00 98 00 00 00 02 00 00 00 01  ................
0000dad0: 73 64 69 6f 2d 63 6d 64 00 00 00 00 00 00 00 03  sdio-cmd........
0000dae0: 00 00 00 10 00 00 24 c2 00 00 00 01 00 00 00 14  ......$.........
0000daf0: 00 00 00 01 00 00 00 b2 00 00 00 03 00 00 00 04  ................
0000db00: 00 00 13 95 00 00 00 97 00 00 00 02 00 00 00 01  ................
0000db10: 73 64 69 6f 2d 62 75 73 34 00 00 00 00 00 00 03  sdio-bus4.......
0000db20: 00 00 00 40 00 00 24 c2 00 00 00 01 00 00 00 16  ...@..$.........
0000db30: 00 00 00 01 00 00 00 b2 00 00 00 01 00 00 00 17  ................
0000db40: 00 00 00 01 00 00 00 b2 00 00 00 01 00 00 00 18  ................
0000db50: 00 00 00 01 00 00 00 b2 00 00 00 01 00 00 00 19  ................
0000db60: 00 00 00 01 00 00 00 b2 00 00 00 03 00 00 00 04  ................
0000db70: 00 00 13 95 00 00 00 96 00 00 00 02 00 00 00 01  ................
0000db80: 73 64 69 6f 2d 67 70 69 6f 00 00 00 00 00 00 03  sdio-gpio.......
0000db90: 00 00 00 60 00 00 24 c2 00 00 00 01 00 00 00 16  ...`..$.........
0000dba0: 00 00 00 00 00 00 00 b2 00 00 00 01 00 00 00 17  ................
0000dbb0: 00 00 00 00 00 00 00 b2 00 00 00 01 00 00 00 18  ................
0000dbc0: 00 00 00 00 00 00 00 b2 00 00 00 01 00 00 00 19  ................
0000dbd0: 00 00 00 00 00 00 00 b2 00 00 00 01 00 00 00 14  ................
0000dbe0: 00 00 00 00 00 00 00 b2 00 00 00 01 00 00 00 15  ................
0000dbf0: 00 00 00 00 00 00 00 b2 00 00 00 03 00 00 00 04  ................
0000dc00: 00 00 13 95 00 00 01 35 00 00 00 02 00 00 00 02  .......5........
0000dc10: 00 00 00 01 65 6d 6d 63 00 00 00 00 00 00 00 01  ....emmc........
0000dc20: 65 6d 6d 63 2d 63 6c 6b 00 00 00 00 00 00 00 03  emmc-clk........
0000dc30: 00 00 00 10 00 00 24 c2 00 00 00 01 00 00 00 09  ......$.........
0000dc40: 00 00 00 02 00 00 00 b6 00 00 00 03 00 00 00 04  ................
0000dc50: 00 00 13 95 00 00 01 36 00 00 00 02 00 00 00 01  .......6........
0000dc60: 65 6d 6d 63 2d 63 6d 64 00 00 00 00 00 00 00 03  emmc-cmd........
0000dc70: 00 00 00 10 00 00 24 c2 00 00 00 01 00 00 00 0a  ......$.........
0000dc80: 00 00 00 02 00 00 00 b4 00 00 00 03 00 00 00 04  ................
0000dc90: 00 00 13 95 00 00 01 37 00 00 00 02 00 00 00 01  .......7........
0000dca0: 65 6d 6d 63 2d 70 77 72 65 6e 00 00 00 00 00 03  emmc-pwren......
0000dcb0: 00 00 00 10 00 00 24 c2 00 00 00 01 00 00 00 08  ......$.........
0000dcc0: 00 00 00 02 00 00 00 b1 00 00 00 03 00 00 00 04  ................
0000dcd0: 00 00 13 95 00 00 01 38 00 00 00 02 00 00 00 01  .......8........
0000dce0: 65 6d 6d 63 2d 72 73 74 6e 6f 75 74 00 00 00 00  emmc-rstnout....
0000dcf0: 00 00 00 03 00 00 00 10 00 00 24 c2 00 00 00 01  ..........$.....
0000dd00: 00 00 00 0b 00 00 00 02 00 00 00 b1 00 00 00 03  ................
0000dd10: 00 00 00 04 00 00 13 95 00 00 01 39 00 00 00 02  ...........9....
0000dd20: 00 00 00 01 65 6d 6d 63 2d 62 75 73 31 00 00 00  ....emmc-bus1...
0000dd30: 00 00 00 03 00 00 00 10 00 00 24 c2 00 00 00 01  ..........$.....
0000dd40: 00 00 00 00 00 00 00 02 00 00 00 b4 00 00 00 03  ................
0000dd50: 00 00 00 04 00 00 13 95 00 00 01 3a 00 00 00 02  ...........:....
0000dd60: 00 00 00 01 65 6d 6d 63 2d 62 75 73 34 00 00 00  ....emmc-bus4...
0000dd70: 00 00 00 03 00 00 00 40 00 00 24 c2 00 00 00 01  .......@..$.....
0000dd80: 00 00 00 00 00 00 00 02 00 00 00 b4 00 00 00 01  ................
0000dd90: 00 00 00 01 00 00 00 02 00 00 00 b4 00 00 00 01  ................
0000dda0: 00 00 00 02 00 00 00 02 00 00 00 b4 00 00 00 01  ................
0000ddb0: 00 00 00 03 00 00 00 02 00 00 00 b4 00 00 00 03  ................
0000ddc0: 00 00 00 04 00 00 13 95 00 00 01 3b 00 00 00 02  ...........;....
0000ddd0: 00 00 00 01 65 6d 6d 63 2d 62 75 73 38 00 00 00  ....emmc-bus8...
0000dde0: 00 00 00 03 00 00 00 80 00 00 24 c2 00 00 00 01  ..........$.....
0000ddf0: 00 00 00 00 00 00 00 02 00 00 00 b4 00 00 00 01  ................
0000de00: 00 00 00 01 00 00 00 02 00 00 00 b4 00 00 00 01  ................
0000de10: 00 00 00 02 00 00 00 02 00 00 00 b4 00 00 00 01  ................
0000de20: 00 00 00 03 00 00 00 02 00 00 00 b4 00 00 00 01  ................
0000de30: 00 00 00 04 00 00 00 02 00 00 00 b4 00 00 00 01  ................
0000de40: 00 00 00 05 00 00 00 02 00 00 00 b4 00 00 00 01  ................
0000de50: 00 00 00 06 00 00 00 02 00 00 00 b4 00 00 00 01  ................
0000de60: 00 00 00 07 00 00 00 02 00 00 00 b4 00 00 00 03  ................
0000de70: 00 00 00 04 00 00 13 95 00 00 01 3c 00 00 00 02  ...........<....
0000de80: 00 00 00 02 00 00 00 01 66 6c 61 73 68 00 00 00  ........flash...
0000de90: 00 00 00 01 66 6c 61 73 68 2d 63 73 30 00 00 00  ....flash-cs0...
0000dea0: 00 00 00 03 00 00 00 10 00 00 24 c2 00 00 00 01  ..........$.....
0000deb0: 00 00 00 08 00 00 00 01 00 00 00 b1 00 00 00 03  ................
0000dec0: 00 00 00 04 00 00 13 95 00 00 01 3d 00 00 00 02  ...........=....
0000ded0: 00 00 00 01 66 6c 61 73 68 2d 72 64 79 00 00 00  ....flash-rdy...
0000dee0: 00 00 00 03 00 00 00 10 00 00 24 c2 00 00 00 01  ..........$.....
0000def0: 00 00 00 09 00 00 00 01 00 00 00 b1 00 00 00 03  ................
0000df00: 00 00 00 04 00 00 13 95 00 00 01 3e 00 00 00 02  ...........>....
0000df10: 00 00 00 01 66 6c 61 73 68 2d 64 71 73 00 00 00  ....flash-dqs...
0000df20: 00 00 00 03 00 00 00 10 00 00 24 c2 00 00 00 01  ..........$.....
0000df30: 00 00 00 0a 00 00 00 01 00 00 00 b1 00 00 00 03  ................
0000df40: 00 00 00 04 00 00 13 95 00 00 01 3f 00 00 00 02  ...........?....
0000df50: 00 00 00 01 66 6c 61 73 68 2d 61 6c 65 00 00 00  ....flash-ale...
0000df60: 00 00 00 03 00 00 00 10 00 00 24 c2 00 00 00 01  ..........$.....
0000df70: 00 00 00 0b 00 00 00 01 00 00 00 b1 00 00 00 03  ................
0000df80: 00 00 00 04 00 00 13 95 00 00 01 40 00 00 00 02  ...........@....
0000df90: 00 00 00 01 66 6c 61 73 68 2d 63 6c 65 00 00 00  ....flash-cle...
0000dfa0: 00 00 00 03 00 00 00 10 00 00 24 c2 00 00 00 01  ..........$.....
0000dfb0: 00 00 00 0c 00 00 00 01 00 00 00 b1 00 00 00 03  ................
0000dfc0: 00 00 00 04 00 00 13 95 00 00 01 41 00 00 00 02  ...........A....
0000dfd0: 00 00 00 01 66 6c 61 73 68 2d 77 72 6e 00 00 00  ....flash-wrn...
0000dfe0: 00 00 00 03 00 00 00 10 00 00 24 c2 00 00 00 01  ..........$.....
0000dff0: 00 00 00 0d 00 00 00 01 00 00 00 b1 00 00 00 03  ................
0000e000: 00 00 00 04 00 00 13 95 00 00 01 42 00 00 00 02  ...........B....
0000e010: 00 00 00 01 66 6c 61 73 68 2d 63 73 6c 00 00 00  ....flash-csl...
0000e020: 00 00 00 03 00 00 00 10 00 00 24 c2 00 00 00 01  ..........$.....
0000e030: 00 00 00 0e 00 00 00 01 00 00 00 b1 00 00 00 03  ................
0000e040: 00 00 00 04 00 00 13 95 00 00 01 43 00 00 00 02  ...........C....
0000e050: 00 00 00 01 66 6c 61 73 68 2d 72 64 6e 00 00 00  ....flash-rdn...
0000e060: 00 00 00 03 00 00 00 10 00 00 24 c2 00 00 00 01  ..........$.....
0000e070: 00 00 00 0f 00 00 00 01 00 00 00 b1 00 00 00 03  ................
0000e080: 00 00 00 04 00 00 13 95 00 00 01 44 00 00 00 02  ...........D....
0000e090: 00 00 00 01 66 6c 61 73 68 2d 62 75 73 38 00 00  ....flash-bus8..
0000e0a0: 00 00 00 03 00 00 00 80 00 00 24 c2 00 00 00 01  ..........$.....
0000e0b0: 00 00 00 00 00 00 00 01 00 00 00 b7 00 00 00 01  ................
0000e0c0: 00 00 00 01 00 00 00 01 00 00 00 b7 00 00 00 01  ................
0000e0d0: 00 00 00 02 00 00 00 01 00 00 00 b7 00 00 00 01  ................
0000e0e0: 00 00 00 03 00 00 00 01 00 00 00 b7 00 00 00 01  ................
0000e0f0: 00 00 00 04 00 00 00 01 00 00 00 b7 00 00 00 01  ................
0000e100: 00 00 00 05 00 00 00 01 00 00 00 b7 00 00 00 01  ................
0000e110: 00 00 00 06 00 00 00 01 00 00 00 b7 00 00 00 01  ................
0000e120: 00 00 00 07 00 00 00 01 00 00 00 b7 00 00 00 03  ................
0000e130: 00 00 00 04 00 00 13 95 00 00 01 45 00 00 00 02  ...........E....
0000e140: 00 00 00 02 00 00 00 01 6c 63 64 63 00 00 00 00  ........lcdc....
0000e150: 00 00 00 01 6c 63 64 63 2d 6d 30 2d 72 67 62 2d  ....lcdc-m0-rgb-
0000e160: 70 69 6e 73 00 00 00 00 00 00 00 03 00 00 01 c0  pins............
0000e170: 00 00 24 c2 00 00 00 03 00 00 00 00 00 00 00 01  ..$.............
0000e180: 00 00 00 b6 00 00 00 03 00 00 00 01 00 00 00 01  ................
0000e190: 00 00 00 b6 00 00 00 03 00 00 00 02 00 00 00 01  ................
0000e1a0: 00 00 00 b6 00 00 00 03 00 00 00 03 00 00 00 01  ................
0000e1b0: 00 00 00 b6 00 00 00 03 00 00 00 04 00 00 00 01  ................
0000e1c0: 00 00 00 b6 00 00 00 03 00 00 00 05 00 00 00 01  ................
0000e1d0: 00 00 00 b6 00 00 00 03 00 00 00 06 00 00 00 01  ................
0000e1e0: 00 00 00 b6 00 00 00 03 00 00 00 07 00 00 00 01  ................
0000e1f0: 00 00 00 b6 00 00 00 03 00 00 00 08 00 00 00 01  ................
0000e200: 00 00 00 b6 00 00 00 03 00 00 00 09 00 00 00 01  ................
0000e210: 00 00 00 b6 00 00 00 03 00 00 00 0a 00 00 00 01  ................
0000e220: 00 00 00 b6 00 00 00 03 00 00 00 0b 00 00 00 01  ................
0000e230: 00 00 00 b6 00 00 00 03 00 00 00 0c 00 00 00 01  ................
0000e240: 00 00 00 b6 00 00 00 03 00 00 00 0d 00 00 00 01  ................
0000e250: 00 00 00 b6 00 00 00 03 00 00 00 0e 00 00 00 01  ................
0000e260: 00 00 00 b6 00 00 00 03 00 00 00 0f 00 00 00 01  ................
0000e270: 00 00 00 b6 00 00 00 03 00 00 00 10 00 00 00 01  ................
0000e280: 00 00 00 b6 00 00 00 03 00 00 00 11 00 00 00 01  ................
0000e290: 00 00 00 b6 00 00 00 03 00 00 00 12 00 00 00 01  ................
0000e2a0: 00 00 00 b6 00 00 00 03 00 00 00 13 00 00 00 01  ................
0000e2b0: 00 00 00 b6 00 00 00 03 00 00 00 14 00 00 00 01  ................
0000e2c0: 00 00 00 b6 00 00 00 03 00 00 00 15 00 00 00 01  ................
0000e2d0: 00 00 00 b6 00 00 00 03 00 00 00 16 00 00 00 01  ................
0000e2e0: 00 00 00 b6 00 00 00 03 00 00 00 17 00 00 00 01  ................
0000e2f0: 00 00 00 b6 00 00 00 03 00 00 00 18 00 00 00 01  ................
0000e300: 00 00 00 b6 00 00 00 03 00 00 00 19 00 00 00 01  ................
0000e310: 00 00 00 b6 00 00 00 03 00 00 00 1a 00 00 00 01  ................
0000e320: 00 00 00 b6 00 00 00 03 00 00 00 1b 00 00 00 01  ................
0000e330: 00 00 00 b6 00 00 00 03 00 00 00 04 00 00 13 95  ................
0000e340: 00 00 01 46 00 00 00 02 00 00 00 01 6c 63 64 63  ...F........lcdc
0000e350: 2d 6d 30 2d 73 6c 65 65 70 2d 70 69 6e 73 00 00  -m0-sleep-pins..
0000e360: 00 00 00 03 00 00 01 c0 00 00 24 c2 00 00 00 03  ..........$.....
0000e370: 00 00 00 00 00 00 00 00 00 00 00 b1 00 00 00 03  ................
0000e380: 00 00 00 01 00 00 00 00 00 00 00 b1 00 00 00 03  ................
0000e390: 00 00 00 02 00 00 00 00 00 00 00 b1 00 00 00 03  ................
0000e3a0: 00 00 00 03 00 00 00 00 00 00 00 b1 00 00 00 03  ................
0000e3b0: 00 00 00 04 00 00 00 00 00 00 00 b1 00 00 00 03  ................
0000e3c0: 00 00 00 05 00 00 00 00 00 00 00 b1 00 00 00 03  ................
0000e3d0: 00 00 00 06 00 00 00 00 00 00 00 b1 00 00 00 03  ................
0000e3e0: 00 00 00 07 00 00 00 00 00 00 00 b1 00 00 00 03  ................
0000e3f0: 00 00 00 08 00 00 00 00 00 00 00 b1 00 00 00 03  ................
0000e400: 00 00 00 09 00 00 00 00 00 00 00 b1 00 00 00 03  ................
0000e410: 00 00 00 0a 00 00 00 00 00 00 00 b1 00 00 00 03  ................
0000e420: 00 00 00 0b 00 00 00 00 00 00 00 b1 00 00 00 03  ................
0000e430: 00 00 00 0c 00 00 00 00 00 00 00 b1 00 00 00 03  ................
0000e440: 00 00 00 0d 00 00 00 00 00 00 00 b1 00 00 00 03  ................
0000e450: 00 00 00 0e 00 00 00 00 00 00 00 b1 00 00 00 03  ................
0000e460: 00 00 00 0f 00 00 00 00 00 00 00 b1 00 00 00 03  ................
0000e470: 00 00 00 10 00 00 00 00 00 00 00 b1 00 00 00 03  ................
0000e480: 00 00 00 11 00 00 00 00 00 00 00 b1 00 00 00 03  ................
0000e490: 00 00 00 12 00 00 00 00 00 00 00 b1 00 00 00 03  ................
0000e4a0: 00 00 00 13 00 00 00 00 00 00 00 b1 00 00 00 03  ................
0000e4b0: 00 00 00 14 00 00 00 00 00 00 00 b1 00 00 00 03  ................
0000e4c0: 00 00 00 15 00 00 00 00 00 00 00 b1 00 00 00 03  ................
0000e4d0: 00 00 00 16 00 00 00 00 00 00 00 b1 00 00 00 03  ................
0000e4e0: 00 00 00 17 00 00 00 00 00 00 00 b1 00 00 00 03  ................
0000e4f0: 00 00 00 18 00 00 00 00 00 00 00 b1 00 00 00 03  ................
0000e500: 00 00 00 19 00 00 00 00 00 00 00 b1 00 00 00 03  ................
0000e510: 00 00 00 1a 00 00 00 00 00 00 00 b1 00 00 00 03  ................
0000e520: 00 00 00 1b 00 00 00 00 00 00 00 b1 00 00 00 03  ................
0000e530: 00 00 00 04 00 00 13 95 00 00 01 47 00 00 00 02  ...........G....
0000e540: 00 00 00 01 6c 63 64 63 2d 6d 31 2d 72 67 62 2d  ....lcdc-m1-rgb-
0000e550: 70 69 6e 73 00 00 00 00 00 00 00 03 00 00 01 20  pins........... 
0000e560: 00 00 24 c2 00 00 00 03 00 00 00 00 00 00 00 01  ..$.............
0000e570: 00 00 00 b6 00 00 00 03 00 00 00 04 00 00 00 01  ................
0000e580: 00 00 00 b6 00 00 00 03 00 00 00 06 00 00 00 01  ................
0000e590: 00 00 00 b6 00 00 00 03 00 00 00 0a 00 00 00 01  ................
0000e5a0: 00 00 00 b6 00 00 00 03 00 00 00 0b 00 00 00 01  ................
0000e5b0: 00 00 00 b6 00 00 00 03 00 00 00 0d 00 00 00 01  ................
0000e5c0: 00 00 00 b6 00 00 00 03 00 00 00 10 00 00 00 01  ................
0000e5d0: 00 00 00 b6 00 00 00 03 00 00 00 11 00 00 00 01  ................
0000e5e0: 00 00 00 b6 00 00 00 03 00 00 00 12 00 00 00 01  ................
0000e5f0: 00 00 00 b6 00 00 00 03 00 00 00 13 00 00 00 01  ................
0000e600: 00 00 00 b6 00 00 00 03 00 00 00 14 00 00 00 01  ................
0000e610: 00 00 00 b6 00 00 00 03 00 00 00 15 00 00 00 01  ................
0000e620: 00 00 00 b6 00 00 00 03 00 00 00 16 00 00 00 01  ................
0000e630: 00 00 00 b6 00 00 00 03 00 00 00 17 00 00 00 01  ................
0000e640: 00 00 00 b6 00 00 00 03 00 00 00 18 00 00 00 01  ................
0000e650: 00 00 00 b6 00 00 00 03 00 00 00 19 00 00 00 01  ................
0000e660: 00 00 00 b6 00 00 00 03 00 00 00 1a 00 00 00 01  ................
0000e670: 00 00 00 b6 00 00 00 03 00 00 00 1b 00 00 00 01  ................
0000e680: 00 00 00 b6 00 00 00 03 00 00 00 04 00 00 13 95  ................
0000e690: 00 00 00 4f 00 00 00 02 00 00 00 01 6c 63 64 63  ...O........lcdc
0000e6a0: 2d 6d 31 2d 73 6c 65 65 70 2d 70 69 6e 73 00 00  -m1-sleep-pins..
0000e6b0: 00 00 00 03 00 00 01 20 00 00 24 c2 00 00 00 03  ....... ..$.....
0000e6c0: 00 00 00 00 00 00 00 00 00 00 00 b1 00 00 00 03  ................
0000e6d0: 00 00 00 04 00 00 00 00 00 00 00 b1 00 00 00 03  ................
0000e6e0: 00 00 00 06 00 00 00 00 00 00 00 b1 00 00 00 03  ................
0000e6f0: 00 00 00 0a 00 00 00 00 00 00 00 b1 00 00 00 03  ................
0000e700: 00 00 00 0b 00 00 00 00 00 00 00 b1 00 00 00 03  ................
0000e710: 00 00 00 0d 00 00 00 00 00 00 00 b1 00 00 00 03  ................
0000e720: 00 00 00 10 00 00 00 00 00 00 00 b1 00 00 00 03  ................
0000e730: 00 00 00 11 00 00 00 00 00 00 00 b1 00 00 00 03  ................
0000e740: 00 00 00 12 00 00 00 00 00 00 00 b1 00 00 00 03  ................
0000e750: 00 00 00 13 00 00 00 00 00 00 00 b1 00 00 00 03  ................
0000e760: 00 00 00 14 00 00 00 00 00 00 00 b1 00 00 00 03  ................
0000e770: 00 00 00 15 00 00 00 00 00 00 00 b1 00 00 00 03  ................
0000e780: 00 00 00 16 00 00 00 00 00 00 00 b1 00 00 00 03  ................
0000e790: 00 00 00 17 00 00 00 00 00 00 00 b1 00 00 00 03  ................
0000e7a0: 00 00 00 18 00 00 00 00 00 00 00 b1 00 00 00 03  ................
0000e7b0: 00 00 00 19 00 00 00 00 00 00 00 b1 00 00 00 03  ................
0000e7c0: 00 00 00 1a 00 00 00 00 00 00 00 b1 00 00 00 03  ................
0000e7d0: 00 00 00 1b 00 00 00 00 00 00 00 b1 00 00 00 03  ................
0000e7e0: 00 00 00 04 00 00 13 95 00 00 00 50 00 00 00 02  ...........P....
0000e7f0: 00 00 00 02 00 00 00 01 70 77 6d 30 00 00 00 00  ........pwm0....
0000e800: 00 00 00 01 70 77 6d 30 2d 70 69 6e 00 00 00 00  ....pwm0-pin....
0000e810: 00 00 00 03 00 00 00 10 00 00 24 c2 00 00 00 00  ..........$.....
0000e820: 00 00 00 0f 00 00 00 01 00 00 00 b1 00 00 00 03  ................
0000e830: 00 00 00 04 00 00 13 95 00 00 00 7d 00 00 00 02  ...........}....
0000e840: 00 00 00 02 00 00 00 01 70 77 6d 31 00 00 00 00  ........pwm1....
0000e850: 00 00 00 01 70 77 6d 31 2d 70 69 6e 00 00 00 00  ....pwm1-pin....
0000e860: 00 00 00 03 00 00 00 10 00 00 24 c2 00 00 00 00  ..........$.....
0000e870: 00 00 00 10 00 00 00 01 00 00 00 b1 00 00 00 03  ................
0000e880: 00 00 00 04 00 00 13 95 00 00 00 7e 00 00 00 02  ...........~....
0000e890: 00 00 00 02 00 00 00 01 70 77 6d 32 00 00 00 00  ........pwm2....
0000e8a0: 00 00 00 01 70 77 6d 32 2d 70 69 6e 00 00 00 00  ....pwm2-pin....
0000e8b0: 00 00 00 03 00 00 00 10 00 00 24 c2 00 00 00 02  ..........$.....
0000e8c0: 00 00 00 0d 00 00 00 01 00 00 00 b1 00 00 00 03  ................
0000e8d0: 00 00 00 04 00 00 13 95 00 00 00 7f 00 00 00 02  ................
0000e8e0: 00 00 00 02 00 00 00 01 70 77 6d 33 00 00 00 00  ........pwm3....
0000e8f0: 00 00 00 01 70 77 6d 33 2d 70 69 6e 00 00 00 00  ....pwm3-pin....
0000e900: 00 00 00 03 00 00 00 10 00 00 24 c2 00 00 00 00  ..........$.....
0000e910: 00 00 00 11 00 00 00 01 00 00 00 b1 00 00 00 03  ................
0000e920: 00 00 00 04 00 00 13 95 00 00 00 80 00 00 00 02  ................
0000e930: 00 00 00 02 00 00 00 01 70 77 6d 34 00 00 00 00  ........pwm4....
0000e940: 00 00 00 01 70 77 6d 34 2d 70 69 6e 00 00 00 00  ....pwm4-pin....
0000e950: 00 00 00 03 00 00 00 10 00 00 24 c2 00 00 00 03  ..........$.....
0000e960: 00 00 00 12 00 00 00 03 00 00 00 b1 00 00 00 03  ................
0000e970: 00 00 00 04 00 00 13 95 00 00 00 81 00 00 00 02  ................
0000e980: 00 00 00 02 00 00 00 01 70 77 6d 35 00 00 00 00  ........pwm5....
0000e990: 00 00 00 01 70 77 6d 35 2d 70 69 6e 00 00 00 00  ....pwm5-pin....
0000e9a0: 00 00 00 03 00 00 00 10 00 00 24 c2 00 00 00 03  ..........$.....
0000e9b0: 00 00 00 13 00 00 00 03 00 00 00 b1 00 00 00 03  ................
0000e9c0: 00 00 00 04 00 00 13 95 00 00 00 82 00 00 00 02  ................
0000e9d0: 00 00 00 02 00 00 00 01 70 77 6d 36 00 00 00 00  ........pwm6....
0000e9e0: 00 00 00 01 70 77 6d 36 2d 70 69 6e 00 00 00 00  ....pwm6-pin....
0000e9f0: 00 00 00 03 00 00 00 10 00 00 24 c2 00 00 00 03  ..........$.....
0000ea00: 00 00 00 14 00 00 00 03 00 00 00 b1 00 00 00 03  ................
0000ea10: 00 00 00 04 00 00 13 95 00 00 00 83 00 00 00 02  ................
0000ea20: 00 00 00 02 00 00 00 01 70 77 6d 37 00 00 00 00  ........pwm7....
0000ea30: 00 00 00 01 70 77 6d 37 2d 70 69 6e 00 00 00 00  ....pwm7-pin....
0000ea40: 00 00 00 03 00 00 00 10 00 00 24 c2 00 00 00 03  ..........$.....
0000ea50: 00 00 00 15 00 00 00 03 00 00 00 b1 00 00 00 03  ................
0000ea60: 00 00 00 04 00 00 13 95 00 00 00 84 00 00 00 02  ................
0000ea70: 00 00 00 02 00 00 00 01 67 6d 61 63 00 00 00 00  ........gmac....
0000ea80: 00 00 00 01 72 6d 69 69 2d 70 69 6e 73 00 00 00  ....rmii-pins...
0000ea90: 00 00 00 03 00 00 00 90 00 00 24 c2 00 00 00 02  ..........$.....
0000eaa0: 00 00 00 00 00 00 00 02 00 00 00 b8 00 00 00 02  ................
0000eab0: 00 00 00 01 00 00 00 02 00 00 00 b8 00 00 00 02  ................
0000eac0: 00 00 00 02 00 00 00 02 00 00 00 b8 00 00 00 02  ................
0000ead0: 00 00 00 03 00 00 00 02 00 00 00 b1 00 00 00 02  ................
0000eae0: 00 00 00 04 00 00 00 02 00 00 00 b1 00 00 00 02  ................
0000eaf0: 00 00 00 05 00 00 00 02 00 00 00 b1 00 00 00 02  ................
0000eb00: 00 00 00 06 00 00 00 02 00 00 00 b1 00 00 00 02  ................
0000eb10: 00 00 00 07 00 00 00 02 00 00 00 b1 00 00 00 02  ................
0000eb20: 00 00 00 09 00 00 00 02 00 00 00 b1 00 00 00 03  ................
0000eb30: 00 00 00 04 00 00 13 95 00 00 00 8f 00 00 00 02  ................
0000eb40: 00 00 00 01 6d 61 63 2d 72 65 66 63 6c 6b 2d 31  ....mac-refclk-1
0000eb50: 32 6d 61 00 00 00 00 03 00 00 00 10 00 00 24 c2  2ma...........$.
0000eb60: 00 00 00 02 00 00 00 0a 00 00 00 02 00 00 00 b8  ................
0000eb70: 00 00 00 03 00 00 00 04 00 00 13 95 00 00 00 90  ................
0000eb80: 00 00 00 02 00 00 00 01 6d 61 63 2d 72 65 66 63  ........mac-refc
0000eb90: 6c 6b 00 00 00 00 00 03 00 00 00 10 00 00 24 c2  lk............$.
0000eba0: 00 00 00 02 00 00 00 0a 00 00 00 02 00 00 00 b1  ................
0000ebb0: 00 00 00 03 00 00 00 04 00 00 13 95 00 00 01 48  ...............H
0000ebc0: 00 00 00 02 00 00 00 02 00 00 00 01 63 69 66 2d  ............cif-
0000ebd0: 6d 30 00 00 00 00 00 01 63 69 66 2d 63 6c 6b 6f  m0......cif-clko
0000ebe0: 75 74 2d 6d 30 00 00 00 00 00 00 03 00 00 00 10  ut-m0...........
0000ebf0: 00 00 24 c2 00 00 00 02 00 00 00 0b 00 00 00 01  ..$.............
0000ec00: 00 00 00 b8 00 00 00 03 00 00 00 04 00 00 13 95  ................
0000ec10: 00 00 00 a7 00 00 00 02 00 00 00 01 64 76 70 2d  ............dvp-
0000ec20: 64 32 64 39 2d 6d 30 00 00 00 00 03 00 00 00 c0  d2d9-m0.........
0000ec30: 00 00 24 c2 00 00 00 02 00 00 00 00 00 00 00 01  ..$.............
0000ec40: 00 00 00 b1 00 00 00 02 00 00 00 01 00 00 00 01  ................
0000ec50: 00 00 00 b1 00 00 00 02 00 00 00 02 00 00 00 01  ................
0000ec60: 00 00 00 b1 00 00 00 02 00 00 00 03 00 00 00 01  ................
0000ec70: 00 00 00 b1 00 00 00 02 00 00 00 04 00 00 00 01  ................
0000ec80: 00 00 00 b1 00 00 00 02 00 00 00 05 00 00 00 01  ................
0000ec90: 00 00 00 b1 00 00 00 02 00 00 00 06 00 00 00 01  ................
0000eca0: 00 00 00 b1 00 00 00 02 00 00 00 07 00 00 00 01  ................
0000ecb0: 00 00 00 b1 00 00 00 02 00 00 00 08 00 00 00 01  ................
0000ecc0: 00 00 00 b1 00 00 00 02 00 00 00 09 00 00 00 01  ................
0000ecd0: 00 00 00 b1 00 00 00 02 00 00 00 0a 00 00 00 01  ................
0000ece0: 00 00 00 b1 00 00 00 02 00 00 00 0b 00 00 00 01  ................
0000ecf0: 00 00 00 b1 00 00 00 03 00 00 00 04 00 00 13 95  ................
0000ed00: 00 00 00 a5 00 00 00 02 00 00 00 01 64 76 70 2d  ............dvp-
0000ed10: 64 30 64 31 2d 6d 30 00 00 00 00 03 00 00 00 20  d0d1-m0........ 
0000ed20: 00 00 24 c2 00 00 00 02 00 00 00 0c 00 00 00 01  ..$.............
0000ed30: 00 00 00 b1 00 00 00 02 00 00 00 0e 00 00 00 01  ................
0000ed40: 00 00 00 b1 00 00 00 03 00 00 00 04 00 00 13 95  ................
0000ed50: 00 00 00 a9 00 00 00 02 00 00 00 01 64 31 30 2d  ............d10-
0000ed60: 64 31 31 2d 6d 30 00 00 00 00 00 03 00 00 00 20  d11-m0......... 
0000ed70: 00 00 24 c2 00 00 00 02 00 00 00 0f 00 00 00 01  ..$.............
0000ed80: 00 00 00 b1 00 00 00 02 00 00 00 10 00 00 00 01  ................
0000ed90: 00 00 00 b1 00 00 00 03 00 00 00 04 00 00 13 95  ................
0000eda0: 00 00 00 a8 00 00 00 02 00 00 00 02 00 00 00 01  ................
0000edb0: 63 69 66 2d 6d 31 00 00 00 00 00 01 63 69 66 2d  cif-m1......cif-
0000edc0: 63 6c 6b 6f 75 74 2d 6d 31 00 00 00 00 00 00 03  clkout-m1.......
0000edd0: 00 00 00 10 00 00 24 c2 00 00 00 03 00 00 00 18  ......$.........
0000ede0: 00 00 00 03 00 00 00 b1 00 00 00 03 00 00 00 04  ................
0000edf0: 00 00 13 95 00 00 01 49 00 00 00 02 00 00 00 01  .......I........
0000ee00: 64 76 70 2d 64 32 64 39 2d 6d 31 00 00 00 00 03  dvp-d2d9-m1.....
0000ee10: 00 00 00 c0 00 00 24 c2 00 00 00 03 00 00 00 03  ......$.........
0000ee20: 00 00 00 03 00 00 00 b1 00 00 00 03 00 00 00 05  ................
0000ee30: 00 00 00 03 00 00 00 b1 00 00 00 03 00 00 00 07  ................
0000ee40: 00 00 00 03 00 00 00 b1 00 00 00 03 00 00 00 08  ................
0000ee50: 00 00 00 03 00 00 00 b1 00 00 00 03 00 00 00 09  ................
0000ee60: 00 00 00 03 00 00 00 b1 00 00 00 03 00 00 00 0c  ................
0000ee70: 00 00 00 03 00 00 00 b1 00 00 00 03 00 00 00 0e  ................
0000ee80: 00 00 00 03 00 00 00 b1 00 00 00 03 00 00 00 0f  ................
0000ee90: 00 00 00 03 00 00 00 b1 00 00 00 03 00 00 00 19  ................
0000eea0: 00 00 00 03 00 00 00 b1 00 00 00 03 00 00 00 1a  ................
0000eeb0: 00 00 00 03 00 00 00 b1 00 00 00 03 00 00 00 1b  ................
0000eec0: 00 00 00 03 00 00 00 b1 00 00 00 03 00 00 00 18  ................
0000eed0: 00 00 00 03 00 00 00 b1 00 00 00 03 00 00 00 04  ................
0000eee0: 00 00 13 95 00 00 01 4a 00 00 00 02 00 00 00 01  .......J........
0000eef0: 64 76 70 2d 64 30 64 31 2d 6d 31 00 00 00 00 03  dvp-d0d1-m1.....
0000ef00: 00 00 00 20 00 00 24 c2 00 00 00 03 00 00 00 01  ... ..$.........
0000ef10: 00 00 00 03 00 00 00 b1 00 00 00 03 00 00 00 02  ................
0000ef20: 00 00 00 03 00 00 00 b1 00 00 00 03 00 00 00 04  ................
0000ef30: 00 00 13 95 00 00 01 4b 00 00 00 02 00 00 00 01  .......K........
0000ef40: 64 31 30 2d 64 31 31 2d 6d 31 00 00 00 00 00 03  d10-d11-m1......
0000ef50: 00 00 00 20 00 00 24 c2 00 00 00 03 00 00 00 16  ... ..$.........
0000ef60: 00 00 00 03 00 00 00 b1 00 00 00 03 00 00 00 17  ................
0000ef70: 00 00 00 03 00 00 00 b1 00 00 00 03 00 00 00 04  ................
0000ef80: 00 00 13 95 00 00 01 4c 00 00 00 02 00 00 00 02  .......L........
0000ef90: 00 00 00 01 69 73 70 00 00 00 00 01 69 73 70 2d  ....isp.....isp-
0000efa0: 70 72 65 6c 69 67 68 74 00 00 00 00 00 00 00 03  prelight........
0000efb0: 00 00 00 10 00 00 24 c2 00 00 00 03 00 00 00 19  ......$.........
0000efc0: 00 00 00 04 00 00 00 b1 00 00 00 03 00 00 00 04  ................
0000efd0: 00 00 13 95 00 00 01 4d 00 00 00 02 00 00 00 02  .......M........
0000efe0: 00 00 00 01 70 6d 69 63 00 00 00 00 00 00 00 01  ....pmic........
0000eff0: 70 6d 69 63 5f 69 6e 74 00 00 00 00 00 00 00 03  pmic_int........
0000f000: 00 00 00 10 00 00 24 c2 00 00 00 00 00 00 00 0a  ......$.........
0000f010: 00 00 00 00 00 00 00 b2 00 00 00 03 00 00 00 04  ................
0000f020: 00 00 13 95 00 00 00 5f 00 00 00 02 00 00 00 01  ......._........
0000f030: 73 6f 63 5f 73 6c 70 70 69 6e 5f 67 70 69 6f 00  soc_slppin_gpio.
0000f040: 00 00 00 03 00 00 00 10 00 00 24 c2 00 00 00 00  ..........$.....
0000f050: 00 00 00 04 00 00 00 00 00 00 00 b9 00 00 00 03  ................
0000f060: 00 00 00 04 00 00 13 95 00 00 00 62 00 00 00 02  ...........b....
0000f070: 00 00 00 01 73 6f 63 5f 73 6c 70 70 69 6e 5f 73  ....soc_slppin_s
0000f080: 6c 70 00 00 00 00 00 03 00 00 00 10 00 00 24 c2  lp............$.
0000f090: 00 00 00 00 00 00 00 04 00 00 00 01 00 00 00 b1  ................
0000f0a0: 00 00 00 03 00 00 00 04 00 00 13 95 00 00 00 60  ...............`
0000f0b0: 00 00 00 02 00 00 00 01 73 6f 63 5f 73 6c 70 70  ........soc_slpp
0000f0c0: 69 6e 5f 72 73 74 00 00 00 00 00 03 00 00 00 10  in_rst..........
0000f0d0: 00 00 24 c2 00 00 00 00 00 00 00 04 00 00 00 02  ..$.............
0000f0e0: 00 00 00 b1 00 00 00 03 00 00 00 04 00 00 13 95  ................
0000f0f0: 00 00 00 64 00 00 00 02 00 00 00 02 00 00 00 01  ...d............
0000f100: 62 74 6e 73 00 00 00 00 00 00 00 01 62 74 6e 2d  btns........btn-
0000f110: 70 69 6e 73 00 00 00 00 00 00 00 03 00 00 01 10  pins............
0000f120: 00 00 24 c2 00 00 00 03 00 00 00 16 00 00 00 00  ..$.............
0000f130: 00 00 00 b2 00 00 00 03 00 00 00 17 00 00 00 00  ................
0000f140: 00 00 00 b2 00 00 00 03 00 00 00 14 00 00 00 00  ................
0000f150: 00 00 00 b2 00 00 00 03 00 00 00 15 00 00 00 00  ................
0000f160: 00 00 00 b2 00 00 00 03 00 00 00 10 00 00 00 00  ................
0000f170: 00 00 00 b2 00 00 00 03 00 00 00 11 00 00 00 00  ................
0000f180: 00 00 00 b2 00 00 00 03 00 00 00 13 00 00 00 00  ................
0000f190: 00 00 00 b2 00 00 00 03 00 00 00 12 00 00 00 00  ................
0000f1a0: 00 00 00 b2 00 00 00 02 00 00 00 0e 00 00 00 00  ................
0000f1b0: 00 00 00 b2 00 00 00 02 00 00 00 0d 00 00 00 00  ................
0000f1c0: 00 00 00 b2 00 00 00 03 00 00 00 0a 00 00 00 00  ................
0000f1d0: 00 00 00 b2 00 00 00 03 00 00 00 0d 00 00 00 00  ................
0000f1e0: 00 00 00 b2 00 00 00 03 00 00 00 0b 00 00 00 00  ................
0000f1f0: 00 00 00 b2 00 00 00 03 00 00 00 18 00 00 00 00  ................
0000f200: 00 00 00 b2 00 00 00 03 00 00 00 0c 00 00 00 00  ................
0000f210: 00 00 00 b2 00 00 00 03 00 00 00 0e 00 00 00 00  ................
0000f220: 00 00 00 b2 00 00 00 03 00 00 00 19 00 00 00 00  ................
0000f230: 00 00 00 b2 00 00 00 03 00 00 00 04 00 00 13 95  ................
0000f240: 00 00 00 bc 00 00 00 02 00 00 00 02 00 00 00 01  ................
0000f250: 68 65 61 64 70 68 6f 6e 65 00 00 00 00 00 00 01  headphone.......
0000f260: 68 70 2d 64 65 74 00 00 00 00 00 03 00 00 00 10  hp-det..........
0000f270: 00 00 24 c2 00 00 00 02 00 00 00 16 00 00 00 00  ..$.............
0000f280: 00 00 00 b2 00 00 00 03 00 00 00 04 00 00 13 95  ................
0000f290: 00 00 00 bf 00 00 00 02 00 00 00 02 00 00 00 02  ................
0000f2a0: 00 00 00 01 63 68 6f 73 65 6e 00 00 00 00 00 03  ....chosen......
0000f2b0: 00 00 00 01 00 00 24 d0 00 00 00 00 00 00 00 02  ......$.........
0000f2c0: 00 00 00 01 66 69 71 2d 64 65 62 75 67 67 65 72  ....fiq-debugger
0000f2d0: 00 00 00 00 00 00 00 03 00 00 00 16 00 00 00 00  ................
0000f2e0: 72 6f 63 6b 63 68 69 70 2c 66 69 71 2d 64 65 62  rockchip,fiq-deb
0000f2f0: 75 67 67 65 72 00 00 00 00 00 00 03 00 00 00 04  ugger...........
0000f300: 00 00 24 d9 00 00 00 05 00 00 00 03 00 00 00 04  ..$.............
0000f310: 00 00 24 ec 00 00 00 00 00 00 00 03 00 00 00 04  ..$.............
0000f320: 00 00 24 fe 00 00 00 01 00 00 00 03 00 00 00 04  ..$.............
0000f330: 00 00 25 17 00 16 e3 60 00 00 00 03 00 00 00 0c  ..%....`........
0000f340: 00 00 17 13 00 00 00 00 00 00 00 7f 00 00 00 08  ................
0000f350: 00 00 00 03 00 00 00 08 00 00 19 02 64 65 66 61  ............defa
0000f360: 75 6c 74 00 00 00 00 03 00 00 00 04 00 00 19 10  ult.............
0000f370: 00 00 00 5a 00 00 00 03 00 00 00 05 00 00 17 64  ...Z...........d
0000f380: 6f 6b 61 79 00 00 00 00 00 00 00 02 00 00 00 01  okay............
0000f390: 72 61 6d 6f 6f 70 73 00 00 00 00 03 00 00 00 08  ramoops.........
0000f3a0: 00 00 00 00 72 61 6d 6f 6f 70 73 00 00 00 00 03  ....ramoops.....
0000f3b0: 00 00 00 08 00 00 25 29 00 00 00 00 00 02 00 00  ......%)........
0000f3c0: 00 00 00 03 00 00 00 08 00 00 25 35 00 00 00 00  ..........%5....
0000f3d0: 00 08 00 00 00 00 00 03 00 00 00 08 00 00 25 42  ..............%B
0000f3e0: 00 00 00 00 00 00 00 00 00 00 00 03 00 00 00 08  ................
0000f3f0: 00 00 25 4e 00 00 00 00 00 00 00 00 00 00 00 03  ..%N............
0000f400: 00 00 00 04 00 00 17 8d 00 00 00 ba 00 00 00 02  ................
0000f410: 00 00 00 01 72 65 73 65 72 76 65 64 2d 6d 65 6d  ....reserved-mem
0000f420: 6f 72 79 00 00 00 00 03 00 00 00 04 00 00 00 1c  ory.............
0000f430: 00 00 00 02 00 00 00 03 00 00 00 04 00 00 00 2b  ...............+
0000f440: 00 00 00 02 00 00 00 03 00 00 00 00 00 00 1d 95  ................
0000f450: 00 00 00 01 64 72 6d 2d 6c 6f 67 6f 40 30 30 30  ....drm-logo@000
0000f460: 30 30 30 30 30 00 00 00 00 00 00 03 00 00 00 12  00000...........
0000f470: 00 00 00 00 72 6f 63 6b 63 68 69 70 2c 64 72 6d  ....rockchip,drm
0000f480: 2d 6c 6f 67 6f 00 00 00 00 00 00 03 00 00 00 10  -logo...........
0000f490: 00 00 14 01 00 00 00 00 00 00 00 00 00 00 00 00  ................
0000f4a0: 00 00 00 00 00 00 00 03 00 00 00 04 00 00 13 95  ................
0000f4b0: 00 00 00 11 00 00 00 02 00 00 00 01 72 65 67 69  ............regi
0000f4c0: 6f 6e 40 31 31 30 30 30 30 00 00 00 00 00 00 03  on@110000.......
0000f4d0: 00 00 00 10 00 00 14 01 00 00 00 00 00 11 00 00  ................
0000f4e0: 00 00 00 00 00 0f 00 00 00 00 00 03 00 00 00 0c  ................
0000f4f0: 00 00 23 0e 72 61 6d 6f 6f 70 73 5f 6d 65 6d 00  ..#.ramoops_mem.
0000f500: 00 00 00 03 00 00 00 04 00 00 13 95 00 00 00 ba  ................
0000f510: 00 00 00 02 00 00 00 02 00 00 00 01 72 67 33 35  ............rg35
0000f520: 31 2d 6b 65 79 73 00 00 00 00 00 03 00 00 00 0d  1-keys..........
0000f530: 00 00 00 00 72 6f 63 6b 63 68 69 70 2c 6b 65 79  ....rockchip,key
0000f540: 00 00 00 00 00 00 00 03 00 00 00 08 00 00 25 58  ..............%X
0000f550: 00 00 00 bb 00 00 00 02 00 00 00 03 00 00 00 04  ................
0000f560: 00 00 25 64 00 00 00 32 00 00 00 03 00 00 00 00  ..%d...2........
0000f570: 00 00 25 72 00 00 00 03 00 00 00 04 00 00 25 7d  ..%r..........%}
0000f580: 00 00 01 2c 00 00 00 03 00 00 00 04 00 00 25 8d  ...,..........%.
0000f590: 00 00 00 28 00 00 00 03 00 00 00 04 00 00 13 95  ...(............
0000f5a0: 00 00 01 4e 00 00 00 01 76 6f 6c 2d 64 6f 77 6e  ...N....vol-down
0000f5b0: 2d 6b 65 79 00 00 00 00 00 00 00 03 00 00 00 04  -key............
0000f5c0: 00 00 25 9e 00 00 00 72 00 00 00 03 00 00 00 0c  ..%....r........
0000f5d0: 00 00 25 a9 76 6f 6c 75 6d 65 20 64 6f 77 6e 00  ..%.volume down.
0000f5e0: 00 00 00 03 00 00 00 04 00 00 25 af 00 00 00 a6  ..........%.....
0000f5f0: 00 00 00 02 00 00 00 01 76 6f 6c 2d 75 70 2d 6b  ........vol-up-k
0000f600: 65 79 00 00 00 00 00 03 00 00 00 04 00 00 25 9e  ey............%.
0000f610: 00 00 00 73 00 00 00 03 00 00 00 0a 00 00 25 a9  ...s..........%.
0000f620: 76 6f 6c 75 6d 65 20 75 70 00 00 00 00 00 00 03  volume up.......
0000f630: 00 00 00 04 00 00 25 af 00 00 00 09 00 00 00 02  ......%.........
0000f640: 00 00 00 02 00 00 00 01 6f 64 72 6f 69 64 67 6f  ........odroidgo
0000f650: 33 2d 6a 6f 79 70 61 64 00 00 00 00 00 00 00 03  3-joypad........
0000f660: 00 00 00 11 00 00 00 00 6f 64 72 6f 69 64 67 6f  ........odroidgo
0000f670: 33 2d 6a 6f 79 70 61 64 00 00 00 00 00 00 00 03  3-joypad........
0000f680: 00 00 00 11 00 00 25 c2 47 4f 2d 53 75 70 65 72  ......%.GO-Super
0000f690: 20 47 61 6d 65 70 61 64 00 00 00 00 00 00 00 03   Gamepad........
0000f6a0: 00 00 00 04 00 00 25 ce 00 00 11 00 00 00 00 03  ......%.........
0000f6b0: 00 00 00 04 00 00 25 dd 00 00 01 00 00 00 00 03  ......%.........
0000f6c0: 00 00 00 05 00 00 17 64 6f 6b 61 79 00 00 00 00  .......dokay....
0000f6d0: 00 00 00 03 00 00 00 08 00 00 19 02 64 65 66 61  ............defa
0000f6e0: 75 6c 74 00 00 00 00 03 00 00 00 04 00 00 19 10  ult.............
0000f6f0: 00 00 00 bc 00 00 00 03 00 00 00 09 00 00 25 ed  ..............%.
0000f700: 61 6d 75 78 5f 61 64 63 00 00 00 00 00 00 00 03  amux_adc........
0000f710: 00 00 00 08 00 00 25 58 00 00 00 bb 00 00 00 01  ......%X........
0000f720: 00 00 00 03 00 00 00 04 00 00 25 fe 00 00 00 04  ..........%.....
0000f730: 00 00 00 03 00 00 00 10 00 00 26 09 00 00 00 02  ..........&.....
0000f740: 00 00 00 03 00 00 00 01 00 00 00 00 00 00 00 03  ................
0000f750: 00 00 00 0c 00 00 26 1e 00 00 00 bd 00 00 00 10  ......&.........
0000f760: 00 00 00 01 00 00 00 03 00 00 00 0c 00 00 26 2b  ..............&+
0000f770: 00 00 00 bd 00 00 00 0f 00 00 00 01 00 00 00 03  ................
0000f780: 00 00 00 0c 00 00 26 38 00 00 00 bd 00 00 00 0c  ......&8........
0000f790: 00 00 00 01 00 00 00 03 00 00 00 04 00 00 26 46  ..............&F
0000f7a0: 00 00 00 02 00 00 00 03 00 00 00 04 00 00 26 57  ..............&W
0000f7b0: 00 00 00 40 00 00 00 03 00 00 00 04 00 00 26 6b  ...@..........&k
0000f7c0: 00 00 00 20 00 00 00 03 00 00 00 04 00 00 26 7b  ... ..........&{
0000f7d0: 00 00 00 20 00 00 00 03 00 00 00 04 00 00 26 8b  ... ..........&.
0000f7e0: 00 00 00 c8 00 00 00 03 00 00 00 04 00 00 26 9a  ..............&.
0000f7f0: 00 00 00 c8 00 00 00 03 00 00 00 04 00 00 26 a9  ..............&.
0000f800: 00 00 00 c8 00 00 00 03 00 00 00 04 00 00 26 b8  ..............&.
0000f810: 00 00 00 c8 00 00 00 03 00 00 00 04 00 00 26 c7  ..............&.
0000f820: 00 00 00 c8 00 00 00 03 00 00 00 04 00 00 26 d7  ..............&.
0000f830: 00 00 00 c8 00 00 00 03 00 00 00 04 00 00 26 e7  ..............&.
0000f840: 00 00 00 c8 00 00 00 03 00 00 00 04 00 00 26 f7  ..............&.
0000f850: 00 00 00 c8 00 00 00 03 00 00 00 04 00 00 25 64  ..............%d
0000f860: 00 00 00 0a 00 00 00 03 00 00 00 00 00 00 27 07  ..............'.
0000f870: 00 00 00 03 00 00 00 00 00 00 27 13 00 00 00 03  ..........'.....
0000f880: 00 00 00 00 00 00 27 1f 00 00 00 03 00 00 00 00  ......'.........
0000f890: 00 00 27 2c 00 00 00 03 00 00 00 04 00 00 13 95  ..',............
0000f8a0: 00 00 01 4f 00 00 00 01 73 77 31 00 00 00 00 03  ...O....sw1.....
0000f8b0: 00 00 00 0c 00 00 20 ad 00 00 00 68 00 00 00 16  ...... ....h....
0000f8c0: 00 00 00 01 00 00 00 03 00 00 00 0d 00 00 25 a9  ..............%.
0000f8d0: 47 50 49 4f 20 44 50 41 44 2d 55 50 00 00 00 00  GPIO DPAD-UP....
0000f8e0: 00 00 00 03 00 00 00 04 00 00 25 9e 00 00 02 20  ..........%.... 
0000f8f0: 00 00 00 02 00 00 00 01 73 77 32 00 00 00 00 03  ........sw2.....
0000f900: 00 00 00 0c 00 00 20 ad 00 00 00 68 00 00 00 17  ...... ....h....
0000f910: 00 00 00 01 00 00 00 03 00 00 00 0f 00 00 25 a9  ..............%.
0000f920: 47 50 49 4f 20 44 50 41 44 2d 44 4f 57 4e 00 00  GPIO DPAD-DOWN..
0000f930: 00 00 00 03 00 00 00 04 00 00 25 9e 00 00 02 21  ..........%....!
0000f940: 00 00 00 02 00 00 00 01 73 77 33 00 00 00 00 03  ........sw3.....
0000f950: 00 00 00 0c 00 00 20 ad 00 00 00 68 00 00 00 14  ...... ....h....
0000f960: 00 00 00 01 00 00 00 03 00 00 00 0f 00 00 25 a9  ..............%.
0000f970: 47 50 49 4f 20 44 50 41 44 2d 4c 45 46 54 00 00  GPIO DPAD-LEFT..
0000f980: 00 00 00 03 00 00 00 04 00 00 25 9e 00 00 02 22  ..........%...."
0000f990: 00 00 00 02 00 00 00 01 73 77 34 00 00 00 00 03  ........sw4.....
0000f9a0: 00 00 00 0c 00 00 20 ad 00 00 00 68 00 00 00 15  ...... ....h....
0000f9b0: 00 00 00 01 00 00 00 03 00 00 00 10 00 00 25 a9  ..............%.
0000f9c0: 47 50 49 4f 20 44 50 41 44 2d 52 49 47 48 54 00  GPIO DPAD-RIGHT.
0000f9d0: 00 00 00 03 00 00 00 04 00 00 25 9e 00 00 02 23  ..........%....#
0000f9e0: 00 00 00 02 00 00 00 01 73 77 35 00 00 00 00 03  ........sw5.....
0000f9f0: 00 00 00 0c 00 00 20 ad 00 00 00 68 00 00 00 10  ...... ....h....
0000fa00: 00 00 00 01 00 00 00 03 00 00 00 0b 00 00 25 a9  ..............%.
0000fa10: 47 50 49 4f 20 42 54 4e 2d 41 00 00 00 00 00 03  GPIO BTN-A......
0000fa20: 00 00 00 04 00 00 25 9e 00 00 01 31 00 00 00 02  ......%....1....
0000fa30: 00 00 00 01 73 77 36 00 00 00 00 03 00 00 00 0c  ....sw6.........
0000fa40: 00 00 20 ad 00 00 00 68 00 00 00 11 00 00 00 01  .. ....h........
0000fa50: 00 00 00 03 00 00 00 0b 00 00 25 a9 47 50 49 4f  ..........%.GPIO
0000fa60: 20 42 54 4e 2d 42 00 00 00 00 00 03 00 00 00 04   BTN-B..........
0000fa70: 00 00 25 9e 00 00 01 30 00 00 00 02 00 00 00 01  ..%....0........
0000fa80: 73 77 37 00 00 00 00 03 00 00 00 0c 00 00 20 ad  sw7........... .
0000fa90: 00 00 00 68 00 00 00 13 00 00 00 01 00 00 00 03  ...h............
0000faa0: 00 00 00 0b 00 00 25 a9 47 50 49 4f 20 42 54 4e  ......%.GPIO BTN
0000fab0: 2d 59 00 00 00 00 00 03 00 00 00 04 00 00 25 9e  -Y............%.
0000fac0: 00 00 01 34 00 00 00 02 00 00 00 01 73 77 38 00  ...4........sw8.
0000fad0: 00 00 00 03 00 00 00 0c 00 00 20 ad 00 00 00 68  .......... ....h
0000fae0: 00 00 00 12 00 00 00 01 00 00 00 03 00 00 00 0b  ................
0000faf0: 00 00 25 a9 47 50 49 4f 20 42 54 4e 2d 58 00 00  ..%.GPIO BTN-X..
0000fb00: 00 00 00 03 00 00 00 04 00 00 25 9e 00 00 01 33  ..........%....3
0000fb10: 00 00 00 02 00 00 00 01 73 77 31 31 00 00 00 00  ........sw11....
0000fb20: 00 00 00 03 00 00 00 0c 00 00 20 ad 00 00 00 bd  .......... .....
0000fb30: 00 00 00 0e 00 00 00 01 00 00 00 03 00 00 00 0b  ................
0000fb40: 00 00 25 a9 42 54 4e 5f 54 48 55 4d 42 52 00 00  ..%.BTN_THUMBR..
0000fb50: 00 00 00 03 00 00 00 04 00 00 25 9e 00 00 02 c3  ..........%.....
0000fb60: 00 00 00 02 00 00 00 01 73 77 31 32 00 00 00 00  ........sw12....
0000fb70: 00 00 00 03 00 00 00 0c 00 00 20 ad 00 00 00 bd  .......... .....
0000fb80: 00 00 00 0d 00 00 00 01 00 00 00 03 00 00 00 0b  ................
0000fb90: 00 00 25 a9 42 54 4e 5f 54 48 55 4d 42 4c 00 00  ..%.BTN_THUMBL..
0000fba0: 00 00 00 03 00 00 00 04 00 00 25 9e 00 00 02 c2  ..........%.....
0000fbb0: 00 00 00 02 00 00 00 01 73 77 31 33 00 00 00 00  ........sw13....
0000fbc0: 00 00 00 03 00 00 00 0c 00 00 20 ad 00 00 00 68  .......... ....h
0000fbd0: 00 00 00 0a 00 00 00 01 00 00 00 03 00 00 00 0b  ................
0000fbe0: 00 00 25 a9 47 50 49 4f 20 42 54 4e 5f 46 00 00  ..%.GPIO BTN_F..
0000fbf0: 00 00 00 03 00 00 00 04 00 00 25 9e 00 00 02 c4  ..........%.....
0000fc00: 00 00 00 02 00 00 00 01 73 77 31 35 00 00 00 00  ........sw15....
0000fc10: 00 00 00 03 00 00 00 0c 00 00 20 ad 00 00 00 68  .......... ....h
0000fc20: 00 00 00 0d 00 00 00 01 00 00 00 03 00 00 00 0c  ................
0000fc30: 00 00 25 a9 47 50 49 4f 20 42 54 4e 5f 54 4c 00  ..%.GPIO BTN_TL.
0000fc40: 00 00 00 03 00 00 00 04 00 00 25 9e 00 00 01 36  ..........%....6
0000fc50: 00 00 00 02 00 00 00 01 73 77 31 36 00 00 00 00  ........sw16....
0000fc60: 00 00 00 03 00 00 00 0c 00 00 20 ad 00 00 00 68  .......... ....h
0000fc70: 00 00 00 0b 00 00 00 01 00 00 00 03 00 00 00 0c  ................
0000fc80: 00 00 25 a9 47 50 49 4f 20 42 54 4e 5f 54 52 00  ..%.GPIO BTN_TR.
0000fc90: 00 00 00 03 00 00 00 04 00 00 25 9e 00 00 01 37  ..........%....7
0000fca0: 00 00 00 02 00 00 00 01 73 77 31 39 00 00 00 00  ........sw19....
0000fcb0: 00 00 00 03 00 00 00 0c 00 00 20 ad 00 00 00 68  .......... ....h
0000fcc0: 00 00 00 18 00 00 00 01 00 00 00 03 00 00 00 0b  ................
0000fcd0: 00 00 25 a9 42 54 4e 5f 53 45 4c 45 43 54 00 00  ..%.BTN_SELECT..
0000fce0: 00 00 00 03 00 00 00 04 00 00 25 9e 00 00 02 c0  ..........%.....
0000fcf0: 00 00 00 02 00 00 00 01 73 77 32 30 00 00 00 00  ........sw20....
0000fd00: 00 00 00 03 00 00 00 0c 00 00 20 ad 00 00 00 68  .......... ....h
0000fd10: 00 00 00 0c 00 00 00 01 00 00 00 03 00 00 00 0d  ................
0000fd20: 00 00 25 a9 47 50 49 4f 20 42 54 4e 5f 54 52 32  ..%.GPIO BTN_TR2
0000fd30: 00 00 00 00 00 00 00 03 00 00 00 04 00 00 25 9e  ..............%.
0000fd40: 00 00 01 39 00 00 00 02 00 00 00 01 73 77 32 31  ...9........sw21
0000fd50: 00 00 00 00 00 00 00 03 00 00 00 0c 00 00 20 ad  .............. .
0000fd60: 00 00 00 68 00 00 00 0e 00 00 00 01 00 00 00 03  ...h............
0000fd70: 00 00 00 0d 00 00 25 a9 47 50 49 4f 20 42 54 4e  ......%.GPIO BTN
0000fd80: 5f 54 4c 32 00 00 00 00 00 00 00 03 00 00 00 04  _TL2............
0000fd90: 00 00 25 9e 00 00 01 38 00 00 00 02 00 00 00 01  ..%....8........
0000fda0: 73 77 32 32 00 00 00 00 00 00 00 03 00 00 00 0c  sw22............
0000fdb0: 00 00 20 ad 00 00 00 68 00 00 00 19 00 00 00 01  .. ....h........
0000fdc0: 00 00 00 03 00 00 00 0a 00 00 25 a9 42 54 4e 5f  ..........%.BTN_
0000fdd0: 53 54 41 52 54 00 00 00 00 00 00 03 00 00 00 04  START...........
0000fde0: 00 00 25 9e 00 00 02 c1 00 00 00 02 00 00 00 02  ..%.............
0000fdf0: 00 00 00 01 62 61 63 6b 6c 69 67 68 74 00 00 00  ....backlight...
0000fe00: 00 00 00 03 00 00 00 0e 00 00 00 00 70 77 6d 2d  ............pwm-
0000fe10: 62 61 63 6b 6c 69 67 68 74 00 00 00 00 00 00 03  backlight.......
0000fe20: 00 00 00 10 00 00 27 39 00 00 00 be 00 00 00 00  ......'9........
0000fe30: 00 00 61 a8 00 00 00 00 00 00 00 03 00 00 04 00  ..a.............
0000fe40: 00 00 27 3e 00 00 00 00 00 00 00 01 00 00 00 02  ..'>............
0000fe50: 00 00 00 03 00 00 00 04 00 00 00 05 00 00 00 06  ................
0000fe60: 00 00 00 07 00 00 00 08 00 00 00 09 00 00 00 0a  ................
0000fe70: 00 00 00 0b 00 00 00 0c 00 00 00 0d 00 00 00 0e  ................
0000fe80: 00 00 00 0f 00 00 00 10 00 00 00 11 00 00 00 12  ................
0000fe90: 00 00 00 13 00 00 00 14 00 00 00 15 00 00 00 16  ................
0000fea0: 00 00 00 17 00 00 00 18 00 00 00 19 00 00 00 1a  ................
0000feb0: 00 00 00 1b 00 00 00 1c 00 00 00 1d 00 00 00 1e  ................
0000fec0: 00 00 00 1f 00 00 00 20 00 00 00 21 00 00 00 22  ....... ...!..."
0000fed0: 00 00 00 23 00 00 00 24 00 00 00 25 00 00 00 26  ...#...$...%...&
0000fee0: 00 00 00 27 00 00 00 28 00 00 00 29 00 00 00 2a  ...'...(...)...*
0000fef0: 00 00 00 2b 00 00 00 2c 00 00 00 2d 00 00 00 2e  ...+...,...-....
0000ff00: 00 00 00 2f 00 00 00 30 00 00 00 31 00 00 00 32  .../...0...1...2
0000ff10: 00 00 00 33 00 00 00 34 00 00 00 35 00 00 00 36  ...3...4...5...6
0000ff20: 00 00 00 37 00 00 00 38 00 00 00 39 00 00 00 3a  ...7...8...9...:
0000ff30: 00 00 00 3b 00 00 00 3c 00 00 00 3d 00 00 00 3e  ...;...<...=...>
0000ff40: 00 00 00 3f 00 00 00 40 00 00 00 41 00 00 00 42  ...?...@...A...B
0000ff50: 00 00 00 43 00 00 00 44 00 00 00 45 00 00 00 46  ...C...D...E...F
0000ff60: 00 00 00 47 00 00 00 48 00 00 00 49 00 00 00 4a  ...G...H...I...J
0000ff70: 00 00 00 4b 00 00 00 4c 00 00 00 4d 00 00 00 4e  ...K...L...M...N
0000ff80: 00 00 00 4f 00 00 00 50 00 00 00 51 00 00 00 52  ...O...P...Q...R
0000ff90: 00 00 00 53 00 00 00 54 00 00 00 55 00 00 00 56  ...S...T...U...V
0000ffa0: 00 00 00 57 00 00 00 58 00 00 00 59 00 00 00 5a  ...W...X...Y...Z
0000ffb0: 00 00 00 5b 00 00 00 5c 00 00 00 5d 00 00 00 5e  ...[...\...]...^
0000ffc0: 00 00 00 5f 00 00 00 60 00 00 00 61 00 00 00 62  ..._...`...a...b
0000ffd0: 00 00 00 63 00 00 00 64 00 00 00 65 00 00 00 66  ...c...d...e...f
0000ffe0: 00 00 00 67 00 00 00 68 00 00 00 69 00 00 00 6a  ...g...h...i...j
0000fff0: 00 00 00 6b 00 00 00 6c 00 00 00 6d 00 00 00 6e  ...k...l...m...n
00010000: 00 00 00 6f 00 00 00 70 00 00 00 71 00 00 00 72  ...o...p...q...r
00010010: 00 00 00 73 00 00 00 74 00 00 00 75 00 00 00 76  ...s...t...u...v
00010020: 00 00 00 77 00 00 00 78 00 00 00 79 00 00 00 7a  ...w...x...y...z
00010030: 00 00 00 7b 00 00 00 7c 00 00 00 7d 00 00 00 7e  ...{...|...}...~
00010040: 00 00 00 7f 00 00 00 80 00 00 00 81 00 00 00 82  ................
00010050: 00 00 00 83 00 00 00 84 00 00 00 85 00 00 00 86  ................
00010060: 00 00 00 87 00 00 00 88 00 00 00 89 00 00 00 8a  ................
00010070: 00 00 00 8b 00 00 00 8c 00 00 00 8d 00 00 00 8e  ................
00010080: 00 00 00 8f 00 00 00 90 00 00 00 91 00 00 00 92  ................
00010090: 00 00 00 93 00 00 00 94 00 00 00 95 00 00 00 96  ................
000100a0: 00 00 00 97 00 00 00 98 00 00 00 99 00 00 00 9a  ................
000100b0: 00 00 00 9b 00 00 00 9c 00 00 00 9d 00 00 00 9e  ................
000100c0: 00 00 00 9f 00 00 00 a0 00 00 00 a1 00 00 00 a2  ................
000100d0: 00 00 00 a3 00 00 00 a4 00 00 00 a5 00 00 00 a6  ................
000100e0: 00 00 00 a7 00 00 00 a8 00 00 00 a9 00 00 00 aa  ................
000100f0: 00 00 00 ab 00 00 00 ac 00 00 00 ad 00 00 00 ae  ................
00010100: 00 00 00 af 00 00 00 b0 00 00 00 b1 00 00 00 b2  ................
00010110: 00 00 00 b3 00 00 00 b4 00 00 00 b5 00 00 00 b6  ................
00010120: 00 00 00 b7 00 00 00 b8 00 00 00 b9 00 00 00 ba  ................
00010130: 00 00 00 bb 00 00 00 bc 00 00 00 bd 00 00 00 be  ................
00010140: 00 00 00 bf 00 00 00 c0 00 00 00 c1 00 00 00 c2  ................
00010150: 00 00 00 c3 00 00 00 c4 00 00 00 c5 00 00 00 c6  ................
00010160: 00 00 00 c7 00 00 00 c8 00 00 00 c9 00 00 00 ca  ................
00010170: 00 00 00 cb 00 00 00 cc 00 00 00 cd 00 00 00 ce  ................
00010180: 00 00 00 cf 00 00 00 d0 00 00 00 d1 00 00 00 d2  ................
00010190: 00 00 00 d3 00 00 00 d4 00 00 00 d5 00 00 00 d6  ................
000101a0: 00 00 00 d7 00 00 00 d8 00 00 00 d9 00 00 00 da  ................
000101b0: 00 00 00 db 00 00 00 dc 00 00 00 dd 00 00 00 de  ................
000101c0: 00 00 00 df 00 00 00 e0 00 00 00 e1 00 00 00 e2  ................
000101d0: 00 00 00 e3 00 00 00 e4 00 00 00 e5 00 00 00 e6  ................
000101e0: 00 00 00 e7 00 00 00 e8 00 00 00 e9 00 00 00 ea  ................
000101f0: 00 00 00 eb 00 00 00 ec 00 00 00 ed 00 00 00 ee  ................
00010200: 00 00 00 ef 00 00 00 f0 00 00 00 f1 00 00 00 f2  ................
00010210: 00 00 00 f3 00 00 00 f4 00 00 00 f5 00 00 00 f6  ................
00010220: 00 00 00 f7 00 00 00 f8 00 00 00 f9 00 00 00 fa  ................
00010230: 00 00 00 fb 00 00 00 fc 00 00 00 fd 00 00 00 fe  ................
00010240: 00 00 00 ff 00 00 00 03 00 00 00 04 00 00 27 50  ..............'P
00010250: 00 00 00 c8 00 00 00 03 00 00 00 04 00 00 13 95  ................
00010260: 00 00 00 9f 00 00 00 02 00 00 00 01 61 72 6b 6f  ............arko
00010270: 73 34 63 6c 6f 6e 65 2d 6c 65 64 73 00 00 00 00  s4clone-leds....
00010280: 00 00 00 03 00 00 00 10 00 00 00 00 61 72 6b 6f  ............arko
00010290: 73 34 63 6c 6f 6e 65 2d 6c 65 64 00 00 00 00 03  s4clone-led.....
000102a0: 00 00 00 0c 00 00 27 69 00 00 00 5e 00 00 00 11  ......'i...^....
000102b0: 00 00 00 00 00 00 00 03 00 00 00 0c 00 00 27 71  ..............'q
000102c0: 00 00 00 5e 00 00 00 00 00 00 00 00 00 00 00 03  ...^............
000102d0: 00 00 00 04 00 00 13 95 00 00 01 50 00 00 00 02  ...........P....
000102e0: 00 00 00 01 72 6b 38 31 37 2d 73 6f 75 6e 64 00  ....rk817-sound.
000102f0: 00 00 00 03 00 00 00 12 00 00 00 00 73 69 6d 70  ............simp
00010300: 6c 65 2d 61 75 64 69 6f 2d 63 61 72 64 00 00 00  le-audio-card...
00010310: 00 00 00 03 00 00 00 04 00 00 27 7a 69 32 73 00  ..........'zi2s.
00010320: 00 00 00 03 00 00 00 15 00 00 27 93 72 6f 63 6b  ..........'.rock
00010330: 63 68 69 70 2c 72 6b 38 31 37 2d 63 6f 64 65 63  chip,rk817-codec
00010340: 00 00 00 00 00 00 00 03 00 00 00 04 00 00 27 aa  ..............'.
00010350: 00 00 01 00 00 00 00 03 00 00 00 2d 00 00 27 c4  ...........-..'.
00010360: 4d 69 63 72 6f 70 68 6f 6e 65 00 4d 69 63 20 4a  Microphone.Mic J
00010370: 61 63 6b 00 48 65 61 64 70 68 6f 6e 65 00 48 65  ack.Headphone.He
00010380: 61 64 70 68 6f 6e 65 20 4a 61 63 6b 00 00 00 00  adphone Jack....
00010390: 00 00 00 03 00 00 00 38 00 00 27 de 4d 49 43 5f  .......8..'.MIC_
000103a0: 49 4e 00 4d 69 63 20 4a 61 63 6b 00 48 65 61 64  IN.Mic Jack.Head
000103b0: 70 68 6f 6e 65 20 4a 61 63 6b 00 48 50 4f 4c 00  phone Jack.HPOL.
000103c0: 48 65 61 64 70 68 6f 6e 65 20 4a 61 63 6b 00 48  Headphone Jack.H
000103d0: 50 4f 52 00 00 00 00 03 00 00 00 0c 00 00 27 f8  POR...........'.
000103e0: 00 00 00 bd 00 00 00 16 00 00 00 01 00 00 00 03  ................
000103f0: 00 00 00 08 00 00 19 02 64 65 66 61 75 6c 74 00  ........default.
00010400: 00 00 00 03 00 00 00 04 00 00 19 10 00 00 00 bf  ................
00010410: 00 00 00 01 73 69 6d 70 6c 65 2d 61 75 64 69 6f  ....simple-audio
00010420: 2d 63 61 72 64 2c 63 70 75 00 00 00 00 00 00 03  -card,cpu.......
00010430: 00 00 00 04 00 00 28 16 00 00 00 c0 00 00 00 02  ......(.........
00010440: 00 00 00 01 73 69 6d 70 6c 65 2d 61 75 64 69 6f  ....simple-audio
00010450: 2d 63 61 72 64 2c 63 6f 64 65 63 00 00 00 00 03  -card,codec.....
00010460: 00 00 00 04 00 00 28 16 00 00 00 c1 00 00 00 02  ......(.........
00010470: 00 00 00 02 00 00 00 01 76 63 63 73 79 73 00 00  ........vccsys..
00010480: 00 00 00 03 00 00 00 10 00 00 00 00 72 65 67 75  ............regu
00010490: 6c 61 74 6f 72 2d 66 69 78 65 64 00 00 00 00 03  lator-fixed.....
000104a0: 00 00 00 0b 00 00 1b c4 76 63 63 35 76 30 5f 73  ........vcc5v0_s
000104b0: 79 73 00 00 00 00 00 03 00 00 00 00 00 00 1b 42  ys.............B
000104c0: 00 00 00 03 00 00 00 00 00 00 1b 56 00 00 00 03  ...........V....
000104d0: 00 00 00 04 00 00 1b 68 00 4c 4b 40 00 00 00 03  .......h.LK@....
000104e0: 00 00 00 04 00 00 1b 80 00 4c 4b 40 00 00 00 03  .........LK@....
000104f0: 00 00 00 04 00 00 13 95 00 00 00 66 00 00 00 02  ...........f....
00010500: 00 00 00 01 76 62 75 73 5f 68 6f 73 74 00 00 00  ....vbus_host...
00010510: 00 00 00 03 00 00 00 10 00 00 00 00 72 65 67 75  ............regu
00010520: 6c 61 74 6f 72 2d 66 69 78 65 64 00 00 00 00 03  lator-fixed.....
00010530: 00 00 00 0a 00 00 1b c4 76 62 75 73 5f 68 6f 73  ........vbus_hos
00010540: 74 00 00 00 00 00 00 03 00 00 00 0c 00 00 1d 5b  t..............[
00010550: 00 00 00 68 00 00 00 04 00 00 00 00 00 00 00 03  ...h............
00010560: 00 00 00 00 00 00 28 20 00 00 00 03 00 00 00 00  ......( ........
00010570: 00 00 1b 42 00 00 00 03 00 00 00 04 00 00 28 33  ...B..........(3
00010580: 00 00 00 66 00 00 00 03 00 00 00 04 00 00 13 95  ...f............
00010590: 00 00 00 8d 00 00 00 02 00 00 00 01 63 68 61 72  ............char
000105a0: 67 65 2d 61 6e 69 6d 61 74 69 6f 6e 00 00 00 00  ge-animation....
000105b0: 00 00 00 03 00 00 00 16 00 00 00 00 72 6f 63 6b  ............rock
000105c0: 63 68 69 70 2c 75 62 6f 6f 74 2d 63 68 61 72 67  chip,uboot-charg
000105d0: 65 00 00 00 00 00 00 03 00 00 00 05 00 00 17 64  e..............d
000105e0: 6f 6b 61 79 00 00 00 00 00 00 00 03 00 00 00 04  okay............
000105f0: 00 00 28 3e 00 00 00 01 00 00 00 03 00 00 00 04  ..(>............
00010600: 00 00 28 57 00 00 00 00 00 00 00 03 00 00 00 04  ..(W............
00010610: 00 00 28 72 00 00 00 00 00 00 00 03 00 00 00 04  ..(r............
00010620: 00 00 28 93 00 00 0c da 00 00 00 03 00 00 00 04  ..(.............
00010630: 00 00 28 b6 00 00 0c ad 00 00 00 03 00 00 00 04  ..(.............
00010640: 00 00 28 d1 00 00 0c b7 00 00 00 03 00 00 00 04  ..(.............
00010650: 00 00 28 f2 00 00 00 00 00 00 00 03 00 00 00 04  ..(.............
00010660: 00 00 29 0a 00 00 00 1e 00 00 00 03 00 00 00 04  ..).............
00010670: 00 00 29 2c 00 00 00 00 00 00 00 03 00 00 00 04  ..),............
00010680: 00 00 29 4a 00 00 00 01 00 00 00 02 00 00 00 01  ..)J............
00010690: 5f 5f 73 79 6d 62 6f 6c 73 5f 5f 00 00 00 00 03  __symbols__.....
000106a0: 00 00 00 0c 00 00 23 b0 2f 64 64 72 5f 74 69 6d  ......#./ddr_tim
000106b0: 69 6e 67 00 00 00 00 03 00 00 00 0c 00 00 29 6d  ing...........)m
000106c0: 2f 63 70 75 73 2f 63 70 75 40 30 00 00 00 00 03  /cpus/cpu@0.....
000106d0: 00 00 00 0c 00 00 29 72 2f 63 70 75 73 2f 63 70  ......)r/cpus/cp
000106e0: 75 40 31 00 00 00 00 03 00 00 00 0c 00 00 29 77  u@1...........)w
000106f0: 2f 63 70 75 73 2f 63 70 75 40 32 00 00 00 00 03  /cpus/cpu@2.....
00010700: 00 00 00 0c 00 00 29 7c 2f 63 70 75 73 2f 63 70  ......)|/cpus/cp
00010710: 75 40 33 00 00 00 00 03 00 00 00 1c 00 00 29 81  u@3...........).
00010720: 2f 63 70 75 73 2f 69 64 6c 65 2d 73 74 61 74 65  /cpus/idle-state
00010730: 73 2f 63 70 75 2d 73 6c 65 65 70 00 00 00 00 03  s/cpu-sleep.....
00010740: 00 00 00 20 00 00 29 8b 2f 63 70 75 73 2f 69 64  ... ..)./cpus/id
00010750: 6c 65 2d 73 74 61 74 65 73 2f 63 6c 75 73 74 65  le-states/cluste
00010760: 72 2d 73 6c 65 65 70 00 00 00 00 03 00 00 00 10  r-sleep.........
00010770: 00 00 29 99 2f 63 70 75 30 2d 6f 70 70 2d 74 61  ..)./cpu0-opp-ta
00010780: 62 6c 65 00 00 00 00 03 00 00 00 09 00 00 29 a8  ble...........).
00010790: 2f 62 75 73 2d 73 6f 63 00 00 00 00 00 00 00 03  /bus-soc........
000107a0: 00 00 00 0a 00 00 29 b0 2f 62 75 73 2d 61 70 6c  ......)./bus-apl
000107b0: 6c 00 00 00 00 00 00 03 00 00 00 14 00 00 29 b9  l.............).
000107c0: 2f 62 75 73 2d 61 70 6c 6c 2d 6f 70 70 2d 74 61  /bus-apll-opp-ta
000107d0: 62 6c 65 00 00 00 00 03 00 00 00 13 00 00 29 cc  ble...........).
000107e0: 2f 64 69 73 70 6c 61 79 2d 73 75 62 73 79 73 74  /display-subsyst
000107f0: 65 6d 00 00 00 00 00 03 00 00 00 24 00 00 29 de  em.........$..).
00010800: 2f 64 69 73 70 6c 61 79 2d 73 75 62 73 79 73 74  /display-subsyst
00010810: 65 6d 2f 72 6f 75 74 65 2f 72 6f 75 74 65 2d 6c  em/route/route-l
00010820: 76 64 73 00 00 00 00 03 00 00 00 23 00 00 29 e9  vds........#..).
00010830: 2f 64 69 73 70 6c 61 79 2d 73 75 62 73 79 73 74  /display-subsyst
00010840: 65 6d 2f 72 6f 75 74 65 2f 72 6f 75 74 65 2d 64  em/route/route-d
00010850: 73 69 00 00 00 00 00 03 00 00 00 23 00 00 29 f3  si.........#..).
00010860: 2f 64 69 73 70 6c 61 79 2d 73 75 62 73 79 73 74  /display-subsyst
00010870: 65 6d 2f 72 6f 75 74 65 2f 72 6f 75 74 65 2d 72  em/route/route-r
00010880: 67 62 00 00 00 00 00 03 00 00 00 15 00 00 29 fd  gb............).
00010890: 2f 65 78 74 65 72 6e 61 6c 2d 67 6d 61 63 2d 63  /external-gmac-c
000108a0: 6c 6f 63 6b 00 00 00 00 00 00 00 03 00 00 00 12  lock............
000108b0: 00 00 2a 08 2f 72 6f 63 6b 63 68 69 70 2d 73 75  ..*./rockchip-su
000108c0: 73 70 65 6e 64 00 00 00 00 00 00 03 00 00 00 08  spend...........
000108d0: 00 00 2a 19 2f 78 69 6e 32 34 6d 00 00 00 00 03  ..*./xin24m.....
000108e0: 00 00 00 08 00 00 2a 20 2f 78 69 6e 33 32 6b 00  ......* /xin32k.
000108f0: 00 00 00 03 00 00 00 1b 00 00 24 4d 2f 70 6f 77  ..........$M/pow
00010900: 65 72 2d 6d 61 6e 61 67 65 6d 65 6e 74 40 66 66  er-management@ff
00010910: 30 30 30 30 30 30 00 00 00 00 00 03 00 00 00 2c  000000.........,
00010920: 00 00 1c dc 2f 70 6f 77 65 72 2d 6d 61 6e 61 67  ..../power-manag
00010930: 65 6d 65 6e 74 40 66 66 30 30 30 30 30 30 2f 70  ement@ff000000/p
00010940: 6f 77 65 72 2d 63 6f 6e 74 72 6f 6c 6c 65 72 00  ower-controller.
00010950: 00 00 00 03 00 00 00 11 00 00 23 9a 2f 73 79 73  ..........#./sys
00010960: 63 6f 6e 40 66 66 30 31 30 30 30 30 00 00 00 00  con@ff010000....
00010970: 00 00 00 03 00 00 00 1c 00 00 2a 27 2f 73 79 73  ..........*'/sys
00010980: 63 6f 6e 40 66 66 30 31 30 30 30 30 2f 69 6f 2d  con@ff010000/io-
00010990: 64 6f 6d 61 69 6e 73 00 00 00 00 03 00 00 00 1a  domains.........
000109a0: 00 00 2a 36 2f 73 79 73 63 6f 6e 40 66 66 30 31  ..*6/syscon@ff01
000109b0: 30 30 30 30 2f 70 6d 75 2d 70 76 74 6d 00 00 00  0000/pmu-pvtm...
000109c0: 00 00 00 03 00 00 00 11 00 00 2a 3f 2f 73 65 72  ..........*?/ser
000109d0: 69 61 6c 40 66 66 30 33 30 30 30 30 00 00 00 00  ial@ff030000....
000109e0: 00 00 00 03 00 00 00 0e 00 00 2a 45 2f 69 32 73  ..........*E/i2s
000109f0: 40 66 66 30 36 30 30 30 30 00 00 00 00 00 00 03  @ff060000.......
00010a00: 00 00 00 0e 00 00 2a 4e 2f 69 32 73 40 66 66 30  ......*N/i2s@ff0
00010a10: 37 30 30 30 30 00 00 00 00 00 00 03 00 00 00 0e  70000...........
00010a20: 00 00 2a 57 2f 69 32 73 40 66 66 30 38 30 30 30  ..*W/i2s@ff08000
00010a30: 30 00 00 00 00 00 00 03 00 00 00 0e 00 00 2a 60  0.............*`
00010a40: 2f 70 64 6d 40 66 66 30 61 30 30 30 30 00 00 00  /pdm@ff0a0000...
00010a50: 00 00 00 03 00 00 00 11 00 00 2a 64 2f 63 72 79  ..........*d/cry
00010a60: 70 74 6f 40 66 66 30 62 30 30 30 30 00 00 00 00  pto@ff0b0000....
00010a70: 00 00 00 03 00 00 00 0e 00 00 2a 6b 2f 72 6e 67  ..........*k/rng
00010a80: 40 66 66 30 62 30 30 30 30 00 00 00 00 00 00 03  @ff0b0000.......
00010a90: 00 00 00 1f 00 00 2a 6f 2f 69 6e 74 65 72 72 75  ......*o/interru
00010aa0: 70 74 2d 63 6f 6e 74 72 6f 6c 6c 65 72 40 66 66  pt-controller@ff
00010ab0: 31 33 31 30 30 30 00 00 00 00 00 03 00 00 00 11  131000..........
00010ac0: 00 00 19 4d 2f 73 79 73 63 6f 6e 40 66 66 31 34  ...M/syscon@ff14
00010ad0: 30 30 30 30 00 00 00 00 00 00 00 03 00 00 00 1c  0000............
00010ae0: 00 00 2a 2b 2f 73 79 73 63 6f 6e 40 66 66 31 34  ..*+/syscon@ff14
00010af0: 30 30 30 30 2f 69 6f 2d 64 6f 6d 61 69 6e 73 00  0000/io-domains.
00010b00: 00 00 00 03 00 00 00 16 00 00 29 e4 2f 73 79 73  ..........)./sys
00010b10: 63 6f 6e 40 66 66 31 34 30 30 30 30 2f 6c 76 64  con@ff140000/lvd
00010b20: 73 00 00 00 00 00 00 03 00 00 00 2e 00 00 2a 73  s.............*s
00010b30: 2f 73 79 73 63 6f 6e 40 66 66 31 34 30 30 30 30  /syscon@ff140000
00010b40: 2f 6c 76 64 73 2f 70 6f 72 74 73 2f 70 6f 72 74  /lvds/ports/port
00010b50: 40 30 2f 65 6e 64 70 6f 69 6e 74 40 30 00 00 00  @0/endpoint@0...
00010b60: 00 00 00 03 00 00 00 15 00 00 29 f9 2f 73 79 73  ..........)./sys
00010b70: 63 6f 6e 40 66 66 31 34 30 30 30 30 2f 72 67 62  con@ff140000/rgb
00010b80: 00 00 00 00 00 00 00 03 00 00 00 2d 00 00 2a 80  ...........-..*.
00010b90: 2f 73 79 73 63 6f 6e 40 66 66 31 34 30 30 30 30  /syscon@ff140000
00010ba0: 2f 72 67 62 2f 70 6f 72 74 73 2f 70 6f 72 74 40  /rgb/ports/port@
00010bb0: 30 2f 65 6e 64 70 6f 69 6e 74 40 30 00 00 00 00  0/endpoint@0....
00010bc0: 00 00 00 03 00 00 00 11 00 00 2a 8c 2f 73 79 73  ..........*./sys
00010bd0: 63 6f 6e 40 66 66 31 34 38 30 30 30 00 00 00 00  con@ff148000....
00010be0: 00 00 00 03 00 00 00 16 00 00 2a 3a 2f 73 79 73  ..........*:/sys
00010bf0: 63 6f 6e 40 66 66 31 34 38 30 30 30 2f 70 76 74  con@ff148000/pvt
00010c00: 6d 00 00 00 00 00 00 03 00 00 00 11 00 00 2a 95  m.............*.
00010c10: 2f 73 65 72 69 61 6c 40 66 66 31 35 38 30 30 30  /serial@ff158000
00010c20: 00 00 00 00 00 00 00 03 00 00 00 11 00 00 2a 9b  ..............*.
00010c30: 2f 73 65 72 69 61 6c 40 66 66 31 36 30 30 30 30  /serial@ff160000
00010c40: 00 00 00 00 00 00 00 03 00 00 00 11 00 00 2a a1  ..............*.
00010c50: 2f 73 65 72 69 61 6c 40 66 66 31 36 38 30 30 30  /serial@ff168000
00010c60: 00 00 00 00 00 00 00 03 00 00 00 11 00 00 2a a7  ..............*.
00010c70: 2f 73 65 72 69 61 6c 40 66 66 31 37 30 30 30 30  /serial@ff170000
00010c80: 00 00 00 00 00 00 00 03 00 00 00 11 00 00 2a ad  ..............*.
00010c90: 2f 73 65 72 69 61 6c 40 66 66 31 37 38 30 30 30  /serial@ff178000
00010ca0: 00 00 00 00 00 00 00 03 00 00 00 0e 00 00 13 a7  ................
00010cb0: 2f 69 32 63 40 66 66 31 38 30 30 30 30 00 00 00  /i2c@ff180000...
00010cc0: 00 00 00 03 00 00 00 16 00 00 2a b3 2f 69 32 63  ..........*./i2c
00010cd0: 40 66 66 31 38 30 30 30 30 2f 70 6d 69 63 40 32  @ff180000/pmic@2
00010ce0: 30 00 00 00 00 00 00 03 00 00 00 24 00 00 2a b9  0..........$..*.
00010cf0: 2f 69 32 63 40 66 66 31 38 30 30 30 30 2f 70 6d  /i2c@ff180000/pm
00010d00: 69 63 40 32 30 2f 70 69 6e 63 74 72 6c 5f 72 6b  ic@20/pinctrl_rk
00010d10: 38 78 78 00 00 00 00 03 00 00 00 33 00 00 2a c7  8xx........3..*.
00010d20: 2f 69 32 63 40 66 66 31 38 30 30 30 30 2f 70 6d  /i2c@ff180000/pm
00010d30: 69 63 40 32 30 2f 70 69 6e 63 74 72 6c 5f 72 6b  ic@20/pinctrl_rk
00010d40: 38 78 78 2f 72 6b 38 31 37 5f 74 73 5f 67 70 69  8xx/rk817_ts_gpi
00010d50: 6f 31 00 00 00 00 00 03 00 00 00 33 00 00 2a d6  o1.........3..*.
00010d60: 2f 69 32 63 40 66 66 31 38 30 30 30 30 2f 70 6d  /i2c@ff180000/pm
00010d70: 69 63 40 32 30 2f 70 69 6e 63 74 72 6c 5f 72 6b  ic@20/pinctrl_rk
00010d80: 38 78 78 2f 72 6b 38 31 37 5f 67 74 5f 67 70 69  8xx/rk817_gt_gpi
00010d90: 6f 32 00 00 00 00 00 03 00 00 00 31 00 00 2a e5  o2.........1..*.
00010da0: 2f 69 32 63 40 66 66 31 38 30 30 30 30 2f 70 6d  /i2c@ff180000/pm
00010db0: 69 63 40 32 30 2f 70 69 6e 63 74 72 6c 5f 72 6b  ic@20/pinctrl_rk
00010dc0: 38 78 78 2f 72 6b 38 31 37 5f 70 69 6e 5f 74 73  8xx/rk817_pin_ts
00010dd0: 00 00 00 00 00 00 00 03 00 00 00 31 00 00 2a f2  ...........1..*.
00010de0: 2f 69 32 63 40 66 66 31 38 30 30 30 30 2f 70 6d  /i2c@ff180000/pm
00010df0: 69 63 40 32 30 2f 70 69 6e 63 74 72 6c 5f 72 6b  ic@20/pinctrl_rk
00010e00: 38 78 78 2f 72 6b 38 31 37 5f 70 69 6e 5f 67 74  8xx/rk817_pin_gt
00010e10: 00 00 00 00 00 00 00 03 00 00 00 36 00 00 2a ff  ...........6..*.
00010e20: 2f 69 32 63 40 66 66 31 38 30 30 30 30 2f 70 6d  /i2c@ff180000/pm
00010e30: 69 63 40 32 30 2f 70 69 6e 63 74 72 6c 5f 72 6b  ic@20/pinctrl_rk
00010e40: 38 78 78 2f 72 6b 38 31 37 5f 73 6c 70 70 69 6e  8xx/rk817_slppin
00010e50: 5f 6e 75 6c 6c 00 00 00 00 00 00 03 00 00 00 35  _null..........5
00010e60: 00 00 2b 11 2f 69 32 63 40 66 66 31 38 30 30 30  ..+./i2c@ff18000
00010e70: 30 2f 70 6d 69 63 40 32 30 2f 70 69 6e 63 74 72  0/pmic@20/pinctr
00010e80: 6c 5f 72 6b 38 78 78 2f 72 6b 38 31 37 5f 73 6c  l_rk8xx/rk817_sl
00010e90: 70 70 69 6e 5f 73 6c 70 00 00 00 00 00 00 00 03  ppin_slp........
00010ea0: 00 00 00 37 00 00 2b 22 2f 69 32 63 40 66 66 31  ...7..+"/i2c@ff1
00010eb0: 38 30 30 30 30 2f 70 6d 69 63 40 32 30 2f 70 69  80000/pmic@20/pi
00010ec0: 6e 63 74 72 6c 5f 72 6b 38 78 78 2f 72 6b 38 31  nctrl_rk8xx/rk81
00010ed0: 37 5f 73 6c 70 70 69 6e 5f 70 77 72 64 6e 00 00  7_slppin_pwrdn..
00010ee0: 00 00 00 03 00 00 00 35 00 00 2b 35 2f 69 32 63  .......5..+5/i2c
00010ef0: 40 66 66 31 38 30 30 30 30 2f 70 6d 69 63 40 32  @ff180000/pmic@2
00010f00: 30 2f 70 69 6e 63 74 72 6c 5f 72 6b 38 78 78 2f  0/pinctrl_rk8xx/
00010f10: 72 6b 38 31 37 5f 73 6c 70 70 69 6e 5f 72 73 74  rk817_slppin_rst
00010f20: 00 00 00 00 00 00 00 03 00 00 00 2b 00 00 2b 46  ...........+..+F
00010f30: 2f 69 32 63 40 66 66 31 38 30 30 30 30 2f 70 6d  /i2c@ff180000/pm
00010f40: 69 63 40 32 30 2f 72 65 67 75 6c 61 74 6f 72 73  ic@20/regulators
00010f50: 2f 44 43 44 43 5f 52 45 47 31 00 00 00 00 00 03  /DCDC_REG1......
00010f60: 00 00 00 2b 00 00 2b 50 2f 69 32 63 40 66 66 31  ...+..+P/i2c@ff1
00010f70: 38 30 30 30 30 2f 70 6d 69 63 40 32 30 2f 72 65  80000/pmic@20/re
00010f80: 67 75 6c 61 74 6f 72 73 2f 44 43 44 43 5f 52 45  gulators/DCDC_RE
00010f90: 47 32 00 00 00 00 00 03 00 00 00 2b 00 00 2b 58  G2.........+..+X
00010fa0: 2f 69 32 63 40 66 66 31 38 30 30 30 30 2f 70 6d  /i2c@ff180000/pm
00010fb0: 69 63 40 32 30 2f 72 65 67 75 6c 61 74 6f 72 73  ic@20/regulators
00010fc0: 2f 44 43 44 43 5f 52 45 47 33 00 00 00 00 00 03  /DCDC_REG3......
00010fd0: 00 00 00 2b 00 00 2b 60 2f 69 32 63 40 66 66 31  ...+..+`/i2c@ff1
00010fe0: 38 30 30 30 30 2f 70 6d 69 63 40 32 30 2f 72 65  80000/pmic@20/re
00010ff0: 67 75 6c 61 74 6f 72 73 2f 44 43 44 43 5f 52 45  gulators/DCDC_RE
00011000: 47 34 00 00 00 00 00 03 00 00 00 2a 00 00 2b 68  G4.........*..+h
00011010: 2f 69 32 63 40 66 66 31 38 30 30 30 30 2f 70 6d  /i2c@ff180000/pm
00011020: 69 63 40 32 30 2f 72 65 67 75 6c 61 74 6f 72 73  ic@20/regulators
00011030: 2f 4c 44 4f 5f 52 45 47 31 00 00 00 00 00 00 03  /LDO_REG1.......
00011040: 00 00 00 2a 00 00 2b 70 2f 69 32 63 40 66 66 31  ...*..+p/i2c@ff1
00011050: 38 30 30 30 30 2f 70 6d 69 63 40 32 30 2f 72 65  80000/pmic@20/re
00011060: 67 75 6c 61 74 6f 72 73 2f 4c 44 4f 5f 52 45 47  gulators/LDO_REG
00011070: 32 00 00 00 00 00 00 03 00 00 00 2a 00 00 2b 7b  2..........*..+{
00011080: 2f 69 32 63 40 66 66 31 38 30 30 30 30 2f 70 6d  /i2c@ff180000/pm
00011090: 69 63 40 32 30 2f 72 65 67 75 6c 61 74 6f 72 73  ic@20/regulators
000110a0: 2f 4c 44 4f 5f 52 45 47 33 00 00 00 00 00 00 03  /LDO_REG3.......
000110b0: 00 00 00 2a 00 00 2b 86 2f 69 32 63 40 66 66 31  ...*..+./i2c@ff1
000110c0: 38 30 30 30 30 2f 70 6d 69 63 40 32 30 2f 72 65  80000/pmic@20/re
000110d0: 67 75 6c 61 74 6f 72 73 2f 4c 44 4f 5f 52 45 47  gulators/LDO_REG
000110e0: 34 00 00 00 00 00 00 03 00 00 00 2a 00 00 2b 91  4..........*..+.
000110f0: 2f 69 32 63 40 66 66 31 38 30 30 30 30 2f 70 6d  /i2c@ff180000/pm
00011100: 69 63 40 32 30 2f 72 65 67 75 6c 61 74 6f 72 73  ic@20/regulators
00011110: 2f 4c 44 4f 5f 52 45 47 35 00 00 00 00 00 00 03  /LDO_REG5.......
00011120: 00 00 00 2a 00 00 2b 9a 2f 69 32 63 40 66 66 31  ...*..+./i2c@ff1
00011130: 38 30 30 30 30 2f 70 6d 69 63 40 32 30 2f 72 65  80000/pmic@20/re
00011140: 67 75 6c 61 74 6f 72 73 2f 4c 44 4f 5f 52 45 47  gulators/LDO_REG
00011150: 36 00 00 00 00 00 00 03 00 00 00 2a 00 00 2b a1  6..........*..+.
00011160: 2f 69 32 63 40 66 66 31 38 30 30 30 30 2f 70 6d  /i2c@ff180000/pm
00011170: 69 63 40 32 30 2f 72 65 67 75 6c 61 74 6f 72 73  ic@20/regulators
00011180: 2f 4c 44 4f 5f 52 45 47 37 00 00 00 00 00 00 03  /LDO_REG7.......
00011190: 00 00 00 2a 00 00 2b ac 2f 69 32 63 40 66 66 31  ...*..+./i2c@ff1
000111a0: 38 30 30 30 30 2f 70 6d 69 63 40 32 30 2f 72 65  80000/pmic@20/re
000111b0: 67 75 6c 61 74 6f 72 73 2f 4c 44 4f 5f 52 45 47  gulators/LDO_REG
000111c0: 38 00 00 00 00 00 00 03 00 00 00 2a 00 00 2b b4  8..........*..+.
000111d0: 2f 69 32 63 40 66 66 31 38 30 30 30 30 2f 70 6d  /i2c@ff180000/pm
000111e0: 69 63 40 32 30 2f 72 65 67 75 6c 61 74 6f 72 73  ic@20/regulators
000111f0: 2f 4c 44 4f 5f 52 45 47 39 00 00 00 00 00 00 03  /LDO_REG9.......
00011200: 00 00 00 27 00 00 1e 8e 2f 69 32 63 40 66 66 31  ...'..../i2c@ff1
00011210: 38 30 30 30 30 2f 70 6d 69 63 40 32 30 2f 72 65  80000/pmic@20/re
00011220: 67 75 6c 61 74 6f 72 73 2f 42 4f 4f 53 54 00 00  gulators/BOOST..
00011230: 00 00 00 03 00 00 00 1c 00 00 2b bf 2f 69 32 63  ..........+./i2c
00011240: 40 66 66 31 38 30 30 30 30 2f 70 6d 69 63 40 32  @ff180000/pmic@2
00011250: 30 2f 63 6f 64 65 63 00 00 00 00 03 00 00 00 0e  0/codec.........
00011260: 00 00 13 ac 2f 69 32 63 40 66 66 31 39 30 30 30  ..../i2c@ff19000
00011270: 30 00 00 00 00 00 00 03 00 00 00 0e 00 00 13 b1  0...............
00011280: 2f 69 32 63 40 66 66 31 61 30 30 30 30 00 00 00  /i2c@ff1a0000...
00011290: 00 00 00 03 00 00 00 0e 00 00 13 b6 2f 69 32 63  ............/i2c
000112a0: 40 66 66 31 62 30 30 30 30 00 00 00 00 00 00 03  @ff1b0000.......
000112b0: 00 00 00 0e 00 00 13 eb 2f 73 70 69 40 66 66 31  ......../spi@ff1
000112c0: 64 30 30 30 30 00 00 00 00 00 00 03 00 00 00 0e  d0000...........
000112d0: 00 00 13 f0 2f 73 70 69 40 66 66 31 64 38 30 30  ..../spi@ff1d800
000112e0: 30 00 00 00 00 00 00 03 00 00 00 13 00 00 2b cb  0.............+.
000112f0: 2f 77 61 74 63 68 64 6f 67 40 66 66 31 65 30 30  /watchdog@ff1e00
00011300: 30 30 00 00 00 00 00 03 00 00 00 0e 00 00 2b cf  00............+.
00011310: 2f 70 77 6d 40 66 66 32 30 30 30 30 30 00 00 00  /pwm@ff200000...
00011320: 00 00 00 03 00 00 00 0e 00 00 2b d4 2f 70 77 6d  ..........+./pwm
00011330: 40 66 66 32 30 30 30 31 30 00 00 00 00 00 00 03  @ff200010.......
00011340: 00 00 00 0e 00 00 2b d9 2f 70 77 6d 40 66 66 32  ......+./pwm@ff2
00011350: 30 30 30 32 30 00 00 00 00 00 00 03 00 00 00 0e  00020...........
00011360: 00 00 2b de 2f 70 77 6d 40 66 66 32 30 30 30 33  ..+./pwm@ff20003
00011370: 30 00 00 00 00 00 00 03 00 00 00 0e 00 00 2b e3  0.............+.
00011380: 2f 70 77 6d 40 66 66 32 30 38 30 30 30 00 00 00  /pwm@ff208000...
00011390: 00 00 00 03 00 00 00 0e 00 00 2b e8 2f 70 77 6d  ..........+./pwm
000113a0: 40 66 66 32 30 38 30 31 30 00 00 00 00 00 00 03  @ff208010.......
000113b0: 00 00 00 0e 00 00 2b ed 2f 70 77 6d 40 66 66 32  ......+./pwm@ff2
000113c0: 30 38 30 32 30 00 00 00 00 00 00 03 00 00 00 0e  08020...........
000113d0: 00 00 2b f2 2f 70 77 6d 40 66 66 32 30 38 30 33  ..+./pwm@ff20803
000113e0: 30 00 00 00 00 00 00 03 00 00 00 12 00 00 2b f7  0.............+.
000113f0: 2f 72 6b 74 69 6d 65 72 40 66 66 32 31 30 30 30  /rktimer@ff21000
00011400: 30 00 00 00 00 00 00 03 00 00 00 14 00 00 2b ff  0.............+.
00011410: 2f 61 6d 62 61 2f 64 6d 61 63 40 66 66 32 34 30  /amba/dmac@ff240
00011420: 30 30 30 00 00 00 00 03 00 00 00 0f 00 00 2c 04  000...........,.
00011430: 2f 74 68 65 72 6d 61 6c 2d 7a 6f 6e 65 73 00 00  /thermal-zones..
00011440: 00 00 00 03 00 00 00 1b 00 00 2c 12 2f 74 68 65  ..........,./the
00011450: 72 6d 61 6c 2d 7a 6f 6e 65 73 2f 73 6f 63 2d 74  rmal-zones/soc-t
00011460: 68 65 72 6d 61 6c 00 00 00 00 00 03 00 00 00 2e  hermal..........
00011470: 00 00 1f 53 2f 74 68 65 72 6d 61 6c 2d 7a 6f 6e  ...S/thermal-zon
00011480: 65 73 2f 73 6f 63 2d 74 68 65 72 6d 61 6c 2f 74  es/soc-thermal/t
00011490: 72 69 70 73 2f 74 72 69 70 2d 70 6f 69 6e 74 2d  rips/trip-point-
000114a0: 30 00 00 00 00 00 00 03 00 00 00 2e 00 00 2c 1e  0.............,.
000114b0: 2f 74 68 65 72 6d 61 6c 2d 7a 6f 6e 65 73 2f 73  /thermal-zones/s
000114c0: 6f 63 2d 74 68 65 72 6d 61 6c 2f 74 72 69 70 73  oc-thermal/trips
000114d0: 2f 74 72 69 70 2d 70 6f 69 6e 74 2d 31 00 00 00  /trip-point-1...
000114e0: 00 00 00 03 00 00 00 2a 00 00 2c 25 2f 74 68 65  .......*..,%/the
000114f0: 72 6d 61 6c 2d 7a 6f 6e 65 73 2f 73 6f 63 2d 74  rmal-zones/soc-t
00011500: 68 65 72 6d 61 6c 2f 74 72 69 70 73 2f 73 6f 63  hermal/trips/soc
00011510: 2d 63 72 69 74 00 00 00 00 00 00 03 00 00 00 1b  -crit...........
00011520: 00 00 2c 2e 2f 74 68 65 72 6d 61 6c 2d 7a 6f 6e  ..,./thermal-zon
00011530: 65 73 2f 67 70 75 2d 74 68 65 72 6d 61 6c 00 00  es/gpu-thermal..
00011540: 00 00 00 03 00 00 00 10 00 00 2c 3a 2f 74 73 61  ..........,:/tsa
00011550: 64 63 40 66 66 32 38 30 30 30 30 00 00 00 00 03  dc@ff280000.....
00011560: 00 00 00 11 00 00 2c 40 2f 73 61 72 61 64 63 40  ......,@/saradc@
00011570: 66 66 32 38 38 30 30 30 00 00 00 00 00 00 00 03  ff288000........
00011580: 00 00 00 0e 00 00 2c 47 2f 6f 74 70 40 66 66 32  ......,G/otp@ff2
00011590: 39 30 30 30 30 00 00 00 00 00 00 03 00 00 00 13  90000...........
000115a0: 00 00 2c 4b 2f 6f 74 70 40 66 66 32 39 30 30 30  ..,K/otp@ff29000
000115b0: 30 2f 69 64 40 37 00 00 00 00 00 03 00 00 00 1d  0/id@7..........
000115c0: 00 00 2c 52 2f 6f 74 70 40 66 66 32 39 30 30 30  ..,R/otp@ff29000
000115d0: 30 2f 63 70 75 2d 6c 65 61 6b 61 67 65 40 31 37  0/cpu-leakage@17
000115e0: 00 00 00 00 00 00 00 03 00 00 00 1d 00 00 2c 5e  ..............,^
000115f0: 2f 6f 74 70 40 66 66 32 39 30 30 30 30 2f 70 65  /otp@ff290000/pe
00011600: 72 66 6f 72 6d 61 6e 63 65 40 31 65 00 00 00 00  rformance@1e....
00011610: 00 00 00 03 00 00 00 1b 00 00 19 40 2f 63 6c 6f  ...........@/clo
00011620: 63 6b 2d 63 6f 6e 74 72 6f 6c 6c 65 72 40 66 66  ck-controller@ff
00011630: 32 62 30 30 30 30 00 00 00 00 00 03 00 00 00 14  2b0000..........
00011640: 00 00 2c 6a 2f 63 70 75 2d 62 6f 6f 73 74 40 66  ..,j/cpu-boost@f
00011650: 66 32 62 38 30 30 30 00 00 00 00 03 00 00 00 1f  f2b8000.........
00011660: 00 00 2c 74 2f 70 6d 75 2d 63 6c 6f 63 6b 2d 63  ..,t/pmu-clock-c
00011670: 6f 6e 74 72 6f 6c 6c 65 72 40 66 66 32 62 63 30  ontroller@ff2bc0
00011680: 30 30 00 00 00 00 00 03 00 00 00 11 00 00 2c 7b  00............,{
00011690: 2f 73 79 73 63 6f 6e 40 66 66 32 63 30 30 30 30  /syscon@ff2c0000
000116a0: 00 00 00 00 00 00 00 03 00 00 00 1e 00 00 2c 87  ..............,.
000116b0: 2f 73 79 73 63 6f 6e 40 66 66 32 63 30 30 30 30  /syscon@ff2c0000
000116c0: 2f 75 73 62 32 2d 70 68 79 40 31 30 30 00 00 00  /usb2-phy@100...
000116d0: 00 00 00 03 00 00 00 28 00 00 2c 8d 2f 73 79 73  .......(..,./sys
000116e0: 63 6f 6e 40 66 66 32 63 30 30 30 30 2f 75 73 62  con@ff2c0000/usb
000116f0: 32 2d 70 68 79 40 31 30 30 2f 68 6f 73 74 2d 70  2-phy@100/host-p
00011700: 6f 72 74 00 00 00 00 03 00 00 00 27 00 00 2c 98  ort........'..,.
00011710: 2f 73 79 73 63 6f 6e 40 66 66 32 63 30 30 30 30  /syscon@ff2c0000
00011720: 2f 75 73 62 32 2d 70 68 79 40 31 30 30 2f 6f 74  /usb2-phy@100/ot
00011730: 67 2d 70 6f 72 74 00 00 00 00 00 03 00 00 00 14  g-port..........
00011740: 00 00 2c a2 2f 76 69 64 65 6f 2d 70 68 79 40 66  ..,./video-phy@f
00011750: 66 32 65 30 30 30 30 00 00 00 00 03 00 00 00 18  f2e0000.........
00011760: 00 00 2c ac 2f 6d 69 70 69 2d 64 70 68 79 2d 72  ..,./mipi-dphy-r
00011770: 78 30 40 66 66 32 66 30 30 30 30 00 00 00 00 03  x0@ff2f0000.....
00011780: 00 00 00 0e 00 00 2c ba 2f 75 73 62 40 66 66 33  ......,./usb@ff3
00011790: 30 30 30 30 30 00 00 00 00 00 00 03 00 00 00 0e  00000...........
000117a0: 00 00 2c c4 2f 75 73 62 40 66 66 33 34 30 30 30  ..,./usb@ff34000
000117b0: 30 00 00 00 00 00 00 03 00 00 00 0e 00 00 2c d3  0.............,.
000117c0: 2f 75 73 62 40 66 66 33 35 30 30 30 30 00 00 00  /usb@ff350000...
000117d0: 00 00 00 03 00 00 00 13 00 00 2c e2 2f 65 74 68  ..........,./eth
000117e0: 65 72 6e 65 74 40 66 66 33 36 30 30 30 30 00 00  ernet@ff360000..
000117f0: 00 00 00 03 00 00 00 10 00 00 2c e7 2f 64 77 6d  ..........,./dwm
00011800: 6d 63 40 66 66 33 37 30 30 30 30 00 00 00 00 03  mc@ff370000.....
00011810: 00 00 00 10 00 00 2c ed 2f 64 77 6d 6d 63 40 66  ......,./dwmmc@f
00011820: 66 33 38 30 30 30 30 00 00 00 00 03 00 00 00 10  f380000.........
00011830: 00 00 2c f2 2f 64 77 6d 6d 63 40 66 66 33 39 30  ..,./dwmmc@ff390
00011840: 30 30 30 00 00 00 00 03 00 00 00 10 00 00 2c f7  000...........,.
00011850: 2f 6e 61 6e 64 63 40 66 66 33 62 30 30 30 30 00  /nandc@ff3b0000.
00011860: 00 00 00 03 00 00 00 0e 00 00 2c fe 2f 73 66 63  ..........,./sfc
00011870: 40 66 66 33 61 30 30 30 30 00 00 00 00 00 00 03  @ff3a0000.......
00011880: 00 00 00 0e 00 00 2d 02 2f 67 70 75 40 66 66 34  ......-./gpu@ff4
00011890: 30 30 30 30 30 00 00 00 00 00 00 03 00 00 00 0f  00000...........
000118a0: 00 00 2d 06 2f 67 70 75 2d 6f 70 70 2d 74 61 62  ..-./gpu-opp-tab
000118b0: 6c 65 00 00 00 00 00 03 00 00 00 17 00 00 2d 14  le............-.
000118c0: 2f 68 65 76 63 5f 73 65 72 76 69 63 65 40 66 66  /hevc_service@ff
000118d0: 34 34 30 30 30 30 00 00 00 00 00 03 00 00 00 16  440000..........
000118e0: 00 00 2d 19 2f 76 70 75 5f 73 65 72 76 69 63 65  ..-./vpu_service
000118f0: 40 66 66 34 34 32 30 30 30 00 00 00 00 00 00 03  @ff442000.......
00011900: 00 00 00 0b 00 00 2d 1d 2f 76 70 75 5f 63 6f 6d  ......-./vpu_com
00011910: 62 6f 00 00 00 00 00 03 00 00 00 10 00 00 2d 27  bo............-'
00011920: 2f 69 6f 6d 6d 75 40 66 66 34 34 30 34 34 30 00  /iommu@ff440440.
00011930: 00 00 00 03 00 00 00 10 00 00 2d 30 2f 69 6f 6d  ..........-0/iom
00011940: 6d 75 40 66 66 34 34 32 38 30 30 00 00 00 00 03  mu@ff442800.....
00011950: 00 00 00 0e 00 00 29 ef 2f 64 73 69 40 66 66 34  ......)./dsi@ff4
00011960: 35 30 30 30 30 00 00 00 00 00 00 03 00 00 00 26  50000..........&
00011970: 00 00 2d 38 2f 64 73 69 40 66 66 34 35 30 30 30  ..-8/dsi@ff45000
00011980: 30 2f 70 6f 72 74 73 2f 70 6f 72 74 40 30 2f 65  0/ports/port@0/e
00011990: 6e 64 70 6f 69 6e 74 40 30 00 00 00 00 00 00 03  ndpoint@0.......
000119a0: 00 00 00 2d 00 00 2d 44 2f 64 73 69 40 66 66 34  ...-..-D/dsi@ff4
000119b0: 35 30 30 30 30 2f 70 61 6e 65 6c 40 30 2f 64 69  50000/panel@0/di
000119c0: 73 70 6c 61 79 2d 74 69 6d 69 6e 67 73 2f 61 64  splay-timings/ad
000119d0: 6a 75 73 74 00 00 00 00 00 00 00 03 00 00 00 2d  just...........-
000119e0: 00 00 2d 4c 2f 64 73 69 40 66 66 34 35 30 30 30  ..-L/dsi@ff45000
000119f0: 30 2f 70 61 6e 65 6c 40 30 2f 64 69 73 70 6c 61  0/panel@0/displa
00011a00: 79 2d 74 69 6d 69 6e 67 73 2f 6f 72 69 67 69 6e  y-timings/origin
00011a10: 00 00 00 00 00 00 00 03 00 00 00 0e 00 00 2a 7b  ..............*{
00011a20: 2f 76 6f 70 40 66 66 34 36 30 30 30 30 00 00 00  /vop@ff460000...
00011a30: 00 00 00 03 00 00 00 13 00 00 2d 54 2f 76 6f 70  ..........-T/vop
00011a40: 40 66 66 34 36 30 30 30 30 2f 70 6f 72 74 00 00  @ff460000/port..
00011a50: 00 00 00 03 00 00 00 1e 00 00 2d 5d 2f 76 6f 70  ..........-]/vop
00011a60: 40 66 66 34 36 30 30 30 30 2f 70 6f 72 74 2f 65  @ff460000/port/e
00011a70: 6e 64 70 6f 69 6e 74 40 30 00 00 00 00 00 00 03  ndpoint@0.......
00011a80: 00 00 00 1e 00 00 2d 6b 2f 76 6f 70 40 66 66 34  ......-k/vop@ff4
00011a90: 36 30 30 30 30 2f 70 6f 72 74 2f 65 6e 64 70 6f  60000/port/endpo
00011aa0: 69 6e 74 40 31 00 00 00 00 00 00 03 00 00 00 1e  int@1...........
00011ab0: 00 00 2d 78 2f 76 6f 70 40 66 66 34 36 30 30 30  ..-x/vop@ff46000
00011ac0: 30 2f 70 6f 72 74 2f 65 6e 64 70 6f 69 6e 74 40  0/port/endpoint@
00011ad0: 32 00 00 00 00 00 00 03 00 00 00 10 00 00 2d 85  2.............-.
00011ae0: 2f 69 6f 6d 6d 75 40 66 66 34 36 30 66 30 30 00  /iommu@ff460f00.
00011af0: 00 00 00 03 00 00 00 11 00 00 2d 8e 2f 72 6b 5f  ..........-./rk_
00011b00: 72 67 61 40 66 66 34 38 30 30 30 30 00 00 00 00  rga@ff480000....
00011b10: 00 00 00 03 00 00 00 0e 00 00 2d 95 2f 63 69 66  ..........-./cif
00011b20: 40 66 66 34 39 30 30 30 30 00 00 00 00 00 00 03  @ff490000.......
00011b30: 00 00 00 12 00 00 2d 99 2f 63 69 66 2d 6e 65 77  ......-./cif-new
00011b40: 40 66 66 34 39 30 30 30 30 00 00 00 00 00 00 03  @ff490000.......
00011b50: 00 00 00 10 00 00 2d a1 2f 69 6f 6d 6d 75 40 66  ......-./iommu@f
00011b60: 66 34 39 30 38 30 30 00 00 00 00 03 00 00 00 11  f490800.........
00011b70: 00 00 2d a9 2f 72 6b 5f 69 73 70 40 66 66 34 61  ..-./rk_isp@ff4a
00011b80: 30 30 30 30 00 00 00 00 00 00 00 03 00 00 00 11  0000............
00011b90: 00 00 2d b0 2f 72 6b 69 73 70 31 40 66 66 34 61  ..-./rkisp1@ff4a
00011ba0: 30 30 30 30 00 00 00 00 00 00 00 03 00 00 00 10  0000............
00011bb0: 00 00 2d b7 2f 69 6f 6d 6d 75 40 66 66 34 61 38  ..-./iommu@ff4a8
00011bc0: 30 30 30 00 00 00 00 03 00 00 00 0e 00 00 2d bf  000...........-.
00011bd0: 2f 71 6f 73 40 66 66 35 31 38 30 30 30 00 00 00  /qos@ff518000...
00011be0: 00 00 00 03 00 00 00 0e 00 00 2d c8 2f 71 6f 73  ..........-./qos
00011bf0: 40 66 66 35 32 30 30 30 30 00 00 00 00 00 00 03  @ff520000.......
00011c00: 00 00 00 0e 00 00 2d d0 2f 71 6f 73 40 66 66 35  ......-./qos@ff5
00011c10: 32 63 30 30 30 00 00 00 00 00 00 03 00 00 00 0e  2c000...........
00011c20: 00 00 2d da 2f 71 6f 73 40 66 66 35 33 38 30 30  ..-./qos@ff53800
00011c30: 30 00 00 00 00 00 00 03 00 00 00 0e 00 00 2d e3  0.............-.
00011c40: 2f 71 6f 73 40 66 66 35 33 38 30 38 30 00 00 00  /qos@ff538080...
00011c50: 00 00 00 03 00 00 00 0e 00 00 2d ec 2f 71 6f 73  ..........-./qos
00011c60: 40 66 66 35 33 38 31 30 30 00 00 00 00 00 00 03  @ff538100.......
00011c70: 00 00 00 0e 00 00 2d f5 2f 71 6f 73 40 66 66 35  ......-./qos@ff5
00011c80: 33 38 31 38 30 00 00 00 00 00 00 03 00 00 00 0e  38180...........
00011c90: 00 00 2d fd 2f 71 6f 73 40 66 66 35 34 30 30 30  ..-./qos@ff54000
00011ca0: 30 00 00 00 00 00 00 03 00 00 00 0e 00 00 2e 0a  0...............
00011cb0: 2f 71 6f 73 40 66 66 35 34 30 30 38 30 00 00 00  /qos@ff540080...
00011cc0: 00 00 00 03 00 00 00 0e 00 00 2e 16 2f 71 6f 73  ............/qos
00011cd0: 40 66 66 35 34 38 30 30 30 00 00 00 00 00 00 03  @ff548000.......
00011ce0: 00 00 00 0e 00 00 2e 22 2f 71 6f 73 40 66 66 35  ......."/qos@ff5
00011cf0: 34 38 30 38 30 00 00 00 00 00 00 03 00 00 00 0e  48080...........
00011d00: 00 00 2e 2d 2f 71 6f 73 40 66 66 35 34 38 31 30  ...-/qos@ff54810
00011d10: 30 00 00 00 00 00 00 03 00 00 00 0e 00 00 2e 38  0..............8
00011d20: 2f 71 6f 73 40 66 66 35 34 38 31 38 30 00 00 00  /qos@ff548180...
00011d30: 00 00 00 03 00 00 00 0e 00 00 2e 43 2f 71 6f 73  ...........C/qos
00011d40: 40 66 66 35 34 38 32 30 30 00 00 00 00 00 00 03  @ff548200.......
00011d50: 00 00 00 0e 00 00 2e 4b 2f 71 6f 73 40 66 66 35  .......K/qos@ff5
00011d60: 35 30 30 30 30 00 00 00 00 00 00 03 00 00 00 0e  50000...........
00011d70: 00 00 2e 56 2f 71 6f 73 40 66 66 35 35 30 30 38  ...V/qos@ff55008
00011d80: 30 00 00 00 00 00 00 03 00 00 00 0e 00 00 2e 61  0..............a
00011d90: 2f 71 6f 73 40 66 66 35 35 30 31 30 30 00 00 00  /qos@ff550100...
00011da0: 00 00 00 03 00 00 00 0e 00 00 2e 6c 2f 71 6f 73  ...........l/qos
00011db0: 40 66 66 35 35 30 31 38 30 00 00 00 00 00 00 03  @ff550180.......
00011dc0: 00 00 00 0e 00 00 2e 77 2f 71 6f 73 40 66 66 35  .......w/qos@ff5
00011dd0: 35 38 30 30 30 00 00 00 00 00 00 03 00 00 00 0e  58000...........
00011de0: 00 00 2e 7f 2f 71 6f 73 40 66 66 35 35 38 30 38  ..../qos@ff55808
00011df0: 30 00 00 00 00 00 00 03 00 00 00 0e 00 00 2e 8c  0...............
00011e00: 2f 64 66 69 40 66 66 36 31 30 30 30 30 00 00 00  /dfi@ff610000...
00011e10: 00 00 00 03 00 00 00 05 00 00 2e 90 2f 64 6d 63  ............/dmc
00011e20: 00 00 00 00 00 00 00 03 00 00 00 15 00 00 2e 94  ................
00011e30: 2f 64 6d 63 2f 64 64 72 5f 70 6f 77 65 72 5f 6d  /dmc/ddr_power_m
00011e40: 6f 64 65 6c 00 00 00 00 00 00 00 03 00 00 00 0f  odel............
00011e50: 00 00 2e a4 2f 64 6d 63 2d 6f 70 70 2d 74 61 62  ..../dmc-opp-tab
00011e60: 6c 65 00 00 00 00 00 03 00 00 00 19 00 00 2e b2  le..............
00011e70: 2f 72 6f 63 6b 63 68 69 70 2d 73 79 73 74 65 6d  /rockchip-system
00011e80: 2d 6d 6f 6e 69 74 6f 72 00 00 00 00 00 00 00 03  -monitor........
00011e90: 00 00 00 09 00 00 2e ca 2f 70 69 6e 63 74 72 6c  ......../pinctrl
00011ea0: 00 00 00 00 00 00 00 03 00 00 00 18 00 00 2e d2  ................
00011eb0: 2f 70 69 6e 63 74 72 6c 2f 67 70 69 6f 30 40 66  /pinctrl/gpio0@f
00011ec0: 66 30 34 30 30 30 30 00 00 00 00 03 00 00 00 18  f040000.........
00011ed0: 00 00 2a d0 2f 70 69 6e 63 74 72 6c 2f 67 70 69  ..*./pinctrl/gpi
00011ee0: 6f 31 40 66 66 32 35 30 30 30 30 00 00 00 00 03  o1@ff250000.....
00011ef0: 00 00 00 18 00 00 2a df 2f 70 69 6e 63 74 72 6c  ......*./pinctrl
00011f00: 2f 67 70 69 6f 32 40 66 66 32 36 30 30 30 30 00  /gpio2@ff260000.
00011f10: 00 00 00 03 00 00 00 18 00 00 2e d8 2f 70 69 6e  ............/pin
00011f20: 63 74 72 6c 2f 67 70 69 6f 33 40 66 66 32 37 30  ctrl/gpio3@ff270
00011f30: 30 30 30 00 00 00 00 03 00 00 00 16 00 00 2e de  000.............
00011f40: 2f 70 69 6e 63 74 72 6c 2f 70 63 66 67 2d 70 75  /pinctrl/pcfg-pu
00011f50: 6c 6c 2d 75 70 00 00 00 00 00 00 03 00 00 00 18  ll-up...........
00011f60: 00 00 2e eb 2f 70 69 6e 63 74 72 6c 2f 70 63 66  ..../pinctrl/pcf
00011f70: 67 2d 70 75 6c 6c 2d 64 6f 77 6e 00 00 00 00 03  g-pull-down.....
00011f80: 00 00 00 18 00 00 2e fa 2f 70 69 6e 63 74 72 6c  ......../pinctrl
00011f90: 2f 70 63 66 67 2d 70 75 6c 6c 2d 6e 6f 6e 65 00  /pcfg-pull-none.
00011fa0: 00 00 00 03 00 00 00 1c 00 00 2f 09 2f 70 69 6e  .........././pin
00011fb0: 63 74 72 6c 2f 70 63 66 67 2d 70 75 6c 6c 2d 6e  ctrl/pcfg-pull-n
00011fc0: 6f 6e 65 2d 32 6d 61 00 00 00 00 03 00 00 00 1a  one-2ma.........
00011fd0: 00 00 2f 1c 2f 70 69 6e 63 74 72 6c 2f 70 63 66  .././pinctrl/pcf
00011fe0: 67 2d 70 75 6c 6c 2d 75 70 2d 32 6d 61 00 00 00  g-pull-up-2ma...
00011ff0: 00 00 00 03 00 00 00 1a 00 00 2f 2d 2f 70 69 6e  ........../-/pin
00012000: 63 74 72 6c 2f 70 63 66 67 2d 70 75 6c 6c 2d 75  ctrl/pcfg-pull-u
00012010: 70 2d 34 6d 61 00 00 00 00 00 00 03 00 00 00 1c  p-4ma...........
00012020: 00 00 2f 3e 2f 70 69 6e 63 74 72 6c 2f 70 63 66  ../>/pinctrl/pcf
00012030: 67 2d 70 75 6c 6c 2d 6e 6f 6e 65 2d 34 6d 61 00  g-pull-none-4ma.
00012040: 00 00 00 03 00 00 00 1c 00 00 2f 51 2f 70 69 6e  ........../Q/pin
00012050: 63 74 72 6c 2f 70 63 66 67 2d 70 75 6c 6c 2d 64  ctrl/pcfg-pull-d
00012060: 6f 77 6e 2d 34 6d 61 00 00 00 00 03 00 00 00 1c  own-4ma.........
00012070: 00 00 2f 64 2f 70 69 6e 63 74 72 6c 2f 70 63 66  ../d/pinctrl/pcf
00012080: 67 2d 70 75 6c 6c 2d 6e 6f 6e 65 2d 38 6d 61 00  g-pull-none-8ma.
00012090: 00 00 00 03 00 00 00 1a 00 00 2f 77 2f 70 69 6e  ........../w/pin
000120a0: 63 74 72 6c 2f 70 63 66 67 2d 70 75 6c 6c 2d 75  ctrl/pcfg-pull-u
000120b0: 70 2d 38 6d 61 00 00 00 00 00 00 03 00 00 00 1d  p-8ma...........
000120c0: 00 00 2f 88 2f 70 69 6e 63 74 72 6c 2f 70 63 66  .././pinctrl/pcf
000120d0: 67 2d 70 75 6c 6c 2d 6e 6f 6e 65 2d 31 32 6d 61  g-pull-none-12ma
000120e0: 00 00 00 00 00 00 00 03 00 00 00 1b 00 00 2f 9c  ............../.
000120f0: 2f 70 69 6e 63 74 72 6c 2f 70 63 66 67 2d 70 75  /pinctrl/pcfg-pu
00012100: 6c 6c 2d 75 70 2d 31 32 6d 61 00 00 00 00 00 03  ll-up-12ma......
00012110: 00 00 00 1c 00 00 2f ae 2f 70 69 6e 63 74 72 6c  .....././pinctrl
00012120: 2f 70 63 66 67 2d 70 75 6c 6c 2d 6e 6f 6e 65 2d  /pcfg-pull-none-
00012130: 73 6d 74 00 00 00 00 03 00 00 00 1a 00 00 2f c1  smt.........../.
00012140: 2f 70 69 6e 63 74 72 6c 2f 70 63 66 67 2d 6f 75  /pinctrl/pcfg-ou
00012150: 74 70 75 74 2d 68 69 67 68 00 00 00 00 00 00 03  tput-high.......
00012160: 00 00 00 19 00 00 2f d2 2f 70 69 6e 63 74 72 6c  .....././pinctrl
00012170: 2f 70 63 66 67 2d 6f 75 74 70 75 74 2d 6c 6f 77  /pcfg-output-low
00012180: 00 00 00 00 00 00 00 03 00 00 00 19 00 00 2f e2  ............../.
00012190: 2f 70 69 6e 63 74 72 6c 2f 70 63 66 67 2d 69 6e  /pinctrl/pcfg-in
000121a0: 70 75 74 2d 68 69 67 68 00 00 00 00 00 00 00 03  put-high........
000121b0: 00 00 00 14 00 00 2f f2 2f 70 69 6e 63 74 72 6c  .....././pinctrl
000121c0: 2f 70 63 66 67 2d 69 6e 70 75 74 00 00 00 00 03  /pcfg-input.....
000121d0: 00 00 00 18 00 00 2f fd 2f 70 69 6e 63 74 72 6c  .....././pinctrl
000121e0: 2f 69 32 63 30 2f 69 32 63 30 2d 78 66 65 72 00  /i2c0/i2c0-xfer.
000121f0: 00 00 00 03 00 00 00 18 00 00 30 07 2f 70 69 6e  ..........0./pin
00012200: 63 74 72 6c 2f 69 32 63 31 2f 69 32 63 31 2d 78  ctrl/i2c1/i2c1-x
00012210: 66 65 72 00 00 00 00 03 00 00 00 18 00 00 30 11  fer...........0.
00012220: 2f 70 69 6e 63 74 72 6c 2f 69 32 63 32 2f 69 32  /pinctrl/i2c2/i2
00012230: 63 32 2d 78 66 65 72 00 00 00 00 03 00 00 00 18  c2-xfer.........
00012240: 00 00 30 1b 2f 70 69 6e 63 74 72 6c 2f 69 32 63  ..0./pinctrl/i2c
00012250: 33 2f 69 32 63 33 2d 78 66 65 72 00 00 00 00 03  3/i2c3-xfer.....
00012260: 00 00 00 1e 00 00 30 25 2f 70 69 6e 63 74 72 6c  ......0%/pinctrl
00012270: 2f 74 73 61 64 63 2f 74 73 61 64 63 2d 6f 74 70  /tsadc/tsadc-otp
00012280: 2d 67 70 69 6f 00 00 00 00 00 00 03 00 00 00 1d  -gpio...........
00012290: 00 00 30 34 2f 70 69 6e 63 74 72 6c 2f 74 73 61  ..04/pinctrl/tsa
000122a0: 64 63 2f 74 73 61 64 63 2d 6f 74 70 2d 6f 75 74  dc/tsadc-otp-out
000122b0: 00 00 00 00 00 00 00 03 00 00 00 1a 00 00 30 42  ..............0B
000122c0: 2f 70 69 6e 63 74 72 6c 2f 75 61 72 74 30 2f 75  /pinctrl/uart0/u
000122d0: 61 72 74 30 2d 78 66 65 72 00 00 00 00 00 00 03  art0-xfer.......
000122e0: 00 00 00 19 00 00 30 4d 2f 70 69 6e 63 74 72 6c  ......0M/pinctrl
000122f0: 2f 75 61 72 74 30 2f 75 61 72 74 30 2d 63 74 73  /uart0/uart0-cts
00012300: 00 00 00 00 00 00 00 03 00 00 00 19 00 00 30 57  ..............0W
00012310: 2f 70 69 6e 63 74 72 6c 2f 75 61 72 74 30 2f 75  /pinctrl/uart0/u
00012320: 61 72 74 30 2d 72 74 73 00 00 00 00 00 00 00 03  art0-rts........
00012330: 00 00 00 1e 00 00 30 61 2f 70 69 6e 63 74 72 6c  ......0a/pinctrl
00012340: 2f 75 61 72 74 30 2f 75 61 72 74 30 2d 72 74 73  /uart0/uart0-rts
00012350: 2d 67 70 69 6f 00 00 00 00 00 00 03 00 00 00 1a  -gpio...........
00012360: 00 00 30 70 2f 70 69 6e 63 74 72 6c 2f 75 61 72  ..0p/pinctrl/uar
00012370: 74 31 2f 75 61 72 74 31 2d 78 66 65 72 00 00 00  t1/uart1-xfer...
00012380: 00 00 00 03 00 00 00 19 00 00 30 7b 2f 70 69 6e  ..........0{/pin
00012390: 63 74 72 6c 2f 75 61 72 74 31 2f 75 61 72 74 31  ctrl/uart1/uart1
000123a0: 2d 63 74 73 00 00 00 00 00 00 00 03 00 00 00 19  -cts............
000123b0: 00 00 30 85 2f 70 69 6e 63 74 72 6c 2f 75 61 72  ..0./pinctrl/uar
000123c0: 74 31 2f 75 61 72 74 31 2d 72 74 73 00 00 00 00  t1/uart1-rts....
000123d0: 00 00 00 03 00 00 00 1e 00 00 30 8f 2f 70 69 6e  ..........0./pin
000123e0: 63 74 72 6c 2f 75 61 72 74 31 2f 75 61 72 74 31  ctrl/uart1/uart1
000123f0: 2d 72 74 73 2d 67 70 69 6f 00 00 00 00 00 00 03  -rts-gpio.......
00012400: 00 00 00 1f 00 00 30 9e 2f 70 69 6e 63 74 72 6c  ......0./pinctrl
00012410: 2f 75 61 72 74 32 2d 6d 30 2f 75 61 72 74 32 6d  /uart2-m0/uart2m
00012420: 30 2d 78 66 65 72 00 00 00 00 00 03 00 00 00 1f  0-xfer..........
00012430: 00 00 30 ab 2f 70 69 6e 63 74 72 6c 2f 75 61 72  ..0./pinctrl/uar
00012440: 74 32 2d 6d 31 2f 75 61 72 74 32 6d 31 2d 78 66  t2-m1/uart2m1-xf
00012450: 65 72 00 00 00 00 00 03 00 00 00 1f 00 00 30 b8  er............0.
00012460: 2f 70 69 6e 63 74 72 6c 2f 75 61 72 74 33 2d 6d  /pinctrl/uart3-m
00012470: 30 2f 75 61 72 74 33 6d 30 2d 78 66 65 72 00 00  0/uart3m0-xfer..
00012480: 00 00 00 03 00 00 00 1e 00 00 30 c5 2f 70 69 6e  ..........0./pin
00012490: 63 74 72 6c 2f 75 61 72 74 33 2d 6d 30 2f 75 61  ctrl/uart3-m0/ua
000124a0: 72 74 33 6d 30 2d 63 74 73 00 00 00 00 00 00 03  rt3m0-cts.......
000124b0: 00 00 00 1e 00 00 30 d1 2f 70 69 6e 63 74 72 6c  ......0./pinctrl
000124c0: 2f 75 61 72 74 33 2d 6d 30 2f 75 61 72 74 33 6d  /uart3-m0/uart3m
000124d0: 30 2d 72 74 73 00 00 00 00 00 00 03 00 00 00 23  0-rts..........#
000124e0: 00 00 30 dd 2f 70 69 6e 63 74 72 6c 2f 75 61 72  ..0./pinctrl/uar
000124f0: 74 33 2d 6d 30 2f 75 61 72 74 33 6d 30 2d 72 74  t3-m0/uart3m0-rt
00012500: 73 2d 67 70 69 6f 00 00 00 00 00 03 00 00 00 1f  s-gpio..........
00012510: 00 00 30 ee 2f 70 69 6e 63 74 72 6c 2f 75 61 72  ..0./pinctrl/uar
00012520: 74 33 2d 6d 31 2f 75 61 72 74 33 6d 31 2d 78 66  t3-m1/uart3m1-xf
00012530: 65 72 00 00 00 00 00 03 00 00 00 1e 00 00 30 fb  er............0.
00012540: 2f 70 69 6e 63 74 72 6c 2f 75 61 72 74 33 2d 6d  /pinctrl/uart3-m
00012550: 31 2f 75 61 72 74 33 6d 31 2d 63 74 73 00 00 00  1/uart3m1-cts...
00012560: 00 00 00 03 00 00 00 1e 00 00 31 07 2f 70 69 6e  ..........1./pin
00012570: 63 74 72 6c 2f 75 61 72 74 33 2d 6d 31 2f 75 61  ctrl/uart3-m1/ua
00012580: 72 74 33 6d 31 2d 72 74 73 00 00 00 00 00 00 03  rt3m1-rts.......
00012590: 00 00 00 23 00 00 31 13 2f 70 69 6e 63 74 72 6c  ...#..1./pinctrl
000125a0: 2f 75 61 72 74 33 2d 6d 31 2f 75 61 72 74 33 6d  /uart3-m1/uart3m
000125b0: 31 2d 72 74 73 2d 67 70 69 6f 00 00 00 00 00 03  1-rts-gpio......
000125c0: 00 00 00 1a 00 00 31 24 2f 70 69 6e 63 74 72 6c  ......1$/pinctrl
000125d0: 2f 75 61 72 74 34 2f 75 61 72 74 34 2d 78 66 65  /uart4/uart4-xfe
000125e0: 72 00 00 00 00 00 00 03 00 00 00 19 00 00 31 2f  r.............1/
000125f0: 2f 70 69 6e 63 74 72 6c 2f 75 61 72 74 34 2f 75  /pinctrl/uart4/u
00012600: 61 72 74 34 2d 63 74 73 00 00 00 00 00 00 00 03  art4-cts........
00012610: 00 00 00 19 00 00 31 39 2f 70 69 6e 63 74 72 6c  ......19/pinctrl
00012620: 2f 75 61 72 74 34 2f 75 61 72 74 34 2d 72 74 73  /uart4/uart4-rts
00012630: 00 00 00 00 00 00 00 03 00 00 00 1a 00 00 31 43  ..............1C
00012640: 2f 70 69 6e 63 74 72 6c 2f 75 61 72 74 35 2f 75  /pinctrl/uart5/u
00012650: 61 72 74 35 2d 78 66 65 72 00 00 00 00 00 00 03  art5-xfer.......
00012660: 00 00 00 19 00 00 31 4e 2f 70 69 6e 63 74 72 6c  ......1N/pinctrl
00012670: 2f 75 61 72 74 35 2f 75 61 72 74 35 2d 63 74 73  /uart5/uart5-cts
00012680: 00 00 00 00 00 00 00 03 00 00 00 19 00 00 31 58  ..............1X
00012690: 2f 70 69 6e 63 74 72 6c 2f 75 61 72 74 35 2f 75  /pinctrl/uart5/u
000126a0: 61 72 74 35 2d 72 74 73 00 00 00 00 00 00 00 03  art5-rts........
000126b0: 00 00 00 17 00 00 31 62 2f 70 69 6e 63 74 72 6c  ......1b/pinctrl
000126c0: 2f 73 70 69 30 2f 73 70 69 30 2d 63 6c 6b 00 00  /spi0/spi0-clk..
000126d0: 00 00 00 03 00 00 00 17 00 00 31 6b 2f 70 69 6e  ..........1k/pin
000126e0: 63 74 72 6c 2f 73 70 69 30 2f 73 70 69 30 2d 63  ctrl/spi0/spi0-c
000126f0: 73 6e 00 00 00 00 00 03 00 00 00 18 00 00 31 74  sn............1t
00012700: 2f 70 69 6e 63 74 72 6c 2f 73 70 69 30 2f 73 70  /pinctrl/spi0/sp
00012710: 69 30 2d 6d 69 73 6f 00 00 00 00 03 00 00 00 18  i0-miso.........
00012720: 00 00 31 7e 2f 70 69 6e 63 74 72 6c 2f 73 70 69  ..1~/pinctrl/spi
00012730: 30 2f 73 70 69 30 2d 6d 6f 73 69 00 00 00 00 03  0/spi0-mosi.....
00012740: 00 00 00 1a 00 00 31 88 2f 70 69 6e 63 74 72 6c  ......1./pinctrl
00012750: 2f 73 70 69 30 2f 73 70 69 30 2d 63 6c 6b 2d 68  /spi0/spi0-clk-h
00012760: 73 00 00 00 00 00 00 03 00 00 00 1b 00 00 31 94  s.............1.
00012770: 2f 70 69 6e 63 74 72 6c 2f 73 70 69 30 2f 73 70  /pinctrl/spi0/sp
00012780: 69 30 2d 6d 69 73 6f 2d 68 73 00 00 00 00 00 03  i0-miso-hs......
00012790: 00 00 00 1b 00 00 31 a1 2f 70 69 6e 63 74 72 6c  ......1./pinctrl
000127a0: 2f 73 70 69 30 2f 73 70 69 30 2d 6d 6f 73 69 2d  /spi0/spi0-mosi-
000127b0: 68 73 00 00 00 00 00 03 00 00 00 17 00 00 31 ae  hs............1.
000127c0: 2f 70 69 6e 63 74 72 6c 2f 73 70 69 31 2f 73 70  /pinctrl/spi1/sp
000127d0: 69 31 2d 63 6c 6b 00 00 00 00 00 03 00 00 00 18  i1-clk..........
000127e0: 00 00 31 b7 2f 70 69 6e 63 74 72 6c 2f 73 70 69  ..1./pinctrl/spi
000127f0: 31 2f 73 70 69 31 2d 63 73 6e 30 00 00 00 00 03  1/spi1-csn0.....
00012800: 00 00 00 18 00 00 31 c1 2f 70 69 6e 63 74 72 6c  ......1./pinctrl
00012810: 2f 73 70 69 31 2f 73 70 69 31 2d 63 73 6e 31 00  /spi1/spi1-csn1.
00012820: 00 00 00 03 00 00 00 18 00 00 31 cb 2f 70 69 6e  ..........1./pin
00012830: 63 74 72 6c 2f 73 70 69 31 2f 73 70 69 31 2d 6d  ctrl/spi1/spi1-m
00012840: 69 73 6f 00 00 00 00 03 00 00 00 18 00 00 31 d5  iso...........1.
00012850: 2f 70 69 6e 63 74 72 6c 2f 73 70 69 31 2f 73 70  /pinctrl/spi1/sp
00012860: 69 31 2d 6d 6f 73 69 00 00 00 00 03 00 00 00 1a  i1-mosi.........
00012870: 00 00 31 df 2f 70 69 6e 63 74 72 6c 2f 73 70 69  ..1./pinctrl/spi
00012880: 31 2f 73 70 69 31 2d 63 6c 6b 2d 68 73 00 00 00  1/spi1-clk-hs...
00012890: 00 00 00 03 00 00 00 1b 00 00 31 eb 2f 70 69 6e  ..........1./pin
000128a0: 63 74 72 6c 2f 73 70 69 31 2f 73 70 69 31 2d 6d  ctrl/spi1/spi1-m
000128b0: 69 73 6f 2d 68 73 00 00 00 00 00 03 00 00 00 1b  iso-hs..........
000128c0: 00 00 31 f8 2f 70 69 6e 63 74 72 6c 2f 73 70 69  ..1./pinctrl/spi
000128d0: 31 2f 73 70 69 31 2d 6d 6f 73 69 2d 68 73 00 00  1/spi1-mosi-hs..
000128e0: 00 00 00 03 00 00 00 18 00 00 32 05 2f 70 69 6e  ..........2./pin
000128f0: 63 74 72 6c 2f 70 64 6d 2f 70 64 6d 2d 63 6c 6b  ctrl/pdm/pdm-clk
00012900: 30 6d 30 00 00 00 00 03 00 00 00 18 00 00 32 10  0m0...........2.
00012910: 2f 70 69 6e 63 74 72 6c 2f 70 64 6d 2f 70 64 6d  /pinctrl/pdm/pdm
00012920: 2d 63 6c 6b 30 6d 31 00 00 00 00 03 00 00 00 16  -clk0m1.........
00012930: 00 00 32 1b 2f 70 69 6e 63 74 72 6c 2f 70 64 6d  ..2./pinctrl/pdm
00012940: 2f 70 64 6d 2d 63 6c 6b 31 00 00 00 00 00 00 03  /pdm-clk1.......
00012950: 00 00 00 18 00 00 32 24 2f 70 69 6e 63 74 72 6c  ......2$/pinctrl
00012960: 2f 70 64 6d 2f 70 64 6d 2d 73 64 69 30 6d 30 00  /pdm/pdm-sdi0m0.
00012970: 00 00 00 03 00 00 00 18 00 00 32 2f 2f 70 69 6e  ..........2//pin
00012980: 63 74 72 6c 2f 70 64 6d 2f 70 64 6d 2d 73 64 69  ctrl/pdm/pdm-sdi
00012990: 30 6d 31 00 00 00 00 03 00 00 00 16 00 00 32 3a  0m1...........2:
000129a0: 2f 70 69 6e 63 74 72 6c 2f 70 64 6d 2f 70 64 6d  /pinctrl/pdm/pdm
000129b0: 2d 73 64 69 31 00 00 00 00 00 00 03 00 00 00 16  -sdi1...........
000129c0: 00 00 32 43 2f 70 69 6e 63 74 72 6c 2f 70 64 6d  ..2C/pinctrl/pdm
000129d0: 2f 70 64 6d 2d 73 64 69 32 00 00 00 00 00 00 03  /pdm-sdi2.......
000129e0: 00 00 00 16 00 00 32 4c 2f 70 69 6e 63 74 72 6c  ......2L/pinctrl
000129f0: 2f 70 64 6d 2f 70 64 6d 2d 73 64 69 33 00 00 00  /pdm/pdm-sdi3...
00012a00: 00 00 00 03 00 00 00 1e 00 00 32 55 2f 70 69 6e  ..........2U/pin
00012a10: 63 74 72 6c 2f 70 64 6d 2f 70 64 6d 2d 63 6c 6b  ctrl/pdm/pdm-clk
00012a20: 30 6d 30 2d 73 6c 65 65 70 00 00 00 00 00 00 03  0m0-sleep.......
00012a30: 00 00 00 1e 00 00 32 66 2f 70 69 6e 63 74 72 6c  ......2f/pinctrl
00012a40: 2f 70 64 6d 2f 70 64 6d 2d 63 6c 6b 30 6d 31 2d  /pdm/pdm-clk0m1-
00012a50: 73 6c 65 65 70 00 00 00 00 00 00 03 00 00 00 1c  sleep...........
00012a60: 00 00 32 77 2f 70 69 6e 63 74 72 6c 2f 70 64 6d  ..2w/pinctrl/pdm
00012a70: 2f 70 64 6d 2d 63 6c 6b 31 2d 73 6c 65 65 70 00  /pdm-clk1-sleep.
00012a80: 00 00 00 03 00 00 00 1e 00 00 32 86 2f 70 69 6e  ..........2./pin
00012a90: 63 74 72 6c 2f 70 64 6d 2f 70 64 6d 2d 73 64 69  ctrl/pdm/pdm-sdi
00012aa0: 30 6d 30 2d 73 6c 65 65 70 00 00 00 00 00 00 03  0m0-sleep.......
00012ab0: 00 00 00 1e 00 00 32 97 2f 70 69 6e 63 74 72 6c  ......2./pinctrl
00012ac0: 2f 70 64 6d 2f 70 64 6d 2d 73 64 69 30 6d 31 2d  /pdm/pdm-sdi0m1-
00012ad0: 73 6c 65 65 70 00 00 00 00 00 00 03 00 00 00 1c  sleep...........
00012ae0: 00 00 32 a8 2f 70 69 6e 63 74 72 6c 2f 70 64 6d  ..2./pinctrl/pdm
00012af0: 2f 70 64 6d 2d 73 64 69 31 2d 73 6c 65 65 70 00  /pdm-sdi1-sleep.
00012b00: 00 00 00 03 00 00 00 1c 00 00 32 b7 2f 70 69 6e  ..........2./pin
00012b10: 63 74 72 6c 2f 70 64 6d 2f 70 64 6d 2d 73 64 69  ctrl/pdm/pdm-sdi
00012b20: 32 2d 73 6c 65 65 70 00 00 00 00 03 00 00 00 1c  2-sleep.........
00012b30: 00 00 32 c6 2f 70 69 6e 63 74 72 6c 2f 70 64 6d  ..2./pinctrl/pdm
00012b40: 2f 70 64 6d 2d 73 64 69 33 2d 73 6c 65 65 70 00  /pdm-sdi3-sleep.
00012b50: 00 00 00 03 00 00 00 1c 00 00 32 d5 2f 70 69 6e  ..........2./pin
00012b60: 63 74 72 6c 2f 69 32 73 30 2f 69 32 73 30 2d 38  ctrl/i2s0/i2s0-8
00012b70: 63 68 2d 6d 63 6c 6b 00 00 00 00 03 00 00 00 1e  ch-mclk.........
00012b80: 00 00 32 e3 2f 70 69 6e 63 74 72 6c 2f 69 32 73  ..2./pinctrl/i2s
00012b90: 30 2f 69 32 73 30 2d 38 63 68 2d 73 63 6c 6b 74  0/i2s0-8ch-sclkt
00012ba0: 78 00 00 00 00 00 00 03 00 00 00 1e 00 00 32 f3  x.............2.
00012bb0: 2f 70 69 6e 63 74 72 6c 2f 69 32 73 30 2f 69 32  /pinctrl/i2s0/i2
00012bc0: 73 30 2d 38 63 68 2d 73 63 6c 6b 72 78 00 00 00  s0-8ch-sclkrx...
00012bd0: 00 00 00 03 00 00 00 1e 00 00 33 03 2f 70 69 6e  ..........3./pin
00012be0: 63 74 72 6c 2f 69 32 73 30 2f 69 32 73 30 2d 38  ctrl/i2s0/i2s0-8
00012bf0: 63 68 2d 6c 72 63 6b 74 78 00 00 00 00 00 00 03  ch-lrcktx.......
00012c00: 00 00 00 1e 00 00 33 13 2f 70 69 6e 63 74 72 6c  ......3./pinctrl
00012c10: 2f 69 32 73 30 2f 69 32 73 30 2d 38 63 68 2d 6c  /i2s0/i2s0-8ch-l
00012c20: 72 63 6b 72 78 00 00 00 00 00 00 03 00 00 00 1c  rckrx...........
00012c30: 00 00 33 23 2f 70 69 6e 63 74 72 6c 2f 69 32 73  ..3#/pinctrl/i2s
00012c40: 30 2f 69 32 73 30 2d 38 63 68 2d 73 64 6f 30 00  0/i2s0-8ch-sdo0.
00012c50: 00 00 00 03 00 00 00 1c 00 00 33 31 2f 70 69 6e  ..........31/pin
00012c60: 63 74 72 6c 2f 69 32 73 30 2f 69 32 73 30 2d 38  ctrl/i2s0/i2s0-8
00012c70: 63 68 2d 73 64 6f 31 00 00 00 00 03 00 00 00 1c  ch-sdo1.........
00012c80: 00 00 33 3f 2f 70 69 6e 63 74 72 6c 2f 69 32 73  ..3?/pinctrl/i2s
00012c90: 30 2f 69 32 73 30 2d 38 63 68 2d 73 64 6f 32 00  0/i2s0-8ch-sdo2.
00012ca0: 00 00 00 03 00 00 00 1c 00 00 33 4d 2f 70 69 6e  ..........3M/pin
00012cb0: 63 74 72 6c 2f 69 32 73 30 2f 69 32 73 30 2d 38  ctrl/i2s0/i2s0-8
00012cc0: 63 68 2d 73 64 6f 33 00 00 00 00 03 00 00 00 1c  ch-sdo3.........
00012cd0: 00 00 33 5b 2f 70 69 6e 63 74 72 6c 2f 69 32 73  ..3[/pinctrl/i2s
00012ce0: 30 2f 69 32 73 30 2d 38 63 68 2d 73 64 69 30 00  0/i2s0-8ch-sdi0.
00012cf0: 00 00 00 03 00 00 00 1c 00 00 33 69 2f 70 69 6e  ..........3i/pin
00012d00: 63 74 72 6c 2f 69 32 73 30 2f 69 32 73 30 2d 38  ctrl/i2s0/i2s0-8
00012d10: 63 68 2d 73 64 69 31 00 00 00 00 03 00 00 00 1c  ch-sdi1.........
00012d20: 00 00 33 77 2f 70 69 6e 63 74 72 6c 2f 69 32 73  ..3w/pinctrl/i2s
00012d30: 30 2f 69 32 73 30 2d 38 63 68 2d 73 64 69 32 00  0/i2s0-8ch-sdi2.
00012d40: 00 00 00 03 00 00 00 1c 00 00 33 85 2f 70 69 6e  ..........3./pin
00012d50: 63 74 72 6c 2f 69 32 73 30 2f 69 32 73 30 2d 38  ctrl/i2s0/i2s0-8
00012d60: 63 68 2d 73 64 69 33 00 00 00 00 03 00 00 00 1c  ch-sdi3.........
00012d70: 00 00 33 93 2f 70 69 6e 63 74 72 6c 2f 69 32 73  ..3./pinctrl/i2s
00012d80: 31 2f 69 32 73 31 2d 32 63 68 2d 6d 63 6c 6b 00  1/i2s1-2ch-mclk.
00012d90: 00 00 00 03 00 00 00 1c 00 00 33 a1 2f 70 69 6e  ..........3./pin
00012da0: 63 74 72 6c 2f 69 32 73 31 2f 69 32 73 31 2d 32  ctrl/i2s1/i2s1-2
00012db0: 63 68 2d 73 63 6c 6b 00 00 00 00 03 00 00 00 1c  ch-sclk.........
00012dc0: 00 00 33 af 2f 70 69 6e 63 74 72 6c 2f 69 32 73  ..3./pinctrl/i2s
00012dd0: 31 2f 69 32 73 31 2d 32 63 68 2d 6c 72 63 6b 00  1/i2s1-2ch-lrck.
00012de0: 00 00 00 03 00 00 00 1b 00 00 33 bd 2f 70 69 6e  ..........3./pin
00012df0: 63 74 72 6c 2f 69 32 73 31 2f 69 32 73 31 2d 32  ctrl/i2s1/i2s1-2
00012e00: 63 68 2d 73 64 69 00 00 00 00 00 03 00 00 00 1b  ch-sdi..........
00012e10: 00 00 33 ca 2f 70 69 6e 63 74 72 6c 2f 69 32 73  ..3./pinctrl/i2s
00012e20: 31 2f 69 32 73 31 2d 32 63 68 2d 73 64 6f 00 00  1/i2s1-2ch-sdo..
00012e30: 00 00 00 03 00 00 00 1c 00 00 33 d7 2f 70 69 6e  ..........3./pin
00012e40: 63 74 72 6c 2f 69 32 73 32 2f 69 32 73 32 2d 32  ctrl/i2s2/i2s2-2
00012e50: 63 68 2d 6d 63 6c 6b 00 00 00 00 03 00 00 00 1c  ch-mclk.........
00012e60: 00 00 33 e5 2f 70 69 6e 63 74 72 6c 2f 69 32 73  ..3./pinctrl/i2s
00012e70: 32 2f 69 32 73 32 2d 32 63 68 2d 73 63 6c 6b 00  2/i2s2-2ch-sclk.
00012e80: 00 00 00 03 00 00 00 1c 00 00 33 f3 2f 70 69 6e  ..........3./pin
00012e90: 63 74 72 6c 2f 69 32 73 32 2f 69 32 73 32 2d 32  ctrl/i2s2/i2s2-2
00012ea0: 63 68 2d 6c 72 63 6b 00 00 00 00 03 00 00 00 1b  ch-lrck.........
00012eb0: 00 00 34 01 2f 70 69 6e 63 74 72 6c 2f 69 32 73  ..4./pinctrl/i2s
00012ec0: 32 2f 69 32 73 32 2d 32 63 68 2d 73 64 69 00 00  2/i2s2-2ch-sdi..
00012ed0: 00 00 00 03 00 00 00 1b 00 00 34 0e 2f 70 69 6e  ..........4./pin
00012ee0: 63 74 72 6c 2f 69 32 73 32 2f 69 32 73 32 2d 32  ctrl/i2s2/i2s2-2
00012ef0: 63 68 2d 73 64 6f 00 00 00 00 00 03 00 00 00 19  ch-sdo..........
00012f00: 00 00 34 1b 2f 70 69 6e 63 74 72 6c 2f 73 64 6d  ..4./pinctrl/sdm
00012f10: 6d 63 2f 73 64 6d 6d 63 2d 63 6c 6b 00 00 00 00  mc/sdmmc-clk....
00012f20: 00 00 00 03 00 00 00 19 00 00 34 25 2f 70 69 6e  ..........4%/pin
00012f30: 63 74 72 6c 2f 73 64 6d 6d 63 2f 73 64 6d 6d 63  ctrl/sdmmc/sdmmc
00012f40: 2d 63 6d 64 00 00 00 00 00 00 00 03 00 00 00 19  -cmd............
00012f50: 00 00 34 2f 2f 70 69 6e 63 74 72 6c 2f 73 64 6d  ..4//pinctrl/sdm
00012f60: 6d 63 2f 73 64 6d 6d 63 2d 64 65 74 00 00 00 00  mc/sdmmc-det....
00012f70: 00 00 00 03 00 00 00 1a 00 00 34 39 2f 70 69 6e  ..........49/pin
00012f80: 63 74 72 6c 2f 73 64 6d 6d 63 2f 73 64 6d 6d 63  ctrl/sdmmc/sdmmc
00012f90: 2d 62 75 73 31 00 00 00 00 00 00 03 00 00 00 1a  -bus1...........
00012fa0: 00 00 34 44 2f 70 69 6e 63 74 72 6c 2f 73 64 6d  ..4D/pinctrl/sdm
00012fb0: 6d 63 2f 73 64 6d 6d 63 2d 62 75 73 34 00 00 00  mc/sdmmc-bus4...
00012fc0: 00 00 00 03 00 00 00 1a 00 00 34 4f 2f 70 69 6e  ..........4O/pin
00012fd0: 63 74 72 6c 2f 73 64 6d 6d 63 2f 73 64 6d 6d 63  ctrl/sdmmc/sdmmc
00012fe0: 2d 67 70 69 6f 00 00 00 00 00 00 03 00 00 00 17  -gpio...........
00012ff0: 00 00 34 5a 2f 70 69 6e 63 74 72 6c 2f 73 64 69  ..4Z/pinctrl/sdi
00013000: 6f 2f 73 64 69 6f 2d 63 6c 6b 00 00 00 00 00 03  o/sdio-clk......
00013010: 00 00 00 17 00 00 34 63 2f 70 69 6e 63 74 72 6c  ......4c/pinctrl
00013020: 2f 73 64 69 6f 2f 73 64 69 6f 2d 63 6d 64 00 00  /sdio/sdio-cmd..
00013030: 00 00 00 03 00 00 00 18 00 00 34 6c 2f 70 69 6e  ..........4l/pin
00013040: 63 74 72 6c 2f 73 64 69 6f 2f 73 64 69 6f 2d 62  ctrl/sdio/sdio-b
00013050: 75 73 34 00 00 00 00 03 00 00 00 18 00 00 34 76  us4...........4v
00013060: 2f 70 69 6e 63 74 72 6c 2f 73 64 69 6f 2f 73 64  /pinctrl/sdio/sd
00013070: 69 6f 2d 67 70 69 6f 00 00 00 00 03 00 00 00 17  io-gpio.........
00013080: 00 00 34 80 2f 70 69 6e 63 74 72 6c 2f 65 6d 6d  ..4./pinctrl/emm
00013090: 63 2f 65 6d 6d 63 2d 63 6c 6b 00 00 00 00 00 03  c/emmc-clk......
000130a0: 00 00 00 17 00 00 34 89 2f 70 69 6e 63 74 72 6c  ......4./pinctrl
000130b0: 2f 65 6d 6d 63 2f 65 6d 6d 63 2d 63 6d 64 00 00  /emmc/emmc-cmd..
000130c0: 00 00 00 03 00 00 00 19 00 00 34 92 2f 70 69 6e  ..........4./pin
000130d0: 63 74 72 6c 2f 65 6d 6d 63 2f 65 6d 6d 63 2d 70  ctrl/emmc/emmc-p
000130e0: 77 72 65 6e 00 00 00 00 00 00 00 03 00 00 00 1b  wren............
000130f0: 00 00 34 9d 2f 70 69 6e 63 74 72 6c 2f 65 6d 6d  ..4./pinctrl/emm
00013100: 63 2f 65 6d 6d 63 2d 72 73 74 6e 6f 75 74 00 00  c/emmc-rstnout..
00013110: 00 00 00 03 00 00 00 18 00 00 34 aa 2f 70 69 6e  ..........4./pin
00013120: 63 74 72 6c 2f 65 6d 6d 63 2f 65 6d 6d 63 2d 62  ctrl/emmc/emmc-b
00013130: 75 73 31 00 00 00 00 03 00 00 00 18 00 00 34 b4  us1...........4.
00013140: 2f 70 69 6e 63 74 72 6c 2f 65 6d 6d 63 2f 65 6d  /pinctrl/emmc/em
00013150: 6d 63 2d 62 75 73 34 00 00 00 00 03 00 00 00 18  mc-bus4.........
00013160: 00 00 34 be 2f 70 69 6e 63 74 72 6c 2f 65 6d 6d  ..4./pinctrl/emm
00013170: 63 2f 65 6d 6d 63 2d 62 75 73 38 00 00 00 00 03  c/emmc-bus8.....
00013180: 00 00 00 19 00 00 34 c8 2f 70 69 6e 63 74 72 6c  ......4./pinctrl
00013190: 2f 66 6c 61 73 68 2f 66 6c 61 73 68 2d 63 73 30  /flash/flash-cs0
000131a0: 00 00 00 00 00 00 00 03 00 00 00 19 00 00 34 d2  ..............4.
000131b0: 2f 70 69 6e 63 74 72 6c 2f 66 6c 61 73 68 2f 66  /pinctrl/flash/f
000131c0: 6c 61 73 68 2d 72 64 79 00 00 00 00 00 00 00 03  lash-rdy........
000131d0: 00 00 00 19 00 00 34 dc 2f 70 69 6e 63 74 72 6c  ......4./pinctrl
000131e0: 2f 66 6c 61 73 68 2f 66 6c 61 73 68 2d 64 71 73  /flash/flash-dqs
000131f0: 00 00 00 00 00 00 00 03 00 00 00 19 00 00 34 e6  ..............4.
00013200: 2f 70 69 6e 63 74 72 6c 2f 66 6c 61 73 68 2f 66  /pinctrl/flash/f
00013210: 6c 61 73 68 2d 61 6c 65 00 00 00 00 00 00 00 03  lash-ale........
00013220: 00 00 00 19 00 00 34 f0 2f 70 69 6e 63 74 72 6c  ......4./pinctrl
00013230: 2f 66 6c 61 73 68 2f 66 6c 61 73 68 2d 63 6c 65  /flash/flash-cle
00013240: 00 00 00 00 00 00 00 03 00 00 00 19 00 00 34 fa  ..............4.
00013250: 2f 70 69 6e 63 74 72 6c 2f 66 6c 61 73 68 2f 66  /pinctrl/flash/f
00013260: 6c 61 73 68 2d 77 72 6e 00 00 00 00 00 00 00 03  lash-wrn........
00013270: 00 00 00 19 00 00 35 04 2f 70 69 6e 63 74 72 6c  ......5./pinctrl
00013280: 2f 66 6c 61 73 68 2f 66 6c 61 73 68 2d 63 73 6c  /flash/flash-csl
00013290: 00 00 00 00 00 00 00 03 00 00 00 19 00 00 35 0e  ..............5.
000132a0: 2f 70 69 6e 63 74 72 6c 2f 66 6c 61 73 68 2f 66  /pinctrl/flash/f
000132b0: 6c 61 73 68 2d 72 64 6e 00 00 00 00 00 00 00 03  lash-rdn........
000132c0: 00 00 00 1a 00 00 35 18 2f 70 69 6e 63 74 72 6c  ......5./pinctrl
000132d0: 2f 66 6c 61 73 68 2f 66 6c 61 73 68 2d 62 75 73  /flash/flash-bus
000132e0: 38 00 00 00 00 00 00 03 00 00 00 1f 00 00 35 23  8.............5#
000132f0: 2f 70 69 6e 63 74 72 6c 2f 6c 63 64 63 2f 6c 63  /pinctrl/lcdc/lc
00013300: 64 63 2d 6d 30 2d 72 67 62 2d 70 69 6e 73 00 00  dc-m0-rgb-pins..
00013310: 00 00 00 03 00 00 00 21 00 00 35 34 2f 70 69 6e  .......!..54/pin
00013320: 63 74 72 6c 2f 6c 63 64 63 2f 6c 63 64 63 2d 6d  ctrl/lcdc/lcdc-m
00013330: 30 2d 73 6c 65 65 70 2d 70 69 6e 73 00 00 00 00  0-sleep-pins....
00013340: 00 00 00 03 00 00 00 1f 00 00 35 47 2f 70 69 6e  ..........5G/pin
00013350: 63 74 72 6c 2f 6c 63 64 63 2f 6c 63 64 63 2d 6d  ctrl/lcdc/lcdc-m
00013360: 31 2d 72 67 62 2d 70 69 6e 73 00 00 00 00 00 03  1-rgb-pins......
00013370: 00 00 00 21 00 00 35 58 2f 70 69 6e 63 74 72 6c  ...!..5X/pinctrl
00013380: 2f 6c 63 64 63 2f 6c 63 64 63 2d 6d 31 2d 73 6c  /lcdc/lcdc-m1-sl
00013390: 65 65 70 2d 70 69 6e 73 00 00 00 00 00 00 00 03  eep-pins........
000133a0: 00 00 00 17 00 00 35 6b 2f 70 69 6e 63 74 72 6c  ......5k/pinctrl
000133b0: 2f 70 77 6d 30 2f 70 77 6d 30 2d 70 69 6e 00 00  /pwm0/pwm0-pin..
000133c0: 00 00 00 03 00 00 00 17 00 00 35 74 2f 70 69 6e  ..........5t/pin
000133d0: 63 74 72 6c 2f 70 77 6d 31 2f 70 77 6d 31 2d 70  ctrl/pwm1/pwm1-p
000133e0: 69 6e 00 00 00 00 00 03 00 00 00 17 00 00 35 7d  in............5}
000133f0: 2f 70 69 6e 63 74 72 6c 2f 70 77 6d 32 2f 70 77  /pinctrl/pwm2/pw
00013400: 6d 32 2d 70 69 6e 00 00 00 00 00 03 00 00 00 17  m2-pin..........
00013410: 00 00 35 86 2f 70 69 6e 63 74 72 6c 2f 70 77 6d  ..5./pinctrl/pwm
00013420: 33 2f 70 77 6d 33 2d 70 69 6e 00 00 00 00 00 03  3/pwm3-pin......
00013430: 00 00 00 17 00 00 35 8f 2f 70 69 6e 63 74 72 6c  ......5./pinctrl
00013440: 2f 70 77 6d 34 2f 70 77 6d 34 2d 70 69 6e 00 00  /pwm4/pwm4-pin..
00013450: 00 00 00 03 00 00 00 17 00 00 35 98 2f 70 69 6e  ..........5./pin
00013460: 63 74 72 6c 2f 70 77 6d 35 2f 70 77 6d 35 2d 70  ctrl/pwm5/pwm5-p
00013470: 69 6e 00 00 00 00 00 03 00 00 00 17 00 00 35 a1  in............5.
00013480: 2f 70 69 6e 63 74 72 6c 2f 70 77 6d 36 2f 70 77  /pinctrl/pwm6/pw
00013490: 6d 36 2d 70 69 6e 00 00 00 00 00 03 00 00 00 17  m6-pin..........
000134a0: 00 00 35 aa 2f 70 69 6e 63 74 72 6c 2f 70 77 6d  ..5./pinctrl/pwm
000134b0: 37 2f 70 77 6d 37 2d 70 69 6e 00 00 00 00 00 03  7/pwm7-pin......
000134c0: 00 00 00 18 00 00 35 b3 2f 70 69 6e 63 74 72 6c  ......5./pinctrl
000134d0: 2f 67 6d 61 63 2f 72 6d 69 69 2d 70 69 6e 73 00  /gmac/rmii-pins.
000134e0: 00 00 00 03 00 00 00 1e 00 00 35 bd 2f 70 69 6e  ..........5./pin
000134f0: 63 74 72 6c 2f 67 6d 61 63 2f 6d 61 63 2d 72 65  ctrl/gmac/mac-re
00013500: 66 63 6c 6b 2d 31 32 6d 61 00 00 00 00 00 00 03  fclk-12ma.......
00013510: 00 00 00 19 00 00 35 cd 2f 70 69 6e 63 74 72 6c  ......5./pinctrl
00013520: 2f 67 6d 61 63 2f 6d 61 63 2d 72 65 66 63 6c 6b  /gmac/mac-refclk
00013530: 00 00 00 00 00 00 00 03 00 00 00 1e 00 00 35 d8  ..............5.
00013540: 2f 70 69 6e 63 74 72 6c 2f 63 69 66 2d 6d 30 2f  /pinctrl/cif-m0/
00013550: 63 69 66 2d 63 6c 6b 6f 75 74 2d 6d 30 00 00 00  cif-clkout-m0...
00013560: 00 00 00 03 00 00 00 1c 00 00 35 e6 2f 70 69 6e  ..........5./pin
00013570: 63 74 72 6c 2f 63 69 66 2d 6d 30 2f 64 76 70 2d  ctrl/cif-m0/dvp-
00013580: 64 32 64 39 2d 6d 30 00 00 00 00 03 00 00 00 1c  d2d9-m0.........
00013590: 00 00 35 f2 2f 70 69 6e 63 74 72 6c 2f 63 69 66  ..5./pinctrl/cif
000135a0: 2d 6d 30 2f 64 76 70 2d 64 30 64 31 2d 6d 30 00  -m0/dvp-d0d1-m0.
000135b0: 00 00 00 03 00 00 00 1b 00 00 35 fe 2f 70 69 6e  ..........5./pin
000135c0: 63 74 72 6c 2f 63 69 66 2d 6d 30 2f 64 31 30 2d  ctrl/cif-m0/d10-
000135d0: 64 31 31 2d 6d 30 00 00 00 00 00 03 00 00 00 1e  d11-m0..........
000135e0: 00 00 36 0c 2f 70 69 6e 63 74 72 6c 2f 63 69 66  ..6./pinctrl/cif
000135f0: 2d 6d 31 2f 63 69 66 2d 63 6c 6b 6f 75 74 2d 6d  -m1/cif-clkout-m
00013600: 31 00 00 00 00 00 00 03 00 00 00 1c 00 00 36 1a  1.............6.
00013610: 2f 70 69 6e 63 74 72 6c 2f 63 69 66 2d 6d 31 2f  /pinctrl/cif-m1/
00013620: 64 76 70 2d 64 32 64 39 2d 6d 31 00 00 00 00 03  dvp-d2d9-m1.....
00013630: 00 00 00 1c 00 00 36 26 2f 70 69 6e 63 74 72 6c  ......6&/pinctrl
00013640: 2f 63 69 66 2d 6d 31 2f 64 76 70 2d 64 30 64 31  /cif-m1/dvp-d0d1
00013650: 2d 6d 31 00 00 00 00 03 00 00 00 1b 00 00 36 32  -m1...........62
00013660: 2f 70 69 6e 63 74 72 6c 2f 63 69 66 2d 6d 31 2f  /pinctrl/cif-m1/
00013670: 64 31 30 2d 64 31 31 2d 6d 31 00 00 00 00 00 03  d10-d11-m1......
00013680: 00 00 00 1a 00 00 36 40 2f 70 69 6e 63 74 72 6c  ......6@/pinctrl
00013690: 2f 69 73 70 2f 69 73 70 2d 70 72 65 6c 69 67 68  /isp/isp-preligh
000136a0: 74 00 00 00 00 00 00 03 00 00 00 17 00 00 36 4d  t.............6M
000136b0: 2f 70 69 6e 63 74 72 6c 2f 70 6d 69 63 2f 70 6d  /pinctrl/pmic/pm
000136c0: 69 63 5f 69 6e 74 00 00 00 00 00 03 00 00 00 1e  ic_int..........
000136d0: 00 00 36 56 2f 70 69 6e 63 74 72 6c 2f 70 6d 69  ..6V/pinctrl/pmi
000136e0: 63 2f 73 6f 63 5f 73 6c 70 70 69 6e 5f 67 70 69  c/soc_slppin_gpi
000136f0: 6f 00 00 00 00 00 00 03 00 00 00 1d 00 00 36 66  o.............6f
00013700: 2f 70 69 6e 63 74 72 6c 2f 70 6d 69 63 2f 73 6f  /pinctrl/pmic/so
00013710: 63 5f 73 6c 70 70 69 6e 5f 73 6c 70 00 00 00 00  c_slppin_slp....
00013720: 00 00 00 03 00 00 00 1d 00 00 36 75 2f 70 69 6e  ..........6u/pin
00013730: 63 74 72 6c 2f 70 6d 69 63 2f 73 6f 63 5f 73 6c  ctrl/pmic/soc_sl
00013740: 70 70 69 6e 5f 72 73 74 00 00 00 00 00 00 00 03  ppin_rst........
00013750: 00 00 00 17 00 00 36 84 2f 70 69 6e 63 74 72 6c  ......6./pinctrl
00013760: 2f 62 74 6e 73 2f 62 74 6e 2d 70 69 6e 73 00 00  /btns/btn-pins..
00013770: 00 00 00 03 00 00 00 1a 00 00 36 8d 2f 70 69 6e  ..........6./pin
00013780: 63 74 72 6c 2f 68 65 61 64 70 68 6f 6e 65 2f 68  ctrl/headphone/h
00013790: 70 2d 64 65 74 00 00 00 00 00 00 03 00 00 00 23  p-det..........#
000137a0: 00 00 36 94 2f 72 65 73 65 72 76 65 64 2d 6d 65  ..6./reserved-me
000137b0: 6d 6f 72 79 2f 64 72 6d 2d 6c 6f 67 6f 40 30 30  mory/drm-logo@00
000137c0: 30 30 30 30 30 30 00 00 00 00 00 03 00 00 00 1f  000000..........
000137d0: 00 00 36 9d 2f 72 65 73 65 72 76 65 64 2d 6d 65  ..6./reserved-me
000137e0: 6d 6f 72 79 2f 72 65 67 69 6f 6e 40 31 31 30 30  mory/region@1100
000137f0: 30 30 00 00 00 00 00 03 00 00 00 0c 00 00 36 a9  00............6.
00013800: 2f 72 67 33 35 31 2d 6b 65 79 73 00 00 00 00 03  /rg351-keys.....
00013810: 00 00 00 12 00 00 36 b2 2f 6f 64 72 6f 69 64 67  ......6./odroidg
00013820: 6f 33 2d 6a 6f 79 70 61 64 00 00 00 00 00 00 03  o3-joypad.......
00013830: 00 00 00 0b 00 00 21 99 2f 62 61 63 6b 6c 69 67  ......!./backlig
00013840: 68 74 00 00 00 00 00 03 00 00 00 12 00 00 36 b9  ht............6.
00013850: 2f 61 72 6b 6f 73 34 63 6c 6f 6e 65 2d 6c 65 64  /arkos4clone-led
00013860: 73 00 00 00 00 00 00 03 00 00 00 08 00 00 36 be  s.............6.
00013870: 2f 76 63 63 73 79 73 00 00 00 00 03 00 00 00 0b  /vccsys.........
00013880: 00 00 36 c5 2f 76 62 75 73 5f 68 6f 73 74 00 00  ..6./vbus_host..
00013890: 00 00 00 02 00 00 00 02 00 00 00 09 63 6f 6d 70  ............comp
000138a0: 61 74 69 62 6c 65 00 69 6e 74 65 72 72 75 70 74  atible.interrupt
000138b0: 2d 70 61 72 65 6e 74 00 23 61 64 64 72 65 73 73  -parent.#address
000138c0: 2d 63 65 6c 6c 73 00 23 73 69 7a 65 2d 63 65 6c  -cells.#size-cel
000138d0: 6c 73 00 6d 6f 64 65 6c 00 64 64 72 32 5f 73 70  ls.model.ddr2_sp
000138e0: 65 65 64 5f 62 69 6e 00 64 64 72 33 5f 73 70 65  eed_bin.ddr3_spe
000138f0: 65 64 5f 62 69 6e 00 64 64 72 34 5f 73 70 65 65  ed_bin.ddr4_spee
00013900: 64 5f 62 69 6e 00 70 64 5f 69 64 6c 65 00 73 72  d_bin.pd_idle.sr
00013910: 5f 69 64 6c 65 00 73 72 5f 6d 63 5f 67 61 74 65  _idle.sr_mc_gate
00013920: 5f 69 64 6c 65 00 73 72 70 64 5f 6c 69 74 65 5f  _idle.srpd_lite_
00013930: 69 64 6c 65 00 73 74 61 6e 64 62 79 5f 69 64 6c  idle.standby_idl
00013940: 65 00 61 75 74 6f 5f 70 64 5f 64 69 73 5f 66 72  e.auto_pd_dis_fr
00013950: 65 71 00 61 75 74 6f 5f 73 72 5f 64 69 73 5f 66  eq.auto_sr_dis_f
00013960: 72 65 71 00 64 64 72 32 5f 64 6c 6c 5f 64 69 73  req.ddr2_dll_dis
00013970: 5f 66 72 65 71 00 64 64 72 33 5f 64 6c 6c 5f 64  _freq.ddr3_dll_d
00013980: 69 73 5f 66 72 65 71 00 64 64 72 34 5f 64 6c 6c  is_freq.ddr4_dll
00013990: 5f 64 69 73 5f 66 72 65 71 00 70 68 79 5f 64 6c  _dis_freq.phy_dl
000139a0: 6c 5f 64 69 73 5f 66 72 65 71 00 64 64 72 32 5f  l_dis_freq.ddr2_
000139b0: 6f 64 74 5f 64 69 73 5f 66 72 65 71 00 70 68 79  odt_dis_freq.phy
000139c0: 5f 64 64 72 32 5f 6f 64 74 5f 64 69 73 5f 66 72  _ddr2_odt_dis_fr
000139d0: 65 71 00 64 64 72 32 5f 64 72 76 00 64 64 72 32  eq.ddr2_drv.ddr2
000139e0: 5f 6f 64 74 00 70 68 79 5f 64 64 72 32 5f 63 61  _odt.phy_ddr2_ca
000139f0: 5f 64 72 76 00 70 68 79 5f 64 64 72 32 5f 63 6b  _drv.phy_ddr2_ck
00013a00: 5f 64 72 76 00 70 68 79 5f 64 64 72 32 5f 64 71  _drv.phy_ddr2_dq
00013a10: 5f 64 72 76 00 70 68 79 5f 64 64 72 32 5f 6f 64  _drv.phy_ddr2_od
00013a20: 74 00 64 64 72 33 5f 6f 64 74 5f 64 69 73 5f 66  t.ddr3_odt_dis_f
00013a30: 72 65 71 00 70 68 79 5f 64 64 72 33 5f 6f 64 74  req.phy_ddr3_odt
00013a40: 5f 64 69 73 5f 66 72 65 71 00 64 64 72 33 5f 64  _dis_freq.ddr3_d
00013a50: 72 76 00 64 64 72 33 5f 6f 64 74 00 70 68 79 5f  rv.ddr3_odt.phy_
00013a60: 64 64 72 33 5f 63 61 5f 64 72 76 00 70 68 79 5f  ddr3_ca_drv.phy_
00013a70: 64 64 72 33 5f 63 6b 5f 64 72 76 00 70 68 79 5f  ddr3_ck_drv.phy_
00013a80: 64 64 72 33 5f 64 71 5f 64 72 76 00 70 68 79 5f  ddr3_dq_drv.phy_
00013a90: 64 64 72 33 5f 6f 64 74 00 70 68 79 5f 6c 70 64  ddr3_odt.phy_lpd
00013aa0: 64 72 32 5f 6f 64 74 5f 64 69 73 5f 66 72 65 71  dr2_odt_dis_freq
00013ab0: 00 6c 70 64 64 72 32 5f 64 72 76 00 70 68 79 5f  .lpddr2_drv.phy_
00013ac0: 6c 70 64 64 72 32 5f 63 61 5f 64 72 76 00 70 68  lpddr2_ca_drv.ph
00013ad0: 79 5f 6c 70 64 64 72 32 5f 63 6b 5f 64 72 76 00  y_lpddr2_ck_drv.
00013ae0: 70 68 79 5f 6c 70 64 64 72 32 5f 64 71 5f 64 72  phy_lpddr2_dq_dr
00013af0: 76 00 70 68 79 5f 6c 70 64 64 72 32 5f 6f 64 74  v.phy_lpddr2_odt
00013b00: 00 6c 70 64 64 72 33 5f 6f 64 74 5f 64 69 73 5f  .lpddr3_odt_dis_
00013b10: 66 72 65 71 00 70 68 79 5f 6c 70 64 64 72 33 5f  freq.phy_lpddr3_
00013b20: 6f 64 74 5f 64 69 73 5f 66 72 65 71 00 6c 70 64  odt_dis_freq.lpd
00013b30: 64 72 33 5f 64 72 76 00 6c 70 64 64 72 33 5f 6f  dr3_drv.lpddr3_o
00013b40: 64 74 00 70 68 79 5f 6c 70 64 64 72 33 5f 63 61  dt.phy_lpddr3_ca
00013b50: 5f 64 72 76 00 70 68 79 5f 6c 70 64 64 72 33 5f  _drv.phy_lpddr3_
00013b60: 63 6b 5f 64 72 76 00 70 68 79 5f 6c 70 64 64 72  ck_drv.phy_lpddr
00013b70: 33 5f 64 71 5f 64 72 76 00 70 68 79 5f 6c 70 64  3_dq_drv.phy_lpd
00013b80: 64 72 33 5f 6f 64 74 00 6c 70 64 64 72 34 5f 6f  dr3_odt.lpddr4_o
00013b90: 64 74 5f 64 69 73 5f 66 72 65 71 00 70 68 79 5f  dt_dis_freq.phy_
00013ba0: 6c 70 64 64 72 34 5f 6f 64 74 5f 64 69 73 5f 66  lpddr4_odt_dis_f
00013bb0: 72 65 71 00 6c 70 64 64 72 34 5f 64 72 76 00 6c  req.lpddr4_drv.l
00013bc0: 70 64 64 72 34 5f 64 71 5f 6f 64 74 00 6c 70 64  pddr4_dq_odt.lpd
00013bd0: 64 72 34 5f 63 61 5f 6f 64 74 00 70 68 79 5f 6c  dr4_ca_odt.phy_l
00013be0: 70 64 64 72 34 5f 63 61 5f 64 72 76 00 70 68 79  pddr4_ca_drv.phy
00013bf0: 5f 6c 70 64 64 72 34 5f 63 6b 5f 63 73 5f 64 72  _lpddr4_ck_cs_dr
00013c00: 76 00 70 68 79 5f 6c 70 64 64 72 34 5f 64 71 5f  v.phy_lpddr4_dq_
00013c10: 64 72 76 00 70 68 79 5f 6c 70 64 64 72 34 5f 6f  drv.phy_lpddr4_o
00013c20: 64 74 00 70 68 79 5f 64 64 72 34 5f 6f 64 74 5f  dt.phy_ddr4_odt_
00013c30: 64 69 73 5f 66 72 65 71 00 70 68 79 5f 64 64 72  dis_freq.phy_ddr
00013c40: 34 5f 63 61 5f 64 72 76 00 70 68 79 5f 64 64 72  4_ca_drv.phy_ddr
00013c50: 34 5f 63 6b 5f 64 72 76 00 70 68 79 5f 64 64 72  4_ck_drv.phy_ddr
00013c60: 34 5f 64 71 5f 64 72 76 00 70 68 79 5f 64 64 72  4_dq_drv.phy_ddr
00013c70: 34 5f 6f 64 74 00 64 64 72 33 61 31 5f 64 64 72  4_odt.ddr3a1_ddr
00013c80: 34 61 39 5f 64 65 2d 73 6b 65 77 00 64 64 72 33  4a9_de-skew.ddr3
00013c90: 61 30 5f 64 64 72 34 61 31 30 5f 64 65 2d 73 6b  a0_ddr4a10_de-sk
00013ca0: 65 77 00 64 64 72 33 61 33 5f 64 64 72 34 61 36  ew.ddr3a3_ddr4a6
00013cb0: 5f 64 65 2d 73 6b 65 77 00 64 64 72 33 61 32 5f  _de-skew.ddr3a2_
00013cc0: 64 64 72 34 61 34 5f 64 65 2d 73 6b 65 77 00 64  ddr4a4_de-skew.d
00013cd0: 64 72 33 61 35 5f 64 64 72 34 61 38 5f 64 65 2d  dr3a5_ddr4a8_de-
00013ce0: 73 6b 65 77 00 64 64 72 33 61 34 5f 64 64 72 34  skew.ddr3a4_ddr4
00013cf0: 61 35 5f 64 65 2d 73 6b 65 77 00 64 64 72 33 61  a5_de-skew.ddr3a
00013d00: 37 5f 64 64 72 34 61 31 31 5f 64 65 2d 73 6b 65  7_ddr4a11_de-ske
00013d10: 77 00 64 64 72 33 61 36 5f 64 64 72 34 61 37 5f  w.ddr3a6_ddr4a7_
00013d20: 64 65 2d 73 6b 65 77 00 64 64 72 33 61 39 5f 64  de-skew.ddr3a9_d
00013d30: 64 72 34 61 30 5f 64 65 2d 73 6b 65 77 00 64 64  dr4a0_de-skew.dd
00013d40: 72 33 61 38 5f 64 64 72 34 61 31 33 5f 64 65 2d  r3a8_ddr4a13_de-
00013d50: 73 6b 65 77 00 64 64 72 33 61 31 31 5f 64 64 72  skew.ddr3a11_ddr
00013d60: 34 61 33 5f 64 65 2d 73 6b 65 77 00 64 64 72 33  4a3_de-skew.ddr3
00013d70: 61 31 30 5f 64 64 72 34 63 73 30 5f 64 65 2d 73  a10_ddr4cs0_de-s
00013d80: 6b 65 77 00 64 64 72 33 61 31 33 5f 64 64 72 34  kew.ddr3a13_ddr4
00013d90: 61 32 5f 64 65 2d 73 6b 65 77 00 64 64 72 33 61  a2_de-skew.ddr3a
00013da0: 31 32 5f 64 64 72 34 62 61 31 5f 64 65 2d 73 6b  12_ddr4ba1_de-sk
00013db0: 65 77 00 64 64 72 33 61 31 35 5f 64 64 72 34 6f  ew.ddr3a15_ddr4o
00013dc0: 64 74 30 5f 64 65 2d 73 6b 65 77 00 64 64 72 33  dt0_de-skew.ddr3
00013dd0: 61 31 34 5f 64 64 72 34 61 31 5f 64 65 2d 73 6b  a14_ddr4a1_de-sk
00013de0: 65 77 00 64 64 72 33 62 61 31 5f 64 64 72 34 61  ew.ddr3ba1_ddr4a
00013df0: 31 35 5f 64 65 2d 73 6b 65 77 00 64 64 72 33 62  15_de-skew.ddr3b
00013e00: 61 30 5f 64 64 72 34 62 67 30 5f 64 65 2d 73 6b  a0_ddr4bg0_de-sk
00013e10: 65 77 00 64 64 72 33 72 61 73 5f 64 64 72 34 63  ew.ddr3ras_ddr4c
00013e20: 6b 65 5f 64 65 2d 73 6b 65 77 00 64 64 72 33 62  ke_de-skew.ddr3b
00013e30: 61 32 5f 64 64 72 34 62 61 30 5f 64 65 2d 73 6b  a2_ddr4ba0_de-sk
00013e40: 65 77 00 64 64 72 33 77 65 5f 64 64 72 34 62 67  ew.ddr3we_ddr4bg
00013e50: 31 5f 64 65 2d 73 6b 65 77 00 64 64 72 33 63 61  1_de-skew.ddr3ca
00013e60: 73 5f 64 64 72 34 61 31 32 5f 64 65 2d 73 6b 65  s_ddr4a12_de-ske
00013e70: 77 00 64 64 72 33 63 6b 6e 5f 64 64 72 34 63 6b  w.ddr3ckn_ddr4ck
00013e80: 6e 5f 64 65 2d 73 6b 65 77 00 64 64 72 33 63 6b  n_de-skew.ddr3ck
00013e90: 70 5f 64 64 72 34 63 6b 70 5f 64 65 2d 73 6b 65  p_ddr4ckp_de-ske
00013ea0: 77 00 64 64 72 33 63 6b 65 5f 64 64 72 34 61 31  w.ddr3cke_ddr4a1
00013eb0: 36 5f 64 65 2d 73 6b 65 77 00 64 64 72 33 6f 64  6_de-skew.ddr3od
00013ec0: 74 30 5f 64 64 72 34 61 31 34 5f 64 65 2d 73 6b  t0_ddr4a14_de-sk
00013ed0: 65 77 00 64 64 72 33 63 73 30 5f 64 64 72 34 61  ew.ddr3cs0_ddr4a
00013ee0: 63 74 5f 64 65 2d 73 6b 65 77 00 64 64 72 33 72  ct_de-skew.ddr3r
00013ef0: 65 73 65 74 5f 64 64 72 34 72 65 73 65 74 5f 64  eset_ddr4reset_d
00013f00: 65 2d 73 6b 65 77 00 64 64 72 33 63 73 31 5f 64  e-skew.ddr3cs1_d
00013f10: 64 72 34 63 73 31 5f 64 65 2d 73 6b 65 77 00 64  dr4cs1_de-skew.d
00013f20: 64 72 33 6f 64 74 31 5f 64 64 72 34 6f 64 74 31  dr3odt1_ddr4odt1
00013f30: 5f 64 65 2d 73 6b 65 77 00 63 73 30 5f 64 6d 30  _de-skew.cs0_dm0
00013f40: 5f 72 78 5f 64 65 2d 73 6b 65 77 00 63 73 30 5f  _rx_de-skew.cs0_
00013f50: 64 6d 30 5f 74 78 5f 64 65 2d 73 6b 65 77 00 63  dm0_tx_de-skew.c
00013f60: 73 30 5f 64 71 30 5f 72 78 5f 64 65 2d 73 6b 65  s0_dq0_rx_de-ske
00013f70: 77 00 63 73 30 5f 64 71 30 5f 74 78 5f 64 65 2d  w.cs0_dq0_tx_de-
00013f80: 73 6b 65 77 00 63 73 30 5f 64 71 31 5f 72 78 5f  skew.cs0_dq1_rx_
00013f90: 64 65 2d 73 6b 65 77 00 63 73 30 5f 64 71 31 5f  de-skew.cs0_dq1_
00013fa0: 74 78 5f 64 65 2d 73 6b 65 77 00 63 73 30 5f 64  tx_de-skew.cs0_d
00013fb0: 71 32 5f 72 78 5f 64 65 2d 73 6b 65 77 00 63 73  q2_rx_de-skew.cs
00013fc0: 30 5f 64 71 32 5f 74 78 5f 64 65 2d 73 6b 65 77  0_dq2_tx_de-skew
00013fd0: 00 63 73 30 5f 64 71 33 5f 72 78 5f 64 65 2d 73  .cs0_dq3_rx_de-s
00013fe0: 6b 65 77 00 63 73 30 5f 64 71 33 5f 74 78 5f 64  kew.cs0_dq3_tx_d
00013ff0: 65 2d 73 6b 65 77 00 63 73 30 5f 64 71 34 5f 72  e-skew.cs0_dq4_r
00014000: 78 5f 64 65 2d 73 6b 65 77 00 63 73 30 5f 64 71  x_de-skew.cs0_dq
00014010: 34 5f 74 78 5f 64 65 2d 73 6b 65 77 00 63 73 30  4_tx_de-skew.cs0
00014020: 5f 64 71 35 5f 72 78 5f 64 65 2d 73 6b 65 77 00  _dq5_rx_de-skew.
00014030: 63 73 30 5f 64 71 35 5f 74 78 5f 64 65 2d 73 6b  cs0_dq5_tx_de-sk
00014040: 65 77 00 63 73 30 5f 64 71 36 5f 72 78 5f 64 65  ew.cs0_dq6_rx_de
00014050: 2d 73 6b 65 77 00 63 73 30 5f 64 71 36 5f 74 78  -skew.cs0_dq6_tx
00014060: 5f 64 65 2d 73 6b 65 77 00 63 73 30 5f 64 71 37  _de-skew.cs0_dq7
00014070: 5f 72 78 5f 64 65 2d 73 6b 65 77 00 63 73 30 5f  _rx_de-skew.cs0_
00014080: 64 71 37 5f 74 78 5f 64 65 2d 73 6b 65 77 00 63  dq7_tx_de-skew.c
00014090: 73 30 5f 64 71 73 30 5f 72 78 5f 64 65 2d 73 6b  s0_dqs0_rx_de-sk
000140a0: 65 77 00 63 73 30 5f 64 71 73 30 70 5f 74 78 5f  ew.cs0_dqs0p_tx_
000140b0: 64 65 2d 73 6b 65 77 00 63 73 30 5f 64 71 73 30  de-skew.cs0_dqs0
000140c0: 6e 5f 74 78 5f 64 65 2d 73 6b 65 77 00 63 73 30  n_tx_de-skew.cs0
000140d0: 5f 64 6d 31 5f 72 78 5f 64 65 2d 73 6b 65 77 00  _dm1_rx_de-skew.
000140e0: 63 73 30 5f 64 6d 31 5f 74 78 5f 64 65 2d 73 6b  cs0_dm1_tx_de-sk
000140f0: 65 77 00 63 73 30 5f 64 71 38 5f 72 78 5f 64 65  ew.cs0_dq8_rx_de
00014100: 2d 73 6b 65 77 00 63 73 30 5f 64 71 38 5f 74 78  -skew.cs0_dq8_tx
00014110: 5f 64 65 2d 73 6b 65 77 00 63 73 30 5f 64 71 39  _de-skew.cs0_dq9
00014120: 5f 72 78 5f 64 65 2d 73 6b 65 77 00 63 73 30 5f  _rx_de-skew.cs0_
00014130: 64 71 39 5f 74 78 5f 64 65 2d 73 6b 65 77 00 63  dq9_tx_de-skew.c
00014140: 73 30 5f 64 71 31 30 5f 72 78 5f 64 65 2d 73 6b  s0_dq10_rx_de-sk
00014150: 65 77 00 63 73 30 5f 64 71 31 30 5f 74 78 5f 64  ew.cs0_dq10_tx_d
00014160: 65 2d 73 6b 65 77 00 63 73 30 5f 64 71 31 31 5f  e-skew.cs0_dq11_
00014170: 72 78 5f 64 65 2d 73 6b 65 77 00 63 73 30 5f 64  rx_de-skew.cs0_d
00014180: 71 31 31 5f 74 78 5f 64 65 2d 73 6b 65 77 00 63  q11_tx_de-skew.c
00014190: 73 30 5f 64 71 31 32 5f 72 78 5f 64 65 2d 73 6b  s0_dq12_rx_de-sk
000141a0: 65 77 00 63 73 30 5f 64 71 31 32 5f 74 78 5f 64  ew.cs0_dq12_tx_d
000141b0: 65 2d 73 6b 65 77 00 63 73 30 5f 64 71 31 33 5f  e-skew.cs0_dq13_
000141c0: 72 78 5f 64 65 2d 73 6b 65 77 00 63 73 30 5f 64  rx_de-skew.cs0_d
000141d0: 71 31 33 5f 74 78 5f 64 65 2d 73 6b 65 77 00 63  q13_tx_de-skew.c
000141e0: 73 30 5f 64 71 31 34 5f 72 78 5f 64 65 2d 73 6b  s0_dq14_rx_de-sk
000141f0: 65 77 00 63 73 30 5f 64 71 31 34 5f 74 78 5f 64  ew.cs0_dq14_tx_d
00014200: 65 2d 73 6b 65 77 00 63 73 30 5f 64 71 31 35 5f  e-skew.cs0_dq15_
00014210: 72 78 5f 64 65 2d 73 6b 65 77 00 63 73 30 5f 64  rx_de-skew.cs0_d
00014220: 71 31 35 5f 74 78 5f 64 65 2d 73 6b 65 77 00 63  q15_tx_de-skew.c
00014230: 73 30 5f 64 71 73 31 5f 72 78 5f 64 65 2d 73 6b  s0_dqs1_rx_de-sk
00014240: 65 77 00 63 73 30 5f 64 71 73 31 70 5f 74 78 5f  ew.cs0_dqs1p_tx_
00014250: 64 65 2d 73 6b 65 77 00 63 73 30 5f 64 71 73 31  de-skew.cs0_dqs1
00014260: 6e 5f 74 78 5f 64 65 2d 73 6b 65 77 00 63 73 30  n_tx_de-skew.cs0
00014270: 5f 64 6d 32 5f 72 78 5f 64 65 2d 73 6b 65 77 00  _dm2_rx_de-skew.
00014280: 63 73 30 5f 64 6d 32 5f 74 78 5f 64 65 2d 73 6b  cs0_dm2_tx_de-sk
00014290: 65 77 00 63 73 30 5f 64 71 31 36 5f 72 78 5f 64  ew.cs0_dq16_rx_d
000142a0: 65 2d 73 6b 65 77 00 63 73 30 5f 64 71 31 36 5f  e-skew.cs0_dq16_
000142b0: 74 78 5f 64 65 2d 73 6b 65 77 00 63 73 30 5f 64  tx_de-skew.cs0_d
000142c0: 71 31 37 5f 72 78 5f 64 65 2d 73 6b 65 77 00 63  q17_rx_de-skew.c
000142d0: 73 30 5f 64 71 31 37 5f 74 78 5f 64 65 2d 73 6b  s0_dq17_tx_de-sk
000142e0: 65 77 00 63 73 30 5f 64 71 31 38 5f 72 78 5f 64  ew.cs0_dq18_rx_d
000142f0: 65 2d 73 6b 65 77 00 63 73 30 5f 64 71 31 38 5f  e-skew.cs0_dq18_
00014300: 74 78 5f 64 65 2d 73 6b 65 77 00 63 73 30 5f 64  tx_de-skew.cs0_d
00014310: 71 31 39 5f 72 78 5f 64 65 2d 73 6b 65 77 00 63  q19_rx_de-skew.c
00014320: 73 30 5f 64 71 31 39 5f 74 78 5f 64 65 2d 73 6b  s0_dq19_tx_de-sk
00014330: 65 77 00 63 73 30 5f 64 71 32 30 5f 72 78 5f 64  ew.cs0_dq20_rx_d
00014340: 65 2d 73 6b 65 77 00 63 73 30 5f 64 71 32 30 5f  e-skew.cs0_dq20_
00014350: 74 78 5f 64 65 2d 73 6b 65 77 00 63 73 30 5f 64  tx_de-skew.cs0_d
00014360: 71 32 31 5f 72 78 5f 64 65 2d 73 6b 65 77 00 63  q21_rx_de-skew.c
00014370: 73 30 5f 64 71 32 31 5f 74 78 5f 64 65 2d 73 6b  s0_dq21_tx_de-sk
00014380: 65 77 00 63 73 30 5f 64 71 32 32 5f 72 78 5f 64  ew.cs0_dq22_rx_d
00014390: 65 2d 73 6b 65 77 00 63 73 30 5f 64 71 32 32 5f  e-skew.cs0_dq22_
000143a0: 74 78 5f 64 65 2d 73 6b 65 77 00 63 73 30 5f 64  tx_de-skew.cs0_d
000143b0: 71 32 33 5f 72 78 5f 64 65 2d 73 6b 65 77 00 63  q23_rx_de-skew.c
000143c0: 73 30 5f 64 71 32 33 5f 74 78 5f 64 65 2d 73 6b  s0_dq23_tx_de-sk
000143d0: 65 77 00 63 73 30 5f 64 71 73 32 5f 72 78 5f 64  ew.cs0_dqs2_rx_d
000143e0: 65 2d 73 6b 65 77 00 63 73 30 5f 64 71 73 32 70  e-skew.cs0_dqs2p
000143f0: 5f 74 78 5f 64 65 2d 73 6b 65 77 00 63 73 30 5f  _tx_de-skew.cs0_
00014400: 64 71 73 32 6e 5f 74 78 5f 64 65 2d 73 6b 65 77  dqs2n_tx_de-skew
00014410: 00 63 73 30 5f 64 6d 33 5f 72 78 5f 64 65 2d 73  .cs0_dm3_rx_de-s
00014420: 6b 65 77 00 63 73 30 5f 64 6d 33 5f 74 78 5f 64  kew.cs0_dm3_tx_d
00014430: 65 2d 73 6b 65 77 00 63 73 30 5f 64 71 32 34 5f  e-skew.cs0_dq24_
00014440: 72 78 5f 64 65 2d 73 6b 65 77 00 63 73 30 5f 64  rx_de-skew.cs0_d
00014450: 71 32 34 5f 74 78 5f 64 65 2d 73 6b 65 77 00 63  q24_tx_de-skew.c
00014460: 73 30 5f 64 71 32 35 5f 72 78 5f 64 65 2d 73 6b  s0_dq25_rx_de-sk
00014470: 65 77 00 63 73 30 5f 64 71 32 35 5f 74 78 5f 64  ew.cs0_dq25_tx_d
00014480: 65 2d 73 6b 65 77 00 63 73 30 5f 64 71 32 36 5f  e-skew.cs0_dq26_
00014490: 72 78 5f 64 65 2d 73 6b 65 77 00 63 73 30 5f 64  rx_de-skew.cs0_d
000144a0: 71 32 36 5f 74 78 5f 64 65 2d 73 6b 65 77 00 63  q26_tx_de-skew.c
000144b0: 73 30 5f 64 71 32 37 5f 72 78 5f 64 65 2d 73 6b  s0_dq27_rx_de-sk
000144c0: 65 77 00 63 73 30 5f 64 71 32 37 5f 74 78 5f 64  ew.cs0_dq27_tx_d
000144d0: 65 2d 73 6b 65 77 00 63 73 30 5f 64 71 32 38 5f  e-skew.cs0_dq28_
000144e0: 72 78 5f 64 65 2d 73 6b 65 77 00 63 73 30 5f 64  rx_de-skew.cs0_d
000144f0: 71 32 38 5f 74 78 5f 64 65 2d 73 6b 65 77 00 63  q28_tx_de-skew.c
00014500: 73 30 5f 64 71 32 39 5f 72 78 5f 64 65 2d 73 6b  s0_dq29_rx_de-sk
00014510: 65 77 00 63 73 30 5f 64 71 32 39 5f 74 78 5f 64  ew.cs0_dq29_tx_d
00014520: 65 2d 73 6b 65 77 00 63 73 30 5f 64 71 33 30 5f  e-skew.cs0_dq30_
00014530: 72 78 5f 64 65 2d 73 6b 65 77 00 63 73 30 5f 64  rx_de-skew.cs0_d
00014540: 71 33 30 5f 74 78 5f 64 65 2d 73 6b 65 77 00 63  q30_tx_de-skew.c
00014550: 73 30 5f 64 71 33 31 5f 72 78 5f 64 65 2d 73 6b  s0_dq31_rx_de-sk
00014560: 65 77 00 63 73 30 5f 64 71 33 31 5f 74 78 5f 64  ew.cs0_dq31_tx_d
00014570: 65 2d 73 6b 65 77 00 63 73 30 5f 64 71 73 33 5f  e-skew.cs0_dqs3_
00014580: 72 78 5f 64 65 2d 73 6b 65 77 00 63 73 30 5f 64  rx_de-skew.cs0_d
00014590: 71 73 33 70 5f 74 78 5f 64 65 2d 73 6b 65 77 00  qs3p_tx_de-skew.
000145a0: 63 73 30 5f 64 71 73 33 6e 5f 74 78 5f 64 65 2d  cs0_dqs3n_tx_de-
000145b0: 73 6b 65 77 00 63 73 31 5f 64 6d 30 5f 72 78 5f  skew.cs1_dm0_rx_
000145c0: 64 65 2d 73 6b 65 77 00 63 73 31 5f 64 6d 30 5f  de-skew.cs1_dm0_
000145d0: 74 78 5f 64 65 2d 73 6b 65 77 00 63 73 31 5f 64  tx_de-skew.cs1_d
000145e0: 71 30 5f 72 78 5f 64 65 2d 73 6b 65 77 00 63 73  q0_rx_de-skew.cs
000145f0: 31 5f 64 71 30 5f 74 78 5f 64 65 2d 73 6b 65 77  1_dq0_tx_de-skew
00014600: 00 63 73 31 5f 64 71 31 5f 72 78 5f 64 65 2d 73  .cs1_dq1_rx_de-s
00014610: 6b 65 77 00 63 73 31 5f 64 71 31 5f 74 78 5f 64  kew.cs1_dq1_tx_d
00014620: 65 2d 73 6b 65 77 00 63 73 31 5f 64 71 32 5f 72  e-skew.cs1_dq2_r
00014630: 78 5f 64 65 2d 73 6b 65 77 00 63 73 31 5f 64 71  x_de-skew.cs1_dq
00014640: 32 5f 74 78 5f 64 65 2d 73 6b 65 77 00 63 73 31  2_tx_de-skew.cs1
00014650: 5f 64 71 33 5f 72 78 5f 64 65 2d 73 6b 65 77 00  _dq3_rx_de-skew.
00014660: 63 73 31 5f 64 71 33 5f 74 78 5f 64 65 2d 73 6b  cs1_dq3_tx_de-sk
00014670: 65 77 00 63 73 31 5f 64 71 34 5f 72 78 5f 64 65  ew.cs1_dq4_rx_de
00014680: 2d 73 6b 65 77 00 63 73 31 5f 64 71 34 5f 74 78  -skew.cs1_dq4_tx
00014690: 5f 64 65 2d 73 6b 65 77 00 63 73 31 5f 64 71 35  _de-skew.cs1_dq5
000146a0: 5f 72 78 5f 64 65 2d 73 6b 65 77 00 63 73 31 5f  _rx_de-skew.cs1_
000146b0: 64 71 35 5f 74 78 5f 64 65 2d 73 6b 65 77 00 63  dq5_tx_de-skew.c
000146c0: 73 31 5f 64 71 36 5f 72 78 5f 64 65 2d 73 6b 65  s1_dq6_rx_de-ske
000146d0: 77 00 63 73 31 5f 64 71 36 5f 74 78 5f 64 65 2d  w.cs1_dq6_tx_de-
000146e0: 73 6b 65 77 00 63 73 31 5f 64 71 37 5f 72 78 5f  skew.cs1_dq7_rx_
000146f0: 64 65 2d 73 6b 65 77 00 63 73 31 5f 64 71 37 5f  de-skew.cs1_dq7_
00014700: 74 78 5f 64 65 2d 73 6b 65 77 00 63 73 31 5f 64  tx_de-skew.cs1_d
00014710: 71 73 30 5f 72 78 5f 64 65 2d 73 6b 65 77 00 63  qs0_rx_de-skew.c
00014720: 73 31 5f 64 71 73 30 70 5f 74 78 5f 64 65 2d 73  s1_dqs0p_tx_de-s
00014730: 6b 65 77 00 63 73 31 5f 64 71 73 30 6e 5f 74 78  kew.cs1_dqs0n_tx
00014740: 5f 64 65 2d 73 6b 65 77 00 63 73 31 5f 64 6d 31  _de-skew.cs1_dm1
00014750: 5f 72 78 5f 64 65 2d 73 6b 65 77 00 63 73 31 5f  _rx_de-skew.cs1_
00014760: 64 6d 31 5f 74 78 5f 64 65 2d 73 6b 65 77 00 63  dm1_tx_de-skew.c
00014770: 73 31 5f 64 71 38 5f 72 78 5f 64 65 2d 73 6b 65  s1_dq8_rx_de-ske
00014780: 77 00 63 73 31 5f 64 71 38 5f 74 78 5f 64 65 2d  w.cs1_dq8_tx_de-
00014790: 73 6b 65 77 00 63 73 31 5f 64 71 39 5f 72 78 5f  skew.cs1_dq9_rx_
000147a0: 64 65 2d 73 6b 65 77 00 63 73 31 5f 64 71 39 5f  de-skew.cs1_dq9_
000147b0: 74 78 5f 64 65 2d 73 6b 65 77 00 63 73 31 5f 64  tx_de-skew.cs1_d
000147c0: 71 31 30 5f 72 78 5f 64 65 2d 73 6b 65 77 00 63  q10_rx_de-skew.c
000147d0: 73 31 5f 64 71 31 30 5f 74 78 5f 64 65 2d 73 6b  s1_dq10_tx_de-sk
000147e0: 65 77 00 63 73 31 5f 64 71 31 31 5f 72 78 5f 64  ew.cs1_dq11_rx_d
000147f0: 65 2d 73 6b 65 77 00 63 73 31 5f 64 71 31 31 5f  e-skew.cs1_dq11_
00014800: 74 78 5f 64 65 2d 73 6b 65 77 00 63 73 31 5f 64  tx_de-skew.cs1_d
00014810: 71 31 32 5f 72 78 5f 64 65 2d 73 6b 65 77 00 63  q12_rx_de-skew.c
00014820: 73 31 5f 64 71 31 32 5f 74 78 5f 64 65 2d 73 6b  s1_dq12_tx_de-sk
00014830: 65 77 00 63 73 31 5f 64 71 31 33 5f 72 78 5f 64  ew.cs1_dq13_rx_d
00014840: 65 2d 73 6b 65 77 00 63 73 31 5f 64 71 31 33 5f  e-skew.cs1_dq13_
00014850: 74 78 5f 64 65 2d 73 6b 65 77 00 63 73 31 5f 64  tx_de-skew.cs1_d
00014860: 71 31 34 5f 72 78 5f 64 65 2d 73 6b 65 77 00 63  q14_rx_de-skew.c
00014870: 73 31 5f 64 71 31 34 5f 74 78 5f 64 65 2d 73 6b  s1_dq14_tx_de-sk
00014880: 65 77 00 63 73 31 5f 64 71 31 35 5f 72 78 5f 64  ew.cs1_dq15_rx_d
00014890: 65 2d 73 6b 65 77 00 63 73 31 5f 64 71 31 35 5f  e-skew.cs1_dq15_
000148a0: 74 78 5f 64 65 2d 73 6b 65 77 00 63 73 31 5f 64  tx_de-skew.cs1_d
000148b0: 71 73 31 5f 72 78 5f 64 65 2d 73 6b 65 77 00 63  qs1_rx_de-skew.c
000148c0: 73 31 5f 64 71 73 31 70 5f 74 78 5f 64 65 2d 73  s1_dqs1p_tx_de-s
000148d0: 6b 65 77 00 63 73 31 5f 64 71 73 31 6e 5f 74 78  kew.cs1_dqs1n_tx
000148e0: 5f 64 65 2d 73 6b 65 77 00 63 73 31 5f 64 6d 32  _de-skew.cs1_dm2
000148f0: 5f 72 78 5f 64 65 2d 73 6b 65 77 00 63 73 31 5f  _rx_de-skew.cs1_
00014900: 64 6d 32 5f 74 78 5f 64 65 2d 73 6b 65 77 00 63  dm2_tx_de-skew.c
00014910: 73 31 5f 64 71 31 36 5f 72 78 5f 64 65 2d 73 6b  s1_dq16_rx_de-sk
00014920: 65 77 00 63 73 31 5f 64 71 31 36 5f 74 78 5f 64  ew.cs1_dq16_tx_d
00014930: 65 2d 73 6b 65 77 00 63 73 31 5f 64 71 31 37 5f  e-skew.cs1_dq17_
00014940: 72 78 5f 64 65 2d 73 6b 65 77 00 63 73 31 5f 64  rx_de-skew.cs1_d
00014950: 71 31 37 5f 74 78 5f 64 65 2d 73 6b 65 77 00 63  q17_tx_de-skew.c
00014960: 73 31 5f 64 71 31 38 5f 72 78 5f 64 65 2d 73 6b  s1_dq18_rx_de-sk
00014970: 65 77 00 63 73 31 5f 64 71 31 38 5f 74 78 5f 64  ew.cs1_dq18_tx_d
00014980: 65 2d 73 6b 65 77 00 63 73 31 5f 64 71 31 39 5f  e-skew.cs1_dq19_
00014990: 72 78 5f 64 65 2d 73 6b 65 77 00 63 73 31 5f 64  rx_de-skew.cs1_d
000149a0: 71 31 39 5f 74 78 5f 64 65 2d 73 6b 65 77 00 63  q19_tx_de-skew.c
000149b0: 73 31 5f 64 71 32 30 5f 72 78 5f 64 65 2d 73 6b  s1_dq20_rx_de-sk
000149c0: 65 77 00 63 73 31 5f 64 71 32 30 5f 74 78 5f 64  ew.cs1_dq20_tx_d
000149d0: 65 2d 73 6b 65 77 00 63 73 31 5f 64 71 32 31 5f  e-skew.cs1_dq21_
000149e0: 72 78 5f 64 65 2d 73 6b 65 77 00 63 73 31 5f 64  rx_de-skew.cs1_d
000149f0: 71 32 31 5f 74 78 5f 64 65 2d 73 6b 65 77 00 63  q21_tx_de-skew.c
00014a00: 73 31 5f 64 71 32 32 5f 72 78 5f 64 65 2d 73 6b  s1_dq22_rx_de-sk
00014a10: 65 77 00 63 73 31 5f 64 71 32 32 5f 74 78 5f 64  ew.cs1_dq22_tx_d
00014a20: 65 2d 73 6b 65 77 00 63 73 31 5f 64 71 32 33 5f  e-skew.cs1_dq23_
00014a30: 72 78 5f 64 65 2d 73 6b 65 77 00 63 73 31 5f 64  rx_de-skew.cs1_d
00014a40: 71 32 33 5f 74 78 5f 64 65 2d 73 6b 65 77 00 63  q23_tx_de-skew.c
00014a50: 73 31 5f 64 71 73 32 5f 72 78 5f 64 65 2d 73 6b  s1_dqs2_rx_de-sk
00014a60: 65 77 00 63 73 31 5f 64 71 73 32 70 5f 74 78 5f  ew.cs1_dqs2p_tx_
00014a70: 64 65 2d 73 6b 65 77 00 63 73 31 5f 64 71 73 32  de-skew.cs1_dqs2
00014a80: 6e 5f 74 78 5f 64 65 2d 73 6b 65 77 00 63 73 31  n_tx_de-skew.cs1
00014a90: 5f 64 6d 33 5f 72 78 5f 64 65 2d 73 6b 65 77 00  _dm3_rx_de-skew.
00014aa0: 63 73 31 5f 64 6d 33 5f 74 78 5f 64 65 2d 73 6b  cs1_dm3_tx_de-sk
00014ab0: 65 77 00 63 73 31 5f 64 71 32 34 5f 72 78 5f 64  ew.cs1_dq24_rx_d
00014ac0: 65 2d 73 6b 65 77 00 63 73 31 5f 64 71 32 34 5f  e-skew.cs1_dq24_
00014ad0: 74 78 5f 64 65 2d 73 6b 65 77 00 63 73 31 5f 64  tx_de-skew.cs1_d
00014ae0: 71 32 35 5f 72 78 5f 64 65 2d 73 6b 65 77 00 63  q25_rx_de-skew.c
00014af0: 73 31 5f 64 71 32 35 5f 74 78 5f 64 65 2d 73 6b  s1_dq25_tx_de-sk
00014b00: 65 77 00 63 73 31 5f 64 71 32 36 5f 72 78 5f 64  ew.cs1_dq26_rx_d
00014b10: 65 2d 73 6b 65 77 00 63 73 31 5f 64 71 32 36 5f  e-skew.cs1_dq26_
00014b20: 74 78 5f 64 65 2d 73 6b 65 77 00 63 73 31 5f 64  tx_de-skew.cs1_d
00014b30: 71 32 37 5f 72 78 5f 64 65 2d 73 6b 65 77 00 63  q27_rx_de-skew.c
00014b40: 73 31 5f 64 71 32 37 5f 74 78 5f 64 65 2d 73 6b  s1_dq27_tx_de-sk
00014b50: 65 77 00 63 73 31 5f 64 71 32 38 5f 72 78 5f 64  ew.cs1_dq28_rx_d
00014b60: 65 2d 73 6b 65 77 00 63 73 31 5f 64 71 32 38 5f  e-skew.cs1_dq28_
00014b70: 74 78 5f 64 65 2d 73 6b 65 77 00 63 73 31 5f 64  tx_de-skew.cs1_d
00014b80: 71 32 39 5f 72 78 5f 64 65 2d 73 6b 65 77 00 63  q29_rx_de-skew.c
00014b90: 73 31 5f 64 71 32 39 5f 74 78 5f 64 65 2d 73 6b  s1_dq29_tx_de-sk
00014ba0: 65 77 00 63 73 31 5f 64 71 33 30 5f 72 78 5f 64  ew.cs1_dq30_rx_d
00014bb0: 65 2d 73 6b 65 77 00 63 73 31 5f 64 71 33 30 5f  e-skew.cs1_dq30_
00014bc0: 74 78 5f 64 65 2d 73 6b 65 77 00 63 73 31 5f 64  tx_de-skew.cs1_d
00014bd0: 71 33 31 5f 72 78 5f 64 65 2d 73 6b 65 77 00 63  q31_rx_de-skew.c
00014be0: 73 31 5f 64 71 33 31 5f 74 78 5f 64 65 2d 73 6b  s1_dq31_tx_de-sk
00014bf0: 65 77 00 63 73 31 5f 64 71 73 33 5f 72 78 5f 64  ew.cs1_dqs3_rx_d
00014c00: 65 2d 73 6b 65 77 00 63 73 31 5f 64 71 73 33 70  e-skew.cs1_dqs3p
00014c10: 5f 74 78 5f 64 65 2d 73 6b 65 77 00 63 73 31 5f  _tx_de-skew.cs1_
00014c20: 64 71 73 33 6e 5f 74 78 5f 64 65 2d 73 6b 65 77  dqs3n_tx_de-skew
00014c30: 00 70 68 61 6e 64 6c 65 00 65 74 68 65 72 6e 65  .phandle.etherne
00014c40: 74 30 00 69 32 63 30 00 69 32 63 31 00 69 32 63  t0.i2c0.i2c1.i2c
00014c50: 32 00 69 32 63 33 00 73 65 72 69 61 6c 30 00 73  2.i2c3.serial0.s
00014c60: 65 72 69 61 6c 31 00 73 65 72 69 61 6c 32 00 73  erial1.serial2.s
00014c70: 65 72 69 61 6c 33 00 73 65 72 69 61 6c 34 00 73  erial3.serial4.s
00014c80: 65 72 69 61 6c 35 00 73 70 69 30 00 73 70 69 31  erial5.spi0.spi1
00014c90: 00 64 65 76 69 63 65 5f 74 79 70 65 00 72 65 67  .device_type.reg
00014ca0: 00 65 6e 61 62 6c 65 2d 6d 65 74 68 6f 64 00 63  .enable-method.c
00014cb0: 6c 6f 63 6b 73 00 23 63 6f 6f 6c 69 6e 67 2d 63  locks.#cooling-c
00014cc0: 65 6c 6c 73 00 64 79 6e 61 6d 69 63 2d 70 6f 77  ells.dynamic-pow
00014cd0: 65 72 2d 63 6f 65 66 66 69 63 69 65 6e 74 00 6f  er-coefficient.o
00014ce0: 70 65 72 61 74 69 6e 67 2d 70 6f 69 6e 74 73 2d  perating-points-
00014cf0: 76 32 00 63 70 75 2d 69 64 6c 65 2d 73 74 61 74  v2.cpu-idle-stat
00014d00: 65 73 00 63 70 75 2d 73 75 70 70 6c 79 00 65 6e  es.cpu-supply.en
00014d10: 74 72 79 2d 6d 65 74 68 6f 64 00 6c 6f 63 61 6c  try-method.local
00014d20: 2d 74 69 6d 65 72 2d 73 74 6f 70 00 61 72 6d 2c  -timer-stop.arm,
00014d30: 70 73 63 69 2d 73 75 73 70 65 6e 64 2d 70 61 72  psci-suspend-par
00014d40: 61 6d 00 65 6e 74 72 79 2d 6c 61 74 65 6e 63 79  am.entry-latency
00014d50: 2d 75 73 00 65 78 69 74 2d 6c 61 74 65 6e 63 79  -us.exit-latency
00014d60: 2d 75 73 00 6d 69 6e 2d 72 65 73 69 64 65 6e 63  -us.min-residenc
00014d70: 79 2d 75 73 00 6f 70 70 2d 73 68 61 72 65 64 00  y-us.opp-shared.
00014d80: 72 6f 63 6b 63 68 69 70 2c 74 65 6d 70 2d 68 79  rockchip,temp-hy
00014d90: 73 74 65 72 65 73 69 73 00 72 6f 63 6b 63 68 69  steresis.rockchi
00014da0: 70 2c 6c 6f 77 2d 74 65 6d 70 00 72 6f 63 6b 63  p,low-temp.rockc
00014db0: 68 69 70 2c 6c 6f 77 2d 74 65 6d 70 2d 6d 69 6e  hip,low-temp-min
00014dc0: 2d 76 6f 6c 74 00 72 6f 63 6b 63 68 69 70 2c 6c  -volt.rockchip,l
00014dd0: 6f 77 2d 74 65 6d 70 2d 61 64 6a 75 73 74 2d 76  ow-temp-adjust-v
00014de0: 6f 6c 74 00 72 6f 63 6b 63 68 69 70 2c 61 76 73  olt.rockchip,avs
00014df0: 2d 73 63 61 6c 65 00 72 6f 63 6b 63 68 69 70 2c  -scale.rockchip,
00014e00: 6d 61 78 2d 76 6f 6c 74 00 72 6f 63 6b 63 68 69  max-volt.rockchi
00014e10: 70 2c 65 76 62 2d 69 72 64 72 6f 70 00 6e 76 6d  p,evb-irdrop.nvm
00014e20: 65 6d 2d 63 65 6c 6c 73 00 6e 76 6d 65 6d 2d 63  em-cells.nvmem-c
00014e30: 65 6c 6c 2d 6e 61 6d 65 73 00 72 6f 63 6b 63 68  ell-names.rockch
00014e40: 69 70 2c 62 69 6e 2d 73 63 61 6c 69 6e 67 2d 73  ip,bin-scaling-s
00014e50: 65 6c 00 72 6f 63 6b 63 68 69 70 2c 70 76 74 6d  el.rockchip,pvtm
00014e60: 2d 76 6f 6c 74 61 67 65 2d 73 65 6c 00 72 6f 63  -voltage-sel.roc
00014e70: 6b 63 68 69 70 2c 70 76 74 6d 2d 66 72 65 71 00  kchip,pvtm-freq.
00014e80: 72 6f 63 6b 63 68 69 70 2c 70 76 74 6d 2d 76 6f  rockchip,pvtm-vo
00014e90: 6c 74 00 72 6f 63 6b 63 68 69 70 2c 70 76 74 6d  lt.rockchip,pvtm
00014ea0: 2d 63 68 00 72 6f 63 6b 63 68 69 70 2c 70 76 74  -ch.rockchip,pvt
00014eb0: 6d 2d 73 61 6d 70 6c 65 2d 74 69 6d 65 00 72 6f  m-sample-time.ro
00014ec0: 63 6b 63 68 69 70 2c 70 76 74 6d 2d 6e 75 6d 62  ckchip,pvtm-numb
00014ed0: 65 72 00 72 6f 63 6b 63 68 69 70 2c 70 76 74 6d  er.rockchip,pvtm
00014ee0: 2d 65 72 72 6f 72 00 72 6f 63 6b 63 68 69 70 2c  -error.rockchip,
00014ef0: 70 76 74 6d 2d 72 65 66 2d 74 65 6d 70 00 72 6f  pvtm-ref-temp.ro
00014f00: 63 6b 63 68 69 70 2c 70 76 74 6d 2d 74 65 6d 70  ckchip,pvtm-temp
00014f10: 2d 70 72 6f 70 00 72 6f 63 6b 63 68 69 70 2c 74  -prop.rockchip,t
00014f20: 68 65 72 6d 61 6c 2d 7a 6f 6e 65 00 72 6f 63 6b  hermal-zone.rock
00014f30: 63 68 69 70 2c 61 76 73 00 6f 70 70 2d 68 7a 00  chip,avs.opp-hz.
00014f40: 6f 70 70 2d 6d 69 63 72 6f 76 6f 6c 74 00 6f 70  opp-microvolt.op
00014f50: 70 2d 6d 69 63 72 6f 76 6f 6c 74 2d 4c 30 00 6f  p-microvolt-L0.o
00014f60: 70 70 2d 6d 69 63 72 6f 76 6f 6c 74 2d 4c 31 00  pp-microvolt-L1.
00014f70: 6f 70 70 2d 6d 69 63 72 6f 76 6f 6c 74 2d 4c 32  opp-microvolt-L2
00014f80: 00 6f 70 70 2d 6d 69 63 72 6f 76 6f 6c 74 2d 4c  .opp-microvolt-L
00014f90: 33 00 63 6c 6f 63 6b 2d 6c 61 74 65 6e 63 79 2d  3.clock-latency-
00014fa0: 6e 73 00 6f 70 70 2d 73 75 73 70 65 6e 64 00 69  ns.opp-suspend.i
00014fb0: 6e 74 65 72 72 75 70 74 73 00 69 6e 74 65 72 72  nterrupts.interr
00014fc0: 75 70 74 2d 61 66 66 69 6e 69 74 79 00 72 6f 63  upt-affinity.roc
00014fd0: 6b 63 68 69 70 2c 62 75 73 66 72 65 71 2d 70 6f  kchip,busfreq-po
00014fe0: 6c 69 63 79 00 62 75 73 2d 69 64 00 74 69 6d 65  licy.bus-id.time
00014ff0: 72 2d 75 73 00 65 6e 61 62 6c 65 2d 6d 73 6b 00  r-us.enable-msk.
00015000: 73 74 61 74 75 73 00 63 6c 6f 63 6b 2d 6e 61 6d  status.clock-nam
00015010: 65 73 00 62 75 73 2d 73 75 70 70 6c 79 00 70 6f  es.bus-supply.po
00015020: 72 74 73 00 6c 6f 67 6f 2d 6d 65 6d 6f 72 79 2d  rts.logo-memory-
00015030: 72 65 67 69 6f 6e 00 6c 6f 67 6f 2c 75 62 6f 6f  region.logo,uboo
00015040: 74 00 6c 6f 67 6f 2c 6b 65 72 6e 65 6c 00 6c 6f  t.logo,kernel.lo
00015050: 67 6f 2c 6d 6f 64 65 00 63 68 61 72 67 65 5f 6c  go,mode.charge_l
00015060: 6f 67 6f 2c 6d 6f 64 65 00 63 6f 6e 6e 65 63 74  ogo,mode.connect
00015070: 00 63 6c 6f 63 6b 2d 66 72 65 71 75 65 6e 63 79  .clock-frequency
00015080: 00 63 6c 6f 63 6b 2d 6f 75 74 70 75 74 2d 6e 61  .clock-output-na
00015090: 6d 65 73 00 23 63 6c 6f 63 6b 2d 63 65 6c 6c 73  mes.#clock-cells
000150a0: 00 72 6f 63 6b 63 68 69 70 2c 73 6c 65 65 70 2d  .rockchip,sleep-
000150b0: 64 65 62 75 67 2d 65 6e 00 72 6f 63 6b 63 68 69  debug-en.rockchi
000150c0: 70 2c 73 6c 65 65 70 2d 6d 6f 64 65 2d 63 6f 6e  p,sleep-mode-con
000150d0: 66 69 67 00 72 6f 63 6b 63 68 69 70 2c 77 61 6b  fig.rockchip,wak
000150e0: 65 75 70 2d 63 6f 6e 66 69 67 00 23 70 6f 77 65  eup-config.#powe
000150f0: 72 2d 64 6f 6d 61 69 6e 2d 63 65 6c 6c 73 00 70  r-domain-cells.p
00015100: 6d 5f 71 6f 73 00 70 6d 75 69 6f 31 2d 73 75 70  m_qos.pmuio1-sup
00015110: 70 6c 79 00 70 6d 75 69 6f 32 2d 73 75 70 70 6c  ply.pmuio2-suppl
00015120: 79 00 6f 66 66 73 65 74 00 6d 6f 64 65 2d 62 6f  y.offset.mode-bo
00015130: 6f 74 6c 6f 61 64 65 72 00 6d 6f 64 65 2d 63 68  otloader.mode-ch
00015140: 61 72 67 65 00 6d 6f 64 65 2d 66 61 73 74 62 6f  arge.mode-fastbo
00015150: 6f 74 00 6d 6f 64 65 2d 6c 6f 61 64 65 72 00 6d  ot.mode-loader.m
00015160: 6f 64 65 2d 6e 6f 72 6d 61 6c 00 6d 6f 64 65 2d  ode-normal.mode-
00015170: 72 65 63 6f 76 65 72 79 00 6d 6f 64 65 2d 75 6d  recovery.mode-um
00015180: 73 00 72 65 67 2d 73 68 69 66 74 00 72 65 67 2d  s.reg-shift.reg-
00015190: 69 6f 2d 77 69 64 74 68 00 64 6d 61 73 00 70 69  io-width.dmas.pi
000151a0: 6e 63 74 72 6c 2d 6e 61 6d 65 73 00 70 69 6e 63  nctrl-names.pinc
000151b0: 74 72 6c 2d 30 00 64 6d 61 2d 6e 61 6d 65 73 00  trl-0.dma-names.
000151c0: 72 65 73 65 74 73 00 72 65 73 65 74 2d 6e 61 6d  resets.reset-nam
000151d0: 65 73 00 72 6f 63 6b 63 68 69 70 2c 63 72 75 00  es.rockchip,cru.
000151e0: 72 6f 63 6b 63 68 69 70 2c 67 72 66 00 23 73 6f  rockchip,grf.#so
000151f0: 75 6e 64 2d 64 61 69 2d 63 65 6c 6c 73 00 61 73  und-dai-cells.as
00015200: 73 69 67 6e 65 64 2d 63 6c 6f 63 6b 73 00 61 73  signed-clocks.as
00015210: 73 69 67 6e 65 64 2d 63 6c 6f 63 6b 2d 72 61 74  signed-clock-rat
00015220: 65 73 00 23 69 6e 74 65 72 72 75 70 74 2d 63 65  es.#interrupt-ce
00015230: 6c 6c 73 00 69 6e 74 65 72 72 75 70 74 2d 63 6f  lls.interrupt-co
00015240: 6e 74 72 6f 6c 6c 65 72 00 76 63 63 69 6f 31 2d  ntroller.vccio1-
00015250: 73 75 70 70 6c 79 00 76 63 63 69 6f 32 2d 73 75  supply.vccio2-su
00015260: 70 70 6c 79 00 76 63 63 69 6f 33 2d 73 75 70 70  pply.vccio3-supp
00015270: 6c 79 00 76 63 63 69 6f 34 2d 73 75 70 70 6c 79  ly.vccio4-supply
00015280: 00 76 63 63 69 6f 35 2d 73 75 70 70 6c 79 00 76  .vccio5-supply.v
00015290: 63 63 69 6f 36 2d 73 75 70 70 6c 79 00 70 68 79  ccio6-supply.phy
000152a0: 73 00 70 68 79 2d 6e 61 6d 65 73 00 72 65 6d 6f  s.phy-names.remo
000152b0: 74 65 2d 65 6e 64 70 6f 69 6e 74 00 70 69 6e 63  te-endpoint.pinc
000152c0: 74 72 6c 2d 31 00 69 32 63 2d 73 63 6c 2d 72 69  trl-1.i2c-scl-ri
000152d0: 73 69 6e 67 2d 74 69 6d 65 2d 6e 73 00 69 32 63  sing-time-ns.i2c
000152e0: 2d 73 63 6c 2d 66 61 6c 6c 69 6e 67 2d 74 69 6d  -scl-falling-tim
000152f0: 65 2d 6e 73 00 70 69 6e 63 74 72 6c 2d 32 00 70  e-ns.pinctrl-2.p
00015300: 69 6e 63 74 72 6c 2d 33 00 72 6f 63 6b 63 68 69  inctrl-3.rockchi
00015310: 70 2c 73 79 73 74 65 6d 2d 70 6f 77 65 72 2d 63  p,system-power-c
00015320: 6f 6e 74 72 6f 6c 6c 65 72 00 77 61 6b 65 75 70  ontroller.wakeup
00015330: 2d 73 6f 75 72 63 65 00 70 6d 69 63 2d 72 65 73  -source.pmic-res
00015340: 65 74 2d 66 75 6e 63 00 76 63 63 31 2d 73 75 70  et-func.vcc1-sup
00015350: 70 6c 79 00 76 63 63 32 2d 73 75 70 70 6c 79 00  ply.vcc2-supply.
00015360: 76 63 63 33 2d 73 75 70 70 6c 79 00 76 63 63 34  vcc3-supply.vcc4
00015370: 2d 73 75 70 70 6c 79 00 76 63 63 35 2d 73 75 70  -supply.vcc5-sup
00015380: 70 6c 79 00 76 63 63 36 2d 73 75 70 70 6c 79 00  ply.vcc6-supply.
00015390: 76 63 63 37 2d 73 75 70 70 6c 79 00 76 63 63 38  vcc7-supply.vcc8
000153a0: 2d 73 75 70 70 6c 79 00 76 63 63 39 2d 73 75 70  -supply.vcc9-sup
000153b0: 70 6c 79 00 67 70 69 6f 2d 63 6f 6e 74 72 6f 6c  ply.gpio-control
000153c0: 6c 65 72 00 23 67 70 69 6f 2d 63 65 6c 6c 73 00  ler.#gpio-cells.
000153d0: 70 69 6e 73 00 66 75 6e 63 74 69 6f 6e 00 72 65  pins.function.re
000153e0: 67 75 6c 61 74 6f 72 2d 61 6c 77 61 79 73 2d 6f  gulator-always-o
000153f0: 6e 00 72 65 67 75 6c 61 74 6f 72 2d 62 6f 6f 74  n.regulator-boot
00015400: 2d 6f 6e 00 72 65 67 75 6c 61 74 6f 72 2d 6d 69  -on.regulator-mi
00015410: 6e 2d 6d 69 63 72 6f 76 6f 6c 74 00 72 65 67 75  n-microvolt.regu
00015420: 6c 61 74 6f 72 2d 6d 61 78 2d 6d 69 63 72 6f 76  lator-max-microv
00015430: 6f 6c 74 00 72 65 67 75 6c 61 74 6f 72 2d 72 61  olt.regulator-ra
00015440: 6d 70 2d 64 65 6c 61 79 00 72 65 67 75 6c 61 74  mp-delay.regulat
00015450: 6f 72 2d 69 6e 69 74 69 61 6c 2d 6d 6f 64 65 00  or-initial-mode.
00015460: 72 65 67 75 6c 61 74 6f 72 2d 6e 61 6d 65 00 72  regulator-name.r
00015470: 65 67 75 6c 61 74 6f 72 2d 6f 6e 2d 69 6e 2d 73  egulator-on-in-s
00015480: 75 73 70 65 6e 64 00 72 65 67 75 6c 61 74 6f 72  uspend.regulator
00015490: 2d 73 75 73 70 65 6e 64 2d 6d 69 63 72 6f 76 6f  -suspend-microvo
000154a0: 6c 74 00 72 65 67 75 6c 61 74 6f 72 2d 6f 66 66  lt.regulator-off
000154b0: 2d 69 6e 2d 73 75 73 70 65 6e 64 00 6f 63 76 5f  -in-suspend.ocv_
000154c0: 74 61 62 6c 65 00 64 65 73 69 67 6e 5f 63 61 70  table.design_cap
000154d0: 61 63 69 74 79 00 64 65 73 69 67 6e 5f 71 6d 61  acity.design_qma
000154e0: 78 00 62 61 74 5f 72 65 73 00 73 6c 65 65 70 5f  x.bat_res.sleep_
000154f0: 65 6e 74 65 72 5f 63 75 72 72 65 6e 74 00 73 6c  enter_current.sl
00015500: 65 65 70 5f 65 78 69 74 5f 63 75 72 72 65 6e 74  eep_exit_current
00015510: 00 73 6c 65 65 70 5f 66 69 6c 74 65 72 5f 63 75  .sleep_filter_cu
00015520: 72 72 65 6e 74 00 70 6f 77 65 72 5f 6f 66 66 5f  rrent.power_off_
00015530: 74 68 72 65 73 64 00 7a 65 72 6f 5f 61 6c 67 6f  thresd.zero_algo
00015540: 72 69 74 68 6d 5f 76 6f 6c 00 6d 61 78 5f 73 6f  rithm_vol.max_so
00015550: 63 5f 6f 66 66 73 65 74 00 6d 6f 6e 69 74 6f 72  c_offset.monitor
00015560: 5f 73 65 63 00 73 61 6d 70 6c 65 5f 72 65 73 00  _sec.sample_res.
00015570: 76 69 72 74 75 61 6c 5f 70 6f 77 65 72 00 70 6f  virtual_power.po
00015580: 77 65 72 5f 64 63 32 6f 74 67 00 6d 69 6e 5f 69  wer_dc2otg.min_i
00015590: 6e 70 75 74 5f 76 6f 6c 74 61 67 65 00 6d 61 78  nput_voltage.max
000155a0: 5f 69 6e 70 75 74 5f 63 75 72 72 65 6e 74 00 6d  _input_current.m
000155b0: 61 78 5f 63 68 72 67 5f 63 75 72 72 65 6e 74 00  ax_chrg_current.
000155c0: 6d 61 78 5f 63 68 72 67 5f 76 6f 6c 74 61 67 65  max_chrg_voltage
000155d0: 00 63 68 72 67 5f 74 65 72 6d 5f 6d 6f 64 65 00  .chrg_term_mode.
000155e0: 63 68 72 67 5f 66 69 6e 69 73 68 5f 63 75 72 00  chrg_finish_cur.
000155f0: 64 63 5f 64 65 74 5f 67 70 69 6f 00 65 78 74 63  dc_det_gpio.extc
00015600: 6f 6e 00 68 70 2d 76 6f 6c 75 6d 65 00 73 70 6b  on.hp-volume.spk
00015610: 2d 76 6f 6c 75 6d 65 00 76 6f 6c 75 6d 65 2d 6d  -volume.volume-m
00015620: 69 6e 2d 64 62 00 23 70 77 6d 2d 63 65 6c 6c 73  in-db.#pwm-cells
00015630: 00 72 61 6e 67 65 73 00 23 64 6d 61 2d 63 65 6c  .ranges.#dma-cel
00015640: 6c 73 00 70 65 72 69 70 68 65 72 61 6c 73 2d 72  ls.peripherals-r
00015650: 65 71 2d 74 79 70 65 2d 62 75 72 73 74 00 70 6f  eq-type-burst.po
00015660: 6c 6c 69 6e 67 2d 64 65 6c 61 79 2d 70 61 73 73  lling-delay-pass
00015670: 69 76 65 00 70 6f 6c 6c 69 6e 67 2d 64 65 6c 61  ive.polling-dela
00015680: 79 00 73 75 73 74 61 69 6e 61 62 6c 65 2d 70 6f  y.sustainable-po
00015690: 77 65 72 00 74 68 65 72 6d 61 6c 2d 73 65 6e 73  wer.thermal-sens
000156a0: 6f 72 73 00 74 65 6d 70 65 72 61 74 75 72 65 00  ors.temperature.
000156b0: 74 72 69 70 00 63 6f 6f 6c 69 6e 67 2d 64 65 76  trip.cooling-dev
000156c0: 69 63 65 00 63 6f 6e 74 72 69 62 75 74 69 6f 6e  ice.contribution
000156d0: 00 23 74 68 65 72 6d 61 6c 2d 73 65 6e 73 6f 72  .#thermal-sensor
000156e0: 2d 63 65 6c 6c 73 00 72 6f 63 6b 63 68 69 70 2c  -cells.rockchip,
000156f0: 68 77 2d 74 73 68 75 74 2d 74 65 6d 70 00 23 69  hw-tshut-temp.#i
00015700: 6f 2d 63 68 61 6e 6e 65 6c 2d 63 65 6c 6c 73 00  o-channel-cells.
00015710: 76 72 65 66 2d 73 75 70 70 6c 79 00 62 69 74 73  vref-supply.bits
00015720: 00 72 6f 63 6b 63 68 69 70 2c 62 6f 6f 73 74 00  .rockchip,boost.
00015730: 23 72 65 73 65 74 2d 63 65 6c 6c 73 00 72 6f 63  #reset-cells.roc
00015740: 6b 63 68 69 70 2c 62 6f 6f 73 74 2d 6c 6f 77 2d  kchip,boost-low-
00015750: 63 6f 6e 30 00 72 6f 63 6b 63 68 69 70 2c 62 6f  con0.rockchip,bo
00015760: 6f 73 74 2d 6c 6f 77 2d 63 6f 6e 31 00 72 6f 63  ost-low-con1.roc
00015770: 6b 63 68 69 70 2c 62 6f 6f 73 74 2d 68 69 67 68  kchip,boost-high
00015780: 2d 63 6f 6e 30 00 72 6f 63 6b 63 68 69 70 2c 62  -con0.rockchip,b
00015790: 6f 6f 73 74 2d 68 69 67 68 2d 63 6f 6e 31 00 72  oost-high-con1.r
000157a0: 6f 63 6b 63 68 69 70 2c 62 6f 6f 73 74 2d 62 61  ockchip,boost-ba
000157b0: 63 6b 75 70 2d 70 6c 6c 00 72 6f 63 6b 63 68 69  ckup-pll.rockchi
000157c0: 70 2c 62 6f 6f 73 74 2d 62 61 63 6b 75 70 2d 70  p,boost-backup-p
000157d0: 6c 6c 2d 75 73 61 67 65 00 72 6f 63 6b 63 68 69  ll-usage.rockchi
000157e0: 70 2c 62 6f 6f 73 74 2d 73 77 69 74 63 68 2d 74  p,boost-switch-t
000157f0: 68 72 65 73 68 6f 6c 64 00 72 6f 63 6b 63 68 69  hreshold.rockchi
00015800: 70 2c 62 6f 6f 73 74 2d 73 74 61 74 69 73 2d 74  p,boost-statis-t
00015810: 68 72 65 73 68 6f 6c 64 00 72 6f 63 6b 63 68 69  hreshold.rockchi
00015820: 70 2c 62 6f 6f 73 74 2d 73 74 61 74 69 73 2d 65  p,boost-statis-e
00015830: 6e 61 62 6c 65 00 72 6f 63 6b 63 68 69 70 2c 62  nable.rockchip,b
00015840: 6f 6f 73 74 2d 65 6e 61 62 6c 65 00 61 73 73 69  oost-enable.assi
00015850: 67 6e 65 64 2d 63 6c 6f 63 6b 2d 70 61 72 65 6e  gned-clock-paren
00015860: 74 73 00 23 70 68 79 2d 63 65 6c 6c 73 00 69 6e  ts.#phy-cells.in
00015870: 74 65 72 72 75 70 74 2d 6e 61 6d 65 73 00 70 6f  terrupt-names.po
00015880: 77 65 72 2d 64 6f 6d 61 69 6e 73 00 64 72 5f 6d  wer-domains.dr_m
00015890: 6f 64 65 00 67 2d 6e 70 2d 74 78 2d 66 69 66 6f  ode.g-np-tx-fifo
000158a0: 2d 73 69 7a 65 00 67 2d 72 78 2d 66 69 66 6f 2d  -size.g-rx-fifo-
000158b0: 73 69 7a 65 00 67 2d 74 78 2d 66 69 66 6f 2d 73  size.g-tx-fifo-s
000158c0: 69 7a 65 00 67 2d 75 73 65 2d 64 6d 61 00 76 62  ize.g-use-dma.vb
000158d0: 75 73 2d 73 75 70 70 6c 79 00 70 68 79 2d 6d 6f  us-supply.phy-mo
000158e0: 64 65 00 6d 61 78 2d 66 72 65 71 75 65 6e 63 79  de.max-frequency
000158f0: 00 66 69 66 6f 2d 64 65 70 74 68 00 62 75 73 2d  .fifo-depth.bus-
00015900: 77 69 64 74 68 00 63 61 70 2d 73 64 2d 68 69 67  width.cap-sd-hig
00015910: 68 73 70 65 65 64 00 73 75 70 70 6f 72 74 73 2d  hspeed.supports-
00015920: 73 64 00 63 61 72 64 2d 64 65 74 65 63 74 2d 64  sd.card-detect-d
00015930: 65 6c 61 79 00 69 67 6e 6f 72 65 2d 70 6d 2d 6e  elay.ignore-pm-n
00015940: 6f 74 69 66 79 00 63 64 2d 67 70 69 6f 73 00 73  otify.cd-gpios.s
00015950: 64 2d 75 68 73 2d 73 64 72 31 32 00 73 64 2d 75  d-uhs-sdr12.sd-u
00015960: 68 73 2d 73 64 72 32 35 00 73 64 2d 75 68 73 2d  hs-sdr25.sd-uhs-
00015970: 73 64 72 35 30 00 73 64 2d 75 68 73 2d 73 64 72  sdr50.sd-uhs-sdr
00015980: 31 30 34 00 76 71 6d 6d 63 2d 73 75 70 70 6c 79  104.vqmmc-supply
00015990: 00 76 6d 6d 63 2d 73 75 70 70 6c 79 00 6e 61 6e  .vmmc-supply.nan
000159a0: 64 63 5f 69 64 00 6d 61 6c 69 2d 73 75 70 70 6c  dc_id.mali-suppl
000159b0: 79 00 73 74 61 74 69 63 2d 63 6f 65 66 66 69 63  y.static-coeffic
000159c0: 69 65 6e 74 00 64 79 6e 61 6d 69 63 2d 63 6f 65  ient.dynamic-coe
000159d0: 66 66 69 63 69 65 6e 74 00 69 6f 6d 6d 75 5f 65  fficient.iommu_e
000159e0: 6e 61 62 6c 65 64 00 64 65 76 5f 6d 6f 64 65 00  nabled.dev_mode.
000159f0: 69 6f 6d 6d 75 73 00 61 6c 6c 6f 63 61 74 6f 72  iommus.allocator
00015a00: 00 73 75 62 63 6e 74 00 72 6f 63 6b 63 68 69 70  .subcnt.rockchip
00015a10: 2c 73 75 62 00 6d 6f 64 65 5f 62 69 74 00 6d 6f  ,sub.mode_bit.mo
00015a20: 64 65 5f 63 74 72 6c 00 23 69 6f 6d 6d 75 2d 63  de_ctrl.#iommu-c
00015a30: 65 6c 6c 73 00 62 61 63 6b 6c 69 67 68 74 00 72  ells.backlight.r
00015a40: 65 73 65 74 2d 67 70 69 6f 73 00 65 6e 61 62 6c  eset-gpios.enabl
00015a50: 65 2d 67 70 69 6f 73 00 70 72 65 70 61 72 65 2d  e-gpios.prepare-
00015a60: 64 65 6c 61 79 2d 6d 73 00 72 65 73 65 74 2d 64  delay-ms.reset-d
00015a70: 65 6c 61 79 2d 6d 73 00 69 6e 69 74 2d 64 65 6c  elay-ms.init-del
00015a80: 61 79 2d 6d 73 00 65 6e 61 62 6c 65 2d 64 65 6c  ay-ms.enable-del
00015a90: 61 79 2d 6d 73 00 64 69 73 61 62 6c 65 2d 64 65  ay-ms.disable-de
00015aa0: 6c 61 79 2d 6d 73 00 75 6e 70 72 65 70 61 72 65  lay-ms.unprepare
00015ab0: 2d 64 65 6c 61 79 2d 6d 73 00 77 69 64 74 68 2d  -delay-ms.width-
00015ac0: 6d 6d 00 68 65 69 67 68 74 2d 6d 6d 00 64 73 69  mm.height-mm.dsi
00015ad0: 2c 66 6c 61 67 73 00 64 73 69 2c 66 6f 72 6d 61  ,flags.dsi,forma
00015ae0: 74 00 64 73 69 2c 6c 61 6e 65 73 00 70 61 6e 65  t.dsi,lanes.pane
00015af0: 6c 2d 69 6e 69 74 2d 73 65 71 75 65 6e 63 65 00  l-init-sequence.
00015b00: 70 61 6e 65 6c 2d 65 78 69 74 2d 73 65 71 75 65  panel-exit-seque
00015b10: 6e 63 65 00 6e 61 74 69 76 65 2d 6d 6f 64 65 00  nce.native-mode.
00015b20: 68 61 63 74 69 76 65 00 76 61 63 74 69 76 65 00  hactive.vactive.
00015b30: 68 66 72 6f 6e 74 2d 70 6f 72 63 68 00 68 73 79  hfront-porch.hsy
00015b40: 6e 63 2d 6c 65 6e 00 68 62 61 63 6b 2d 70 6f 72  nc-len.hback-por
00015b50: 63 68 00 76 66 72 6f 6e 74 2d 70 6f 72 63 68 00  ch.vfront-porch.
00015b60: 76 73 79 6e 63 2d 6c 65 6e 00 76 62 61 63 6b 2d  vsync-len.vback-
00015b70: 70 6f 72 63 68 00 68 73 79 6e 63 2d 61 63 74 69  porch.hsync-acti
00015b80: 76 65 00 76 73 79 6e 63 2d 61 63 74 69 76 65 00  ve.vsync-active.
00015b90: 64 65 2d 61 63 74 69 76 65 00 70 69 78 65 6c 63  de-active.pixelc
00015ba0: 6c 6b 2d 61 63 74 69 76 65 00 72 65 67 2d 6e 61  lk-active.reg-na
00015bb0: 6d 65 73 00 64 6d 61 2d 63 6f 68 65 72 65 6e 74  mes.dma-coherent
00015bc0: 00 72 6b 5f 69 6f 6d 6d 75 2c 64 69 73 61 62 6c  .rk_iommu,disabl
00015bd0: 65 5f 72 65 73 65 74 5f 71 75 69 72 6b 00 72 6f  e_reset_quirk.ro
00015be0: 63 6b 63 68 69 70 2c 69 73 70 2c 6d 69 70 69 70  ckchip,isp,mipip
00015bf0: 68 79 00 72 6f 63 6b 63 68 69 70 2c 69 73 70 2c  hy.rockchip,isp,
00015c00: 63 73 69 70 68 79 2c 72 65 67 00 72 6f 63 6b 63  csiphy,reg.rockc
00015c10: 68 69 70 2c 69 73 70 2c 69 6f 6d 6d 75 2d 65 6e  hip,isp,iommu-en
00015c20: 61 62 6c 65 00 64 65 76 66 72 65 71 00 72 6f 63  able.devfreq.roc
00015c30: 6b 63 68 69 70 2c 70 6d 75 67 72 66 00 64 65 76  kchip,pmugrf.dev
00015c40: 66 72 65 71 2d 65 76 65 6e 74 73 00 64 64 72 5f  freq-events.ddr_
00015c50: 74 69 6d 69 6e 67 00 75 70 74 68 72 65 73 68 6f  timing.upthresho
00015c60: 6c 64 00 64 6f 77 6e 64 69 66 66 65 72 65 6e 74  ld.downdifferent
00015c70: 69 61 6c 00 73 79 73 74 65 6d 2d 73 74 61 74 75  ial.system-statu
00015c80: 73 2d 66 72 65 71 00 61 75 74 6f 2d 6d 69 6e 2d  s-freq.auto-min-
00015c90: 66 72 65 71 00 61 75 74 6f 2d 66 72 65 71 2d 65  freq.auto-freq-e
00015ca0: 6e 00 63 65 6e 74 65 72 2d 73 75 70 70 6c 79 00  n.center-supply.
00015cb0: 73 74 61 74 69 63 2d 70 6f 77 65 72 2d 63 6f 65  static-power-coe
00015cc0: 66 66 69 63 69 65 6e 74 00 72 6f 63 6b 63 68 69  fficient.rockchi
00015cd0: 70 2c 70 6f 6c 6c 69 6e 67 2d 64 65 6c 61 79 00  p,polling-delay.
00015ce0: 72 6f 63 6b 63 68 69 70 2c 70 6d 75 00 62 69 61  rockchip,pmu.bia
00015cf0: 73 2d 70 75 6c 6c 2d 75 70 00 62 69 61 73 2d 70  s-pull-up.bias-p
00015d00: 75 6c 6c 2d 64 6f 77 6e 00 62 69 61 73 2d 64 69  ull-down.bias-di
00015d10: 73 61 62 6c 65 00 64 72 69 76 65 2d 73 74 72 65  sable.drive-stre
00015d20: 6e 67 74 68 00 69 6e 70 75 74 2d 73 63 68 6d 69  ngth.input-schmi
00015d30: 74 74 2d 65 6e 61 62 6c 65 00 6f 75 74 70 75 74  tt-enable.output
00015d40: 2d 68 69 67 68 00 6f 75 74 70 75 74 2d 6c 6f 77  -high.output-low
00015d50: 00 69 6e 70 75 74 2d 65 6e 61 62 6c 65 00 72 6f  .input-enable.ro
00015d60: 63 6b 63 68 69 70 2c 70 69 6e 73 00 62 6f 6f 74  ckchip,pins.boot
00015d70: 61 72 67 73 00 72 6f 63 6b 63 68 69 70 2c 73 65  args.rockchip,se
00015d80: 72 69 61 6c 2d 69 64 00 72 6f 63 6b 63 68 69 70  rial-id.rockchip
00015d90: 2c 77 61 6b 65 2d 69 72 71 00 72 6f 63 6b 63 68  ,wake-irq.rockch
00015da0: 69 70 2c 69 72 71 2d 6d 6f 64 65 2d 65 6e 61 62  ip,irq-mode-enab
00015db0: 6c 65 00 72 6f 63 6b 63 68 69 70 2c 62 61 75 64  le.rockchip,baud
00015dc0: 72 61 74 65 00 72 65 63 6f 72 64 2d 73 69 7a 65  rate.record-size
00015dd0: 00 63 6f 6e 73 6f 6c 65 2d 73 69 7a 65 00 66 74  .console-size.ft
00015de0: 72 61 63 65 2d 73 69 7a 65 00 70 6d 73 67 2d 73  race-size.pmsg-s
00015df0: 69 7a 65 00 69 6f 2d 63 68 61 6e 6e 65 6c 73 00  ize.io-channels.
00015e00: 70 6f 6c 6c 2d 69 6e 74 65 72 76 61 6c 00 61 75  poll-interval.au
00015e10: 74 6f 72 65 70 65 61 74 00 72 65 70 65 61 74 2d  torepeat.repeat-
00015e20: 64 65 6c 61 79 2d 6d 73 00 72 65 70 65 61 74 2d  delay-ms.repeat-
00015e30: 70 65 72 69 6f 64 2d 6d 73 00 6c 69 6e 75 78 2c  period-ms.linux,
00015e40: 63 6f 64 65 00 6c 61 62 65 6c 00 72 6f 63 6b 63  code.label.rockc
00015e50: 68 69 70 2c 61 64 63 5f 76 61 6c 75 65 00 6a 6f  hip,adc_value.jo
00015e60: 79 70 61 64 2d 6e 61 6d 65 00 6a 6f 79 70 61 64  ypad-name.joypad
00015e70: 2d 70 72 6f 64 75 63 74 00 6a 6f 79 70 61 64 2d  -product.joypad-
00015e80: 72 65 76 69 73 69 6f 6e 00 69 6f 2d 63 68 61 6e  revision.io-chan
00015e90: 6e 65 6c 2d 6e 61 6d 65 73 00 61 6d 75 78 2d 63  nel-names.amux-c
00015ea0: 6f 75 6e 74 00 61 6d 75 78 2d 63 68 61 6e 6e 65  ount.amux-channe
00015eb0: 6c 2d 6d 61 70 70 69 6e 67 00 61 6d 75 78 2d 61  l-mapping.amux-a
00015ec0: 2d 67 70 69 6f 73 00 61 6d 75 78 2d 62 2d 67 70  -gpios.amux-b-gp
00015ed0: 69 6f 73 00 61 6d 75 78 2d 65 6e 2d 67 70 69 6f  ios.amux-en-gpio
00015ee0: 73 00 62 75 74 74 6f 6e 2d 61 64 63 2d 73 63 61  s.button-adc-sca
00015ef0: 6c 65 00 62 75 74 74 6f 6e 2d 61 64 63 2d 64 65  le.button-adc-de
00015f00: 61 64 7a 6f 6e 65 00 62 75 74 74 6f 6e 2d 61 64  adzone.button-ad
00015f10: 63 2d 66 75 7a 7a 00 62 75 74 74 6f 6e 2d 61 64  c-fuzz.button-ad
00015f20: 63 2d 66 6c 61 74 00 61 62 73 5f 78 2d 70 2d 74  c-flat.abs_x-p-t
00015f30: 75 6e 69 6e 67 00 61 62 73 5f 78 2d 6e 2d 74 75  uning.abs_x-n-tu
00015f40: 6e 69 6e 67 00 61 62 73 5f 79 2d 70 2d 74 75 6e  ning.abs_y-p-tun
00015f50: 69 6e 67 00 61 62 73 5f 79 2d 6e 2d 74 75 6e 69  ing.abs_y-n-tuni
00015f60: 6e 67 00 61 62 73 5f 72 78 2d 70 2d 74 75 6e 69  ng.abs_rx-p-tuni
00015f70: 6e 67 00 61 62 73 5f 72 78 2d 6e 2d 74 75 6e 69  ng.abs_rx-n-tuni
00015f80: 6e 67 00 61 62 73 5f 72 79 2d 70 2d 74 75 6e 69  ng.abs_ry-p-tuni
00015f90: 6e 67 00 61 62 73 5f 72 79 2d 6e 2d 74 75 6e 69  ng.abs_ry-n-tuni
00015fa0: 6e 67 00 69 6e 76 65 72 74 2d 61 62 73 78 00 69  ng.invert-absx.i
00015fb0: 6e 76 65 72 74 2d 61 62 73 79 00 69 6e 76 65 72  nvert-absy.inver
00015fc0: 74 2d 61 62 73 72 78 00 69 6e 76 65 72 74 2d 61  t-absrx.invert-a
00015fd0: 62 73 72 79 00 70 77 6d 73 00 62 72 69 67 68 74  bsry.pwms.bright
00015fe0: 6e 65 73 73 2d 6c 65 76 65 6c 73 00 64 65 66 61  ness-levels.defa
00015ff0: 75 6c 74 2d 62 72 69 67 68 74 6e 65 73 73 2d 6c  ult-brightness-l
00016000: 65 76 65 6c 00 6c 65 64 2d 72 65 64 00 6c 65 64  evel.led-red.led
00016010: 2d 62 6c 75 65 00 73 69 6d 70 6c 65 2d 61 75 64  -blue.simple-aud
00016020: 69 6f 2d 63 61 72 64 2c 66 6f 72 6d 61 74 00 73  io-card,format.s
00016030: 69 6d 70 6c 65 2d 61 75 64 69 6f 2d 63 61 72 64  imple-audio-card
00016040: 2c 6e 61 6d 65 00 73 69 6d 70 6c 65 2d 61 75 64  ,name.simple-aud
00016050: 69 6f 2d 63 61 72 64 2c 6d 63 6c 6b 2d 66 73 00  io-card,mclk-fs.
00016060: 73 69 6d 70 6c 65 2d 61 75 64 69 6f 2d 63 61 72  simple-audio-car
00016070: 64 2c 77 69 64 67 65 74 73 00 73 69 6d 70 6c 65  d,widgets.simple
00016080: 2d 61 75 64 69 6f 2d 63 61 72 64 2c 72 6f 75 74  -audio-card,rout
00016090: 69 6e 67 00 73 69 6d 70 6c 65 2d 61 75 64 69 6f  ing.simple-audio
000160a0: 2d 63 61 72 64 2c 68 70 2d 64 65 74 2d 67 70 69  -card,hp-det-gpi
000160b0: 6f 00 73 6f 75 6e 64 2d 64 61 69 00 65 6e 61 62  o.sound-dai.enab
000160c0: 6c 65 2d 61 63 74 69 76 65 2d 68 69 67 68 00 76  le-active-high.v
000160d0: 69 6e 2d 73 75 70 70 6c 79 00 72 6f 63 6b 63 68  in-supply.rockch
000160e0: 69 70 2c 75 62 6f 6f 74 2d 63 68 61 72 67 65 2d  ip,uboot-charge-
000160f0: 6f 6e 00 72 6f 63 6b 63 68 69 70 2c 61 6e 64 72  on.rockchip,andr
00016100: 6f 69 64 2d 63 68 61 72 67 65 2d 6f 6e 00 72 6f  oid-charge-on.ro
00016110: 63 6b 63 68 69 70 2c 75 62 6f 6f 74 2d 65 78 69  ckchip,uboot-exi
00016120: 74 2d 63 68 61 72 67 65 2d 6c 65 76 65 6c 00 72  t-charge-level.r
00016130: 6f 63 6b 63 68 69 70 2c 75 62 6f 6f 74 2d 65 78  ockchip,uboot-ex
00016140: 69 74 2d 63 68 61 72 67 65 2d 76 6f 6c 74 61 67  it-charge-voltag
00016150: 65 00 72 6f 63 6b 63 68 69 70 2c 73 63 72 65 65  e.rockchip,scree
00016160: 6e 2d 6f 6e 2d 76 6f 6c 74 61 67 65 00 72 6f 63  n-on-voltage.roc
00016170: 6b 63 68 69 70 2c 75 62 6f 6f 74 2d 6c 6f 77 2d  kchip,uboot-low-
00016180: 70 6f 77 65 72 2d 76 6f 6c 74 61 67 65 00 72 6f  power-voltage.ro
00016190: 63 6b 63 68 69 70 2c 73 79 73 74 65 6d 2d 73 75  ckchip,system-su
000161a0: 73 70 65 6e 64 00 72 6f 63 6b 63 68 69 70 2c 61  spend.rockchip,a
000161b0: 75 74 6f 2d 6f 66 66 2d 73 63 72 65 65 6e 2d 69  uto-off-screen-i
000161c0: 6e 74 65 72 76 61 6c 00 72 6f 63 6b 63 68 69 70  nterval.rockchip
000161d0: 2c 61 75 74 6f 2d 77 61 6b 65 75 70 2d 69 6e 74  ,auto-wakeup-int
000161e0: 65 72 76 61 6c 00 72 6f 63 6b 63 68 69 70 2c 61  erval.rockchip,a
000161f0: 75 74 6f 2d 77 61 6b 65 75 70 2d 73 63 72 65 65  uto-wakeup-scree
00016200: 6e 2d 69 6e 76 65 72 74 00 63 70 75 30 00 63 70  n-invert.cpu0.cp
00016210: 75 31 00 63 70 75 32 00 63 70 75 33 00 43 50 55  u1.cpu2.cpu3.CPU
00016220: 5f 53 4c 45 45 50 00 43 4c 55 53 54 45 52 5f 53  _SLEEP.CLUSTER_S
00016230: 4c 45 45 50 00 63 70 75 30 5f 6f 70 70 5f 74 61  LEEP.cpu0_opp_ta
00016240: 62 6c 65 00 62 75 73 5f 73 6f 63 00 62 75 73 5f  ble.bus_soc.bus_
00016250: 61 70 6c 6c 00 62 75 73 5f 61 70 6c 6c 5f 6f 70  apll.bus_apll_op
00016260: 70 5f 74 61 62 6c 65 00 64 69 73 70 6c 61 79 5f  p_table.display_
00016270: 73 75 62 73 79 73 74 65 6d 00 72 6f 75 74 65 5f  subsystem.route_
00016280: 6c 76 64 73 00 72 6f 75 74 65 5f 64 73 69 00 72  lvds.route_dsi.r
00016290: 6f 75 74 65 5f 72 67 62 00 67 6d 61 63 5f 63 6c  oute_rgb.gmac_cl
000162a0: 6b 69 6e 00 72 6f 63 6b 63 68 69 70 5f 73 75 73  kin.rockchip_sus
000162b0: 70 65 6e 64 00 78 69 6e 32 34 6d 00 78 69 6e 33  pend.xin24m.xin3
000162c0: 32 6b 00 70 6d 75 5f 69 6f 5f 64 6f 6d 61 69 6e  2k.pmu_io_domain
000162d0: 73 00 70 6d 75 5f 70 76 74 6d 00 75 61 72 74 30  s.pmu_pvtm.uart0
000162e0: 00 69 32 73 30 5f 38 63 68 00 69 32 73 31 5f 32  .i2s0_8ch.i2s1_2
000162f0: 63 68 00 69 32 73 32 5f 32 63 68 00 70 64 6d 00  ch.i2s2_2ch.pdm.
00016300: 63 72 79 70 74 6f 00 72 6e 67 00 67 69 63 00 6c  crypto.rng.gic.l
00016310: 76 64 73 5f 69 6e 5f 76 6f 70 62 00 72 67 62 5f  vds_in_vopb.rgb_
00016320: 69 6e 5f 76 6f 70 62 00 63 6f 72 65 5f 67 72 66  in_vopb.core_grf
00016330: 00 75 61 72 74 31 00 75 61 72 74 32 00 75 61 72  .uart1.uart2.uar
00016340: 74 33 00 75 61 72 74 34 00 75 61 72 74 35 00 72  t3.uart4.uart5.r
00016350: 6b 38 31 37 00 70 69 6e 63 74 72 6c 5f 72 6b 38  k817.pinctrl_rk8
00016360: 78 78 00 72 6b 38 31 37 5f 74 73 5f 67 70 69 6f  xx.rk817_ts_gpio
00016370: 31 00 72 6b 38 31 37 5f 67 74 5f 67 70 69 6f 32  1.rk817_gt_gpio2
00016380: 00 72 6b 38 31 37 5f 70 69 6e 5f 74 73 00 72 6b  .rk817_pin_ts.rk
00016390: 38 31 37 5f 70 69 6e 5f 67 74 00 72 6b 38 31 37  817_pin_gt.rk817
000163a0: 5f 73 6c 70 70 69 6e 5f 6e 75 6c 6c 00 72 6b 38  _slppin_null.rk8
000163b0: 31 37 5f 73 6c 70 70 69 6e 5f 73 6c 70 00 72 6b  17_slppin_slp.rk
000163c0: 38 31 37 5f 73 6c 70 70 69 6e 5f 70 77 72 64 6e  817_slppin_pwrdn
000163d0: 00 72 6b 38 31 37 5f 73 6c 70 70 69 6e 5f 72 73  .rk817_slppin_rs
000163e0: 74 00 76 64 64 5f 6c 6f 67 69 63 00 76 64 64 5f  t.vdd_logic.vdd_
000163f0: 61 72 6d 00 76 63 63 5f 64 64 72 00 76 63 63 5f  arm.vcc_ddr.vcc_
00016400: 33 76 30 00 76 63 63 5f 31 76 30 00 76 63 63 31  3v0.vcc_1v0.vcc1
00016410: 76 38 5f 73 6f 63 00 76 64 64 31 76 30 5f 73 6f  v8_soc.vdd1v0_so
00016420: 63 00 76 63 63 33 76 30 5f 70 6d 75 00 76 63 63  c.vcc3v0_pmu.vcc
00016430: 69 6f 5f 73 64 00 76 63 63 5f 73 64 00 76 63 63  io_sd.vcc_sd.vcc
00016440: 32 76 38 5f 64 76 70 00 76 63 63 5f 6c 63 64 00  2v8_dvp.vcc_lcd.
00016450: 76 64 64 31 76 35 5f 64 76 70 00 72 6b 38 31 37  vdd1v5_dvp.rk817
00016460: 5f 63 6f 64 65 63 00 77 64 74 00 70 77 6d 30 00  _codec.wdt.pwm0.
00016470: 70 77 6d 31 00 70 77 6d 32 00 70 77 6d 33 00 70  pwm1.pwm2.pwm3.p
00016480: 77 6d 34 00 70 77 6d 35 00 70 77 6d 36 00 70 77  wm4.pwm5.pwm6.pw
00016490: 6d 37 00 72 6b 74 69 6d 65 72 00 64 6d 61 63 00  m7.rktimer.dmac.
000164a0: 74 68 65 72 6d 61 6c 5f 7a 6f 6e 65 73 00 73 6f  thermal_zones.so
000164b0: 63 5f 74 68 65 72 6d 61 6c 00 74 61 72 67 65 74  c_thermal.target
000164c0: 00 73 6f 63 5f 63 72 69 74 00 67 70 75 5f 74 68  .soc_crit.gpu_th
000164d0: 65 72 6d 61 6c 00 74 73 61 64 63 00 73 61 72 61  ermal.tsadc.sara
000164e0: 64 63 00 6f 74 70 00 6f 74 70 5f 69 64 00 63 70  dc.otp.otp_id.cp
000164f0: 75 5f 6c 65 61 6b 61 67 65 00 70 65 72 66 6f 72  u_leakage.perfor
00016500: 6d 61 6e 63 65 00 63 70 75 5f 62 6f 6f 73 74 00  mance.cpu_boost.
00016510: 70 6d 75 63 72 75 00 75 73 62 32 70 68 79 5f 67  pmucru.usb2phy_g
00016520: 72 66 00 75 32 70 68 79 00 75 32 70 68 79 5f 68  rf.u2phy.u2phy_h
00016530: 6f 73 74 00 75 32 70 68 79 5f 6f 74 67 00 76 69  ost.u2phy_otg.vi
00016540: 64 65 6f 5f 70 68 79 00 6d 69 70 69 5f 64 70 68  deo_phy.mipi_dph
00016550: 79 5f 72 78 30 00 75 73 62 32 30 5f 6f 74 67 00  y_rx0.usb20_otg.
00016560: 75 73 62 5f 68 6f 73 74 30 5f 65 68 63 69 00 75  usb_host0_ehci.u
00016570: 73 62 5f 68 6f 73 74 30 5f 6f 68 63 69 00 67 6d  sb_host0_ohci.gm
00016580: 61 63 00 73 64 6d 6d 63 00 73 64 69 6f 00 65 6d  ac.sdmmc.sdio.em
00016590: 6d 63 00 6e 61 6e 64 63 30 00 73 66 63 00 67 70  mc.nandc0.sfc.gp
000165a0: 75 00 67 70 75 5f 6f 70 70 5f 74 61 62 6c 65 00  u.gpu_opp_table.
000165b0: 68 65 76 63 00 76 70 75 00 76 70 75 5f 63 6f 6d  hevc.vpu.vpu_com
000165c0: 62 6f 00 68 65 76 63 5f 6d 6d 75 00 76 70 75 5f  bo.hevc_mmu.vpu_
000165d0: 6d 6d 75 00 64 73 69 5f 69 6e 5f 76 6f 70 62 00  mmu.dsi_in_vopb.
000165e0: 74 69 6d 69 6e 67 30 00 74 69 6d 69 6e 67 31 00  timing0.timing1.
000165f0: 76 6f 70 62 5f 6f 75 74 00 76 6f 70 62 5f 6f 75  vopb_out.vopb_ou
00016600: 74 5f 6c 76 64 73 00 76 6f 70 62 5f 6f 75 74 5f  t_lvds.vopb_out_
00016610: 64 73 69 00 76 6f 70 62 5f 6f 75 74 5f 72 67 62  dsi.vopb_out_rgb
00016620: 00 76 6f 70 62 5f 6d 6d 75 00 72 6b 5f 72 67 61  .vopb_mmu.rk_rga
00016630: 00 63 69 66 00 63 69 66 5f 6e 65 77 00 76 69 70  .cif.cif_new.vip
00016640: 5f 6d 6d 75 00 72 6b 5f 69 73 70 00 72 6b 69 73  _mmu.rk_isp.rkis
00016650: 70 31 00 69 73 70 5f 6d 6d 75 00 71 6f 73 5f 67  p1.isp_mmu.qos_g
00016660: 6d 61 63 00 71 6f 73 5f 67 70 75 00 71 6f 73 5f  mac.qos_gpu.qos_
00016670: 73 64 6d 6d 63 00 71 6f 73 5f 65 6d 6d 63 00 71  sdmmc.qos_emmc.q
00016680: 6f 73 5f 6e 61 6e 64 00 71 6f 73 5f 73 64 69 6f  os_nand.qos_sdio
00016690: 00 71 6f 73 5f 73 66 63 00 71 6f 73 5f 75 73 62  .qos_sfc.qos_usb
000166a0: 5f 68 6f 73 74 00 71 6f 73 5f 75 73 62 5f 6f 74  _host.qos_usb_ot
000166b0: 67 00 71 6f 73 5f 69 73 70 5f 31 32 38 00 71 6f  g.qos_isp_128.qo
000166c0: 73 5f 69 73 70 5f 72 64 00 71 6f 73 5f 69 73 70  s_isp_rd.qos_isp
000166d0: 5f 77 72 00 71 6f 73 5f 69 73 70 5f 6d 31 00 71  _wr.qos_isp_m1.q
000166e0: 6f 73 5f 76 69 70 00 71 6f 73 5f 72 67 61 5f 72  os_vip.qos_rga_r
000166f0: 64 00 71 6f 73 5f 72 67 61 5f 77 72 00 71 6f 73  d.qos_rga_wr.qos
00016700: 5f 76 6f 70 5f 6d 30 00 71 6f 73 5f 76 6f 70 5f  _vop_m0.qos_vop_
00016710: 6d 31 00 71 6f 73 5f 76 70 75 00 71 6f 73 5f 76  m1.qos_vpu.qos_v
00016720: 70 75 5f 72 31 32 38 00 64 66 69 00 64 6d 63 00  pu_r128.dfi.dmc.
00016730: 64 64 72 5f 70 6f 77 65 72 5f 6d 6f 64 65 6c 00  ddr_power_model.
00016740: 64 6d 63 5f 6f 70 70 5f 74 61 62 6c 65 00 72 6f  dmc_opp_table.ro
00016750: 63 6b 63 68 69 70 5f 73 79 73 74 65 6d 5f 6d 6f  ckchip_system_mo
00016760: 6e 69 74 6f 72 00 70 69 6e 63 74 72 6c 00 67 70  nitor.pinctrl.gp
00016770: 69 6f 30 00 67 70 69 6f 33 00 70 63 66 67 5f 70  io0.gpio3.pcfg_p
00016780: 75 6c 6c 5f 75 70 00 70 63 66 67 5f 70 75 6c 6c  ull_up.pcfg_pull
00016790: 5f 64 6f 77 6e 00 70 63 66 67 5f 70 75 6c 6c 5f  _down.pcfg_pull_
000167a0: 6e 6f 6e 65 00 70 63 66 67 5f 70 75 6c 6c 5f 6e  none.pcfg_pull_n
000167b0: 6f 6e 65 5f 32 6d 61 00 70 63 66 67 5f 70 75 6c  one_2ma.pcfg_pul
000167c0: 6c 5f 75 70 5f 32 6d 61 00 70 63 66 67 5f 70 75  l_up_2ma.pcfg_pu
000167d0: 6c 6c 5f 75 70 5f 34 6d 61 00 70 63 66 67 5f 70  ll_up_4ma.pcfg_p
000167e0: 75 6c 6c 5f 6e 6f 6e 65 5f 34 6d 61 00 70 63 66  ull_none_4ma.pcf
000167f0: 67 5f 70 75 6c 6c 5f 64 6f 77 6e 5f 34 6d 61 00  g_pull_down_4ma.
00016800: 70 63 66 67 5f 70 75 6c 6c 5f 6e 6f 6e 65 5f 38  pcfg_pull_none_8
00016810: 6d 61 00 70 63 66 67 5f 70 75 6c 6c 5f 75 70 5f  ma.pcfg_pull_up_
00016820: 38 6d 61 00 70 63 66 67 5f 70 75 6c 6c 5f 6e 6f  8ma.pcfg_pull_no
00016830: 6e 65 5f 31 32 6d 61 00 70 63 66 67 5f 70 75 6c  ne_12ma.pcfg_pul
00016840: 6c 5f 75 70 5f 31 32 6d 61 00 70 63 66 67 5f 70  l_up_12ma.pcfg_p
00016850: 75 6c 6c 5f 6e 6f 6e 65 5f 73 6d 74 00 70 63 66  ull_none_smt.pcf
00016860: 67 5f 6f 75 74 70 75 74 5f 68 69 67 68 00 70 63  g_output_high.pc
00016870: 66 67 5f 6f 75 74 70 75 74 5f 6c 6f 77 00 70 63  fg_output_low.pc
00016880: 66 67 5f 69 6e 70 75 74 5f 68 69 67 68 00 70 63  fg_input_high.pc
00016890: 66 67 5f 69 6e 70 75 74 00 69 32 63 30 5f 78 66  fg_input.i2c0_xf
000168a0: 65 72 00 69 32 63 31 5f 78 66 65 72 00 69 32 63  er.i2c1_xfer.i2c
000168b0: 32 5f 78 66 65 72 00 69 32 63 33 5f 78 66 65 72  2_xfer.i2c3_xfer
000168c0: 00 74 73 61 64 63 5f 6f 74 70 5f 67 70 69 6f 00  .tsadc_otp_gpio.
000168d0: 74 73 61 64 63 5f 6f 74 70 5f 6f 75 74 00 75 61  tsadc_otp_out.ua
000168e0: 72 74 30 5f 78 66 65 72 00 75 61 72 74 30 5f 63  rt0_xfer.uart0_c
000168f0: 74 73 00 75 61 72 74 30 5f 72 74 73 00 75 61 72  ts.uart0_rts.uar
00016900: 74 30 5f 72 74 73 5f 67 70 69 6f 00 75 61 72 74  t0_rts_gpio.uart
00016910: 31 5f 78 66 65 72 00 75 61 72 74 31 5f 63 74 73  1_xfer.uart1_cts
00016920: 00 75 61 72 74 31 5f 72 74 73 00 75 61 72 74 31  .uart1_rts.uart1
00016930: 5f 72 74 73 5f 67 70 69 6f 00 75 61 72 74 32 6d  _rts_gpio.uart2m
00016940: 30 5f 78 66 65 72 00 75 61 72 74 32 6d 31 5f 78  0_xfer.uart2m1_x
00016950: 66 65 72 00 75 61 72 74 33 6d 30 5f 78 66 65 72  fer.uart3m0_xfer
00016960: 00 75 61 72 74 33 6d 30 5f 63 74 73 00 75 61 72  .uart3m0_cts.uar
00016970: 74 33 6d 30 5f 72 74 73 00 75 61 72 74 33 6d 30  t3m0_rts.uart3m0
00016980: 5f 72 74 73 5f 67 70 69 6f 00 75 61 72 74 33 6d  _rts_gpio.uart3m
00016990: 31 5f 78 66 65 72 00 75 61 72 74 33 6d 31 5f 63  1_xfer.uart3m1_c
000169a0: 74 73 00 75 61 72 74 33 6d 31 5f 72 74 73 00 75  ts.uart3m1_rts.u
000169b0: 61 72 74 33 6d 31 5f 72 74 73 5f 67 70 69 6f 00  art3m1_rts_gpio.
000169c0: 75 61 72 74 34 5f 78 66 65 72 00 75 61 72 74 34  uart4_xfer.uart4
000169d0: 5f 63 74 73 00 75 61 72 74 34 5f 72 74 73 00 75  _cts.uart4_rts.u
000169e0: 61 72 74 35 5f 78 66 65 72 00 75 61 72 74 35 5f  art5_xfer.uart5_
000169f0: 63 74 73 00 75 61 72 74 35 5f 72 74 73 00 73 70  cts.uart5_rts.sp
00016a00: 69 30 5f 63 6c 6b 00 73 70 69 30 5f 63 73 6e 00  i0_clk.spi0_csn.
00016a10: 73 70 69 30 5f 6d 69 73 6f 00 73 70 69 30 5f 6d  spi0_miso.spi0_m
00016a20: 6f 73 69 00 73 70 69 30 5f 63 6c 6b 5f 68 73 00  osi.spi0_clk_hs.
00016a30: 73 70 69 30 5f 6d 69 73 6f 5f 68 73 00 73 70 69  spi0_miso_hs.spi
00016a40: 30 5f 6d 6f 73 69 5f 68 73 00 73 70 69 31 5f 63  0_mosi_hs.spi1_c
00016a50: 6c 6b 00 73 70 69 31 5f 63 73 6e 30 00 73 70 69  lk.spi1_csn0.spi
00016a60: 31 5f 63 73 6e 31 00 73 70 69 31 5f 6d 69 73 6f  1_csn1.spi1_miso
00016a70: 00 73 70 69 31 5f 6d 6f 73 69 00 73 70 69 31 5f  .spi1_mosi.spi1_
00016a80: 63 6c 6b 5f 68 73 00 73 70 69 31 5f 6d 69 73 6f  clk_hs.spi1_miso
00016a90: 5f 68 73 00 73 70 69 31 5f 6d 6f 73 69 5f 68 73  _hs.spi1_mosi_hs
00016aa0: 00 70 64 6d 5f 63 6c 6b 30 6d 30 00 70 64 6d 5f  .pdm_clk0m0.pdm_
00016ab0: 63 6c 6b 30 6d 31 00 70 64 6d 5f 63 6c 6b 31 00  clk0m1.pdm_clk1.
00016ac0: 70 64 6d 5f 73 64 69 30 6d 30 00 70 64 6d 5f 73  pdm_sdi0m0.pdm_s
00016ad0: 64 69 30 6d 31 00 70 64 6d 5f 73 64 69 31 00 70  di0m1.pdm_sdi1.p
00016ae0: 64 6d 5f 73 64 69 32 00 70 64 6d 5f 73 64 69 33  dm_sdi2.pdm_sdi3
00016af0: 00 70 64 6d 5f 63 6c 6b 30 6d 30 5f 73 6c 65 65  .pdm_clk0m0_slee
00016b00: 70 00 70 64 6d 5f 63 6c 6b 30 6d 5f 73 6c 65 65  p.pdm_clk0m_slee
00016b10: 70 31 00 70 64 6d 5f 63 6c 6b 31 5f 73 6c 65 65  p1.pdm_clk1_slee
00016b20: 70 00 70 64 6d 5f 73 64 69 30 6d 30 5f 73 6c 65  p.pdm_sdi0m0_sle
00016b30: 65 70 00 70 64 6d 5f 73 64 69 30 6d 31 5f 73 6c  ep.pdm_sdi0m1_sl
00016b40: 65 65 70 00 70 64 6d 5f 73 64 69 31 5f 73 6c 65  eep.pdm_sdi1_sle
00016b50: 65 70 00 70 64 6d 5f 73 64 69 32 5f 73 6c 65 65  ep.pdm_sdi2_slee
00016b60: 70 00 70 64 6d 5f 73 64 69 33 5f 73 6c 65 65 70  p.pdm_sdi3_sleep
00016b70: 00 69 32 73 30 5f 38 63 68 5f 6d 63 6c 6b 00 69  .i2s0_8ch_mclk.i
00016b80: 32 73 30 5f 38 63 68 5f 73 63 6c 6b 74 78 00 69  2s0_8ch_sclktx.i
00016b90: 32 73 30 5f 38 63 68 5f 73 63 6c 6b 72 78 00 69  2s0_8ch_sclkrx.i
00016ba0: 32 73 30 5f 38 63 68 5f 6c 72 63 6b 74 78 00 69  2s0_8ch_lrcktx.i
00016bb0: 32 73 30 5f 38 63 68 5f 6c 72 63 6b 72 78 00 69  2s0_8ch_lrckrx.i
00016bc0: 32 73 30 5f 38 63 68 5f 73 64 6f 30 00 69 32 73  2s0_8ch_sdo0.i2s
00016bd0: 30 5f 38 63 68 5f 73 64 6f 31 00 69 32 73 30 5f  0_8ch_sdo1.i2s0_
00016be0: 38 63 68 5f 73 64 6f 32 00 69 32 73 30 5f 38 63  8ch_sdo2.i2s0_8c
00016bf0: 68 5f 73 64 6f 33 00 69 32 73 30 5f 38 63 68 5f  h_sdo3.i2s0_8ch_
00016c00: 73 64 69 30 00 69 32 73 30 5f 38 63 68 5f 73 64  sdi0.i2s0_8ch_sd
00016c10: 69 31 00 69 32 73 30 5f 38 63 68 5f 73 64 69 32  i1.i2s0_8ch_sdi2
00016c20: 00 69 32 73 30 5f 38 63 68 5f 73 64 69 33 00 69  .i2s0_8ch_sdi3.i
00016c30: 32 73 31 5f 32 63 68 5f 6d 63 6c 6b 00 69 32 73  2s1_2ch_mclk.i2s
00016c40: 31 5f 32 63 68 5f 73 63 6c 6b 00 69 32 73 31 5f  1_2ch_sclk.i2s1_
00016c50: 32 63 68 5f 6c 72 63 6b 00 69 32 73 31 5f 32 63  2ch_lrck.i2s1_2c
00016c60: 68 5f 73 64 69 00 69 32 73 31 5f 32 63 68 5f 73  h_sdi.i2s1_2ch_s
00016c70: 64 6f 00 69 32 73 32 5f 32 63 68 5f 6d 63 6c 6b  do.i2s2_2ch_mclk
00016c80: 00 69 32 73 32 5f 32 63 68 5f 73 63 6c 6b 00 69  .i2s2_2ch_sclk.i
00016c90: 32 73 32 5f 32 63 68 5f 6c 72 63 6b 00 69 32 73  2s2_2ch_lrck.i2s
00016ca0: 32 5f 32 63 68 5f 73 64 69 00 69 32 73 32 5f 32  2_2ch_sdi.i2s2_2
00016cb0: 63 68 5f 73 64 6f 00 73 64 6d 6d 63 5f 63 6c 6b  ch_sdo.sdmmc_clk
00016cc0: 00 73 64 6d 6d 63 5f 63 6d 64 00 73 64 6d 6d 63  .sdmmc_cmd.sdmmc
00016cd0: 5f 64 65 74 00 73 64 6d 6d 63 5f 62 75 73 31 00  _det.sdmmc_bus1.
00016ce0: 73 64 6d 6d 63 5f 62 75 73 34 00 73 64 6d 6d 63  sdmmc_bus4.sdmmc
00016cf0: 5f 67 70 69 6f 00 73 64 69 6f 5f 63 6c 6b 00 73  _gpio.sdio_clk.s
00016d00: 64 69 6f 5f 63 6d 64 00 73 64 69 6f 5f 62 75 73  dio_cmd.sdio_bus
00016d10: 34 00 73 64 69 6f 5f 67 70 69 6f 00 65 6d 6d 63  4.sdio_gpio.emmc
00016d20: 5f 63 6c 6b 00 65 6d 6d 63 5f 63 6d 64 00 65 6d  _clk.emmc_cmd.em
00016d30: 6d 63 5f 70 77 72 65 6e 00 65 6d 6d 63 5f 72 73  mc_pwren.emmc_rs
00016d40: 74 6e 6f 75 74 00 65 6d 6d 63 5f 62 75 73 31 00  tnout.emmc_bus1.
00016d50: 65 6d 6d 63 5f 62 75 73 34 00 65 6d 6d 63 5f 62  emmc_bus4.emmc_b
00016d60: 75 73 38 00 66 6c 61 73 68 5f 63 73 30 00 66 6c  us8.flash_cs0.fl
00016d70: 61 73 68 5f 72 64 79 00 66 6c 61 73 68 5f 64 71  ash_rdy.flash_dq
00016d80: 73 00 66 6c 61 73 68 5f 61 6c 65 00 66 6c 61 73  s.flash_ale.flas
00016d90: 68 5f 63 6c 65 00 66 6c 61 73 68 5f 77 72 6e 00  h_cle.flash_wrn.
00016da0: 66 6c 61 73 68 5f 63 73 6c 00 66 6c 61 73 68 5f  flash_csl.flash_
00016db0: 72 64 6e 00 66 6c 61 73 68 5f 62 75 73 38 00 6c  rdn.flash_bus8.l
00016dc0: 63 64 63 5f 6d 30 5f 72 67 62 5f 70 69 6e 73 00  cdc_m0_rgb_pins.
00016dd0: 6c 63 64 63 5f 6d 30 5f 73 6c 65 65 70 5f 70 69  lcdc_m0_sleep_pi
00016de0: 6e 73 00 6c 63 64 63 5f 6d 31 5f 72 67 62 5f 70  ns.lcdc_m1_rgb_p
00016df0: 69 6e 73 00 6c 63 64 63 5f 6d 31 5f 73 6c 65 65  ins.lcdc_m1_slee
00016e00: 70 5f 70 69 6e 73 00 70 77 6d 30 5f 70 69 6e 00  p_pins.pwm0_pin.
00016e10: 70 77 6d 31 5f 70 69 6e 00 70 77 6d 32 5f 70 69  pwm1_pin.pwm2_pi
00016e20: 6e 00 70 77 6d 33 5f 70 69 6e 00 70 77 6d 34 5f  n.pwm3_pin.pwm4_
00016e30: 70 69 6e 00 70 77 6d 35 5f 70 69 6e 00 70 77 6d  pin.pwm5_pin.pwm
00016e40: 36 5f 70 69 6e 00 70 77 6d 37 5f 70 69 6e 00 72  6_pin.pwm7_pin.r
00016e50: 6d 69 69 5f 70 69 6e 73 00 6d 61 63 5f 72 65 66  mii_pins.mac_ref
00016e60: 63 6c 6b 5f 31 32 6d 61 00 6d 61 63 5f 72 65 66  clk_12ma.mac_ref
00016e70: 63 6c 6b 00 63 69 66 5f 63 6c 6b 6f 75 74 5f 6d  clk.cif_clkout_m
00016e80: 30 00 64 76 70 5f 64 32 64 39 5f 6d 30 00 64 76  0.dvp_d2d9_m0.dv
00016e90: 70 5f 64 30 64 31 5f 6d 30 00 64 76 70 5f 64 31  p_d0d1_m0.dvp_d1
00016ea0: 30 64 31 31 5f 6d 30 00 63 69 66 5f 63 6c 6b 6f  0d11_m0.cif_clko
00016eb0: 75 74 5f 6d 31 00 64 76 70 5f 64 32 64 39 5f 6d  ut_m1.dvp_d2d9_m
00016ec0: 31 00 64 76 70 5f 64 30 64 31 5f 6d 31 00 64 76  1.dvp_d0d1_m1.dv
00016ed0: 70 5f 64 31 30 64 31 31 5f 6d 31 00 69 73 70 5f  p_d10d11_m1.isp_
00016ee0: 70 72 65 6c 69 67 68 74 00 70 6d 69 63 5f 69 6e  prelight.pmic_in
00016ef0: 74 00 73 6f 63 5f 73 6c 70 70 69 6e 5f 67 70 69  t.soc_slppin_gpi
00016f00: 6f 00 73 6f 63 5f 73 6c 70 70 69 6e 5f 73 6c 70  o.soc_slppin_slp
00016f10: 00 73 6f 63 5f 73 6c 70 70 69 6e 5f 72 73 74 00  .soc_slppin_rst.
00016f20: 62 74 6e 5f 70 69 6e 73 00 68 70 5f 64 65 74 00  btn_pins.hp_det.
00016f30: 64 72 6d 5f 6c 6f 67 6f 00 72 61 6d 6f 6f 70 73  drm_logo.ramoops
00016f40: 5f 6d 65 6d 00 76 6f 6c 5f 6b 65 79 73 00 6a 6f  _mem.vol_keys.jo
00016f50: 79 70 61 64 00 6c 65 64 73 00 76 63 63 73 79 73  ypad.leds.vccsys
00016f60: 00 76 62 75 73 5f 68 6f 73 74 00                 .vbus_host.
